ISO-10303-21;
HEADER;
/* Generated by software containing ST-Developer
 * from STEP Tools, Inc. (www.steptools.com) 
 */

FILE_DESCRIPTION(
/* description */ (''),
/* implementation_level */ '2;1');

FILE_NAME(
/* name */ 'combined.step',
/* time_stamp */ '2026-08-24T01:55:13-06:00',
/* author */ (''),
/* organization */ (''),
/* preprocessor_version */ 'ST-DEVELOPER v20.1',
/* originating_system */ 'Autodesk Translation Framework v15.8.0.0',
/* authorisation */ '');

FILE_SCHEMA (('AUTOMOTIVE_DESIGN { 1 0 10303 214 3 1 1 }'));
ENDSEC;

DATA;
#10=MECHANICAL_DESIGN_GEOMETRIC_PRESENTATION_REPRESENTATION('',(#13),#6302);
#11=SHAPE_REPRESENTATION_RELATIONSHIP('SRR','None',#6309,#12);
#12=ADVANCED_BREP_SHAPE_REPRESENTATION('',(#14),#6301);
#13=STYLED_ITEM('',(#6318),#14);
#14=MANIFOLD_SOLID_BREP('combined',#3726);
#15=FACE_BOUND('',#496,.T.);
#16=FACE_BOUND('',#497,.T.);
#17=FACE_BOUND('',#498,.T.);
#18=FACE_BOUND('',#499,.T.);
#19=FACE_BOUND('',#500,.T.);
#20=FACE_BOUND('',#501,.T.);
#21=FACE_BOUND('',#502,.T.);
#22=FACE_BOUND('',#503,.T.);
#23=FACE_BOUND('',#504,.T.);
#24=FACE_BOUND('',#505,.T.);
#25=FACE_BOUND('',#506,.T.);
#26=FACE_BOUND('',#507,.T.);
#27=FACE_BOUND('',#508,.T.);
#28=FACE_BOUND('',#509,.T.);
#29=FACE_BOUND('',#510,.T.);
#30=FACE_BOUND('',#511,.T.);
#31=FACE_BOUND('',#512,.T.);
#32=FACE_BOUND('',#513,.T.);
#33=FACE_BOUND('',#514,.T.);
#34=FACE_BOUND('',#515,.T.);
#35=FACE_BOUND('',#516,.T.);
#36=FACE_BOUND('',#517,.T.);
#37=FACE_BOUND('',#518,.T.);
#38=FACE_BOUND('',#519,.T.);
#39=FACE_BOUND('',#520,.T.);
#40=FACE_BOUND('',#521,.T.);
#41=FACE_BOUND('',#522,.T.);
#42=FACE_BOUND('',#523,.T.);
#43=FACE_BOUND('',#524,.T.);
#44=FACE_BOUND('',#525,.T.);
#45=FACE_BOUND('',#526,.T.);
#46=FACE_BOUND('',#527,.T.);
#47=FACE_BOUND('',#528,.T.);
#48=FACE_BOUND('',#529,.T.);
#49=FACE_BOUND('',#530,.T.);
#50=FACE_BOUND('',#531,.T.);
#51=FACE_BOUND('',#532,.T.);
#52=FACE_BOUND('',#533,.T.);
#53=FACE_BOUND('',#535,.T.);
#54=FACE_BOUND('',#536,.T.);
#55=FACE_BOUND('',#537,.T.);
#56=FACE_BOUND('',#538,.T.);
#57=FACE_BOUND('',#539,.T.);
#58=FACE_BOUND('',#540,.T.);
#59=FACE_BOUND('',#541,.T.);
#60=FACE_BOUND('',#542,.T.);
#61=FACE_BOUND('',#543,.T.);
#62=FACE_BOUND('',#544,.T.);
#63=FACE_BOUND('',#545,.T.);
#64=FACE_BOUND('',#546,.T.);
#65=FACE_BOUND('',#547,.T.);
#66=FACE_BOUND('',#548,.T.);
#67=FACE_BOUND('',#549,.T.);
#68=FACE_BOUND('',#550,.T.);
#69=FACE_BOUND('',#551,.T.);
#70=FACE_BOUND('',#552,.T.);
#71=FACE_BOUND('',#553,.T.);
#72=FACE_BOUND('',#554,.T.);
#73=FACE_BOUND('',#555,.T.);
#74=FACE_BOUND('',#556,.T.);
#75=FACE_BOUND('',#557,.T.);
#76=FACE_BOUND('',#558,.T.);
#77=FACE_BOUND('',#559,.T.);
#78=FACE_BOUND('',#560,.T.);
#79=FACE_BOUND('',#561,.T.);
#80=FACE_BOUND('',#562,.T.);
#81=FACE_BOUND('',#563,.T.);
#82=FACE_BOUND('',#564,.T.);
#83=FACE_BOUND('',#565,.T.);
#84=FACE_BOUND('',#566,.T.);
#85=FACE_BOUND('',#567,.T.);
#86=FACE_BOUND('',#568,.T.);
#87=FACE_BOUND('',#569,.T.);
#88=FACE_BOUND('',#570,.T.);
#89=FACE_BOUND('',#571,.T.);
#90=FACE_BOUND('',#572,.T.);
#91=B_SPLINE_CURVE_WITH_KNOTS('',5,(#5703,#5704,#5705,#5706,#5707,#5708),
 .UNSPECIFIED.,.F.,.F.,(6,6),(12.362896009378,12.3781154758219),
 .UNSPECIFIED.);
#92=B_SPLINE_CURVE_WITH_KNOTS('',5,(#5712,#5713,#5714,#5715,#5716,#5717),
 .UNSPECIFIED.,.F.,.F.,(6,6),(-12.3781154758219,-12.3628960093781),
 .UNSPECIFIED.);
#93=B_SPLINE_CURVE_WITH_KNOTS('',5,(#5758,#5759,#5760,#5761,#5762,#5763,
#5764,#5765,#5766,#5767),.UNSPECIFIED.,.F.,.F.,(6,4,6),(-3.77089770196239,
-3.75886430390305,-3.26606032481074),.UNSPECIFIED.);
#94=B_SPLINE_CURVE_WITH_KNOTS('',5,(#5769,#5770,#5771,#5772,#5773,#5774,
#5775,#5776,#5777,#5778),.UNSPECIFIED.,.F.,.F.,(6,4,6),(3.26606032481074,
3.75886430390305,3.77089770196239),.UNSPECIFIED.);
#95=B_SPLINE_CURVE_WITH_KNOTS('',5,(#5873,#5874,#5875,#5876,#5877,#5878,
#5879,#5880,#5881,#5882,#5883,#5884,#5885,#5886,#5887,#5888,#5889,#5890,
#5891,#5892,#5893,#5894,#5895,#5896,#5897,#5898,#5899,#5900,#5901,#5902,
#5903,#5904,#5905,#5906,#5907,#5908,#5909,#5910,#5911,#5912,#5913,#5914,
#5915,#5916,#5917,#5918),.UNSPECIFIED.,.F.,.F.,(6,4,4,4,4,4,4,4,4,4,4,6),
(0.,0.000164612368569529,0.00235944396812371,0.0111387714194358,0.0286974317032734,
0.114980484855915,0.230024177793118,0.460278163314326,0.920911517322498,
1.76538076978075,2.04647365909383,2.12626189893991),.UNSPECIFIED.);
#96=B_SPLINE_CURVE_WITH_KNOTS('',5,(#5920,#5921,#5922,#5923,#5924,#5925,
#5926,#5927,#5928,#5929,#5930,#5931,#5932,#5933,#5934,#5935,#5936,#5937,
#5938,#5939,#5940,#5941,#5942,#5943,#5944,#5945,#5946,#5947,#5948,#5949,
#5950,#5951,#5952,#5953,#5954,#5955,#5956,#5957,#5958,#5959,#5960,#5961,
#5962,#5963,#5964,#5965),.UNSPECIFIED.,.F.,.F.,(6,4,4,4,4,4,4,4,4,4,4,6),
(0.,0.000164612368569529,0.00235944396812371,0.0111387714194358,0.0286974317032734,
0.114980484855915,0.230024177793118,0.460278163314326,0.920911517322498,
1.76538076978075,2.04647365909383,2.12626189893991),.UNSPECIFIED.);
#97=B_SPLINE_CURVE_WITH_KNOTS('',5,(#6106,#6107,#6108,#6109,#6110,#6111,
#6112,#6113,#6114,#6115,#6116,#6117,#6118,#6119,#6120,#6121,#6122,#6123,
#6124,#6125,#6126,#6127,#6128,#6129,#6130,#6131,#6132,#6133,#6134,#6135,
#6136,#6137,#6138,#6139,#6140,#6141,#6142,#6143,#6144,#6145,#6146,#6147,
#6148,#6149,#6150,#6151,#6152,#6153,#6154,#6155,#6156,#6157,#6158,#6159),
 .UNSPECIFIED.,.F.,.F.,(6,3,3,3,3,3,3,3,3,3,3,3,3,3,3,3,3,6),(0.,0.466425787452238,
0.915656597419704,1.35106480180346,1.77539276496861,2.19095061637583,2.68421811899174,
3.17818257297667,3.43614613825825,3.44493776505575,3.45332269744451,3.46442899532585,
3.47538569959464,3.48626402648347,3.49714204742773,3.50811130568852,3.51927978824502,
3.54274695061862),.UNSPECIFIED.);
#98=B_SPLINE_CURVE_WITH_KNOTS('',5,(#6161,#6162,#6163,#6164,#6165,#6166,
#6167,#6168,#6169,#6170,#6171,#6172,#6173,#6174,#6175,#6176,#6177,#6178,
#6179,#6180,#6181,#6182,#6183,#6184,#6185,#6186,#6187,#6188,#6189,#6190,
#6191,#6192,#6193,#6194,#6195,#6196,#6197,#6198,#6199,#6200,#6201,#6202,
#6203,#6204,#6205,#6206,#6207,#6208,#6209,#6210,#6211,#6212,#6213,#6214),
 .UNSPECIFIED.,.F.,.F.,(6,3,3,3,3,3,3,3,3,3,3,3,3,3,3,3,3,6),(-3.54274695061862,
-3.51927978824502,-3.50811130568852,-3.49714204742773,-3.48626402648347,
-3.47538569959464,-3.46442899532585,-3.45332269744451,-3.44493776505575,
-3.43614613825825,-3.17818257297667,-2.68421811899174,-2.19095061637583,
-1.77539276496861,-1.35106480180346,-0.915656597419704,-0.466425787452238,
0.),.UNSPECIFIED.);
#99=B_SPLINE_SURFACE_WITH_KNOTS('',5,1,((#5689,#5690),(#5691,#5692),(#5693,
#5694),(#5695,#5696),(#5697,#5698),(#5699,#5700)),.UNSPECIFIED.,.F.,.F.,
 .F.,(6,6),(2,2),(-12.3781154758219,-12.3628960093781),(0.,0.15),
 .UNSPECIFIED.);
#100=B_SPLINE_SURFACE_WITH_KNOTS('',5,1,((#5737,#5738),(#5739,#5740),(#5741,
#5742),(#5743,#5744),(#5745,#5746),(#5747,#5748),(#5749,#5750),(#5751,#5752),
(#5753,#5754),(#5755,#5756)),.UNSPECIFIED.,.F.,.F.,.F.,(6,4,6),(2,2),(3.26606032481074,
3.75886430390305,3.77089770196239),(0.,0.15),.UNSPECIFIED.);
#101=B_SPLINE_SURFACE_WITH_KNOTS('',5,1,((#5780,#5781),(#5782,#5783),(#5784,
#5785),(#5786,#5787),(#5788,#5789),(#5790,#5791),(#5792,#5793),(#5794,#5795),
(#5796,#5797),(#5798,#5799),(#5800,#5801),(#5802,#5803),(#5804,#5805),(#5806,
#5807),(#5808,#5809),(#5810,#5811),(#5812,#5813),(#5814,#5815),(#5816,#5817),
(#5818,#5819),(#5820,#5821),(#5822,#5823),(#5824,#5825),(#5826,#5827),(#5828,
#5829),(#5830,#5831),(#5832,#5833),(#5834,#5835),(#5836,#5837),(#5838,#5839),
(#5840,#5841),(#5842,#5843),(#5844,#5845),(#5846,#5847),(#5848,#5849),(#5850,
#5851),(#5852,#5853),(#5854,#5855),(#5856,#5857),(#5858,#5859),(#5860,#5861),
(#5862,#5863),(#5864,#5865),(#5866,#5867),(#5868,#5869),(#5870,#5871)),
 .UNSPECIFIED.,.F.,.F.,.F.,(6,4,4,4,4,4,4,4,4,4,4,6),(2,2),(0.,0.000164612368569529,
0.00235944396812371,0.0111387714194358,0.0286974317032734,0.114980484855915,
0.230024177793118,0.460278163314326,0.920911517322498,1.76538076978075,
2.04647365909383,2.12626189893991),(0.,0.15),.UNSPECIFIED.);
#102=B_SPLINE_SURFACE_WITH_KNOTS('',5,1,((#5997,#5998),(#5999,#6000),(#6001,
#6002),(#6003,#6004),(#6005,#6006),(#6007,#6008),(#6009,#6010),(#6011,#6012),
(#6013,#6014),(#6015,#6016),(#6017,#6018),(#6019,#6020),(#6021,#6022),(#6023,
#6024),(#6025,#6026),(#6027,#6028),(#6029,#6030),(#6031,#6032),(#6033,#6034),
(#6035,#6036),(#6037,#6038),(#6039,#6040),(#6041,#6042),(#6043,#6044),(#6045,
#6046),(#6047,#6048),(#6049,#6050),(#6051,#6052),(#6053,#6054),(#6055,#6056),
(#6057,#6058),(#6059,#6060),(#6061,#6062),(#6063,#6064),(#6065,#6066),(#6067,
#6068),(#6069,#6070),(#6071,#6072),(#6073,#6074),(#6075,#6076),(#6077,#6078),
(#6079,#6080),(#6081,#6082),(#6083,#6084),(#6085,#6086),(#6087,#6088),(#6089,
#6090),(#6091,#6092),(#6093,#6094),(#6095,#6096),(#6097,#6098),(#6099,#6100),
(#6101,#6102),(#6103,#6104)),.UNSPECIFIED.,.F.,.F.,.F.,(6,3,3,3,3,3,3,3,
3,3,3,3,3,3,3,3,3,6),(2,2),(-3.54274695061862,-3.51927978824502,-3.50811130568852,
-3.49714204742773,-3.48626402648347,-3.47538569959464,-3.46442899532585,
-3.45332269744451,-3.44493776505575,-3.43614613825825,-3.17818257297667,
-2.68421811899174,-2.19095061637583,-1.77539276496861,-1.35106480180346,
-0.915656597419704,-0.466425787452238,0.),(0.,0.15),.UNSPECIFIED.);
#103=CIRCLE('',#3789,1.10000052814186);
#104=CIRCLE('',#3790,1.10000052814186);
#105=CIRCLE('',#3808,1.10000060122811);
#106=CIRCLE('',#3809,1.10000060122811);
#107=CIRCLE('',#3823,1.09999962438072);
#108=CIRCLE('',#3824,1.09999962438072);
#109=CIRCLE('',#3826,1.1000011907438);
#110=CIRCLE('',#3827,1.1000011907438);
#111=CIRCLE('',#3829,1.09999968753211);
#112=CIRCLE('',#3830,1.09999968753211);
#113=CIRCLE('',#3896,0.738067136091076);
#114=CIRCLE('',#3897,0.738067136091076);
#115=CIRCLE('',#3900,15.5394879294143);
#116=CIRCLE('',#3901,15.5394879294143);
#117=CIRCLE('',#3903,0.874970580654834);
#118=CIRCLE('',#3904,0.874970580654834);
#119=CIRCLE('',#3907,0.874998477681032);
#120=CIRCLE('',#3908,0.874998477681032);
#121=CIRCLE('',#3910,104.684233768798);
#122=CIRCLE('',#3911,104.684233768798);
#123=CIRCLE('',#3913,82.7144889475228);
#124=CIRCLE('',#3914,82.7144889475228);
#125=CIRCLE('',#3917,10.0000000000002);
#126=CIRCLE('',#3918,10.0000000000002);
#127=CIRCLE('',#3922,2.);
#128=CIRCLE('',#3923,2.);
#129=CIRCLE('',#3927,2.);
#130=CIRCLE('',#3928,2.);
#131=CIRCLE('',#3932,2.00000000002177);
#132=CIRCLE('',#3933,2.00000000002177);
#133=CIRCLE('',#3936,2.);
#134=CIRCLE('',#3937,2.);
#135=CYLINDRICAL_SURFACE('',#3788,1.10000052814186);
#136=CYLINDRICAL_SURFACE('',#3807,1.10000060122811);
#137=CYLINDRICAL_SURFACE('',#3822,1.09999962438072);
#138=CYLINDRICAL_SURFACE('',#3825,1.1000011907438);
#139=CYLINDRICAL_SURFACE('',#3828,1.09999968753211);
#140=CYLINDRICAL_SURFACE('',#3895,0.738067136091076);
#141=CYLINDRICAL_SURFACE('',#3899,15.5394879294143);
#142=CYLINDRICAL_SURFACE('',#3902,0.874970580654834);
#143=CYLINDRICAL_SURFACE('',#3906,0.874998477681032);
#144=CYLINDRICAL_SURFACE('',#3909,104.684233768798);
#145=CYLINDRICAL_SURFACE('',#3912,82.7144889475228);
#146=CYLINDRICAL_SURFACE('',#3916,10.0000000000002);
#147=CYLINDRICAL_SURFACE('',#3921,2.);
#148=CYLINDRICAL_SURFACE('',#3926,2.);
#149=CYLINDRICAL_SURFACE('',#3931,2.00000000002177);
#150=CYLINDRICAL_SURFACE('',#3935,2.);
#151=FACE_OUTER_BOUND('',#324,.T.);
#152=FACE_OUTER_BOUND('',#325,.T.);
#153=FACE_OUTER_BOUND('',#326,.T.);
#154=FACE_OUTER_BOUND('',#327,.T.);
#155=FACE_OUTER_BOUND('',#328,.T.);
#156=FACE_OUTER_BOUND('',#329,.T.);
#157=FACE_OUTER_BOUND('',#330,.T.);
#158=FACE_OUTER_BOUND('',#331,.T.);
#159=FACE_OUTER_BOUND('',#332,.T.);
#160=FACE_OUTER_BOUND('',#333,.T.);
#161=FACE_OUTER_BOUND('',#334,.T.);
#162=FACE_OUTER_BOUND('',#335,.T.);
#163=FACE_OUTER_BOUND('',#336,.T.);
#164=FACE_OUTER_BOUND('',#337,.T.);
#165=FACE_OUTER_BOUND('',#338,.T.);
#166=FACE_OUTER_BOUND('',#339,.T.);
#167=FACE_OUTER_BOUND('',#340,.T.);
#168=FACE_OUTER_BOUND('',#341,.T.);
#169=FACE_OUTER_BOUND('',#342,.T.);
#170=FACE_OUTER_BOUND('',#343,.T.);
#171=FACE_OUTER_BOUND('',#344,.T.);
#172=FACE_OUTER_BOUND('',#345,.T.);
#173=FACE_OUTER_BOUND('',#346,.T.);
#174=FACE_OUTER_BOUND('',#347,.T.);
#175=FACE_OUTER_BOUND('',#348,.T.);
#176=FACE_OUTER_BOUND('',#349,.T.);
#177=FACE_OUTER_BOUND('',#350,.T.);
#178=FACE_OUTER_BOUND('',#351,.T.);
#179=FACE_OUTER_BOUND('',#352,.T.);
#180=FACE_OUTER_BOUND('',#353,.T.);
#181=FACE_OUTER_BOUND('',#354,.T.);
#182=FACE_OUTER_BOUND('',#355,.T.);
#183=FACE_OUTER_BOUND('',#356,.T.);
#184=FACE_OUTER_BOUND('',#357,.T.);
#185=FACE_OUTER_BOUND('',#358,.T.);
#186=FACE_OUTER_BOUND('',#359,.T.);
#187=FACE_OUTER_BOUND('',#360,.T.);
#188=FACE_OUTER_BOUND('',#361,.T.);
#189=FACE_OUTER_BOUND('',#362,.T.);
#190=FACE_OUTER_BOUND('',#363,.T.);
#191=FACE_OUTER_BOUND('',#364,.T.);
#192=FACE_OUTER_BOUND('',#365,.T.);
#193=FACE_OUTER_BOUND('',#366,.T.);
#194=FACE_OUTER_BOUND('',#367,.T.);
#195=FACE_OUTER_BOUND('',#368,.T.);
#196=FACE_OUTER_BOUND('',#369,.T.);
#197=FACE_OUTER_BOUND('',#370,.T.);
#198=FACE_OUTER_BOUND('',#371,.T.);
#199=FACE_OUTER_BOUND('',#372,.T.);
#200=FACE_OUTER_BOUND('',#373,.T.);
#201=FACE_OUTER_BOUND('',#374,.T.);
#202=FACE_OUTER_BOUND('',#375,.T.);
#203=FACE_OUTER_BOUND('',#376,.T.);
#204=FACE_OUTER_BOUND('',#377,.T.);
#205=FACE_OUTER_BOUND('',#378,.T.);
#206=FACE_OUTER_BOUND('',#379,.T.);
#207=FACE_OUTER_BOUND('',#380,.T.);
#208=FACE_OUTER_BOUND('',#381,.T.);
#209=FACE_OUTER_BOUND('',#382,.T.);
#210=FACE_OUTER_BOUND('',#383,.T.);
#211=FACE_OUTER_BOUND('',#384,.T.);
#212=FACE_OUTER_BOUND('',#385,.T.);
#213=FACE_OUTER_BOUND('',#386,.T.);
#214=FACE_OUTER_BOUND('',#387,.T.);
#215=FACE_OUTER_BOUND('',#388,.T.);
#216=FACE_OUTER_BOUND('',#389,.T.);
#217=FACE_OUTER_BOUND('',#390,.T.);
#218=FACE_OUTER_BOUND('',#391,.T.);
#219=FACE_OUTER_BOUND('',#392,.T.);
#220=FACE_OUTER_BOUND('',#393,.T.);
#221=FACE_OUTER_BOUND('',#394,.T.);
#222=FACE_OUTER_BOUND('',#395,.T.);
#223=FACE_OUTER_BOUND('',#396,.T.);
#224=FACE_OUTER_BOUND('',#397,.T.);
#225=FACE_OUTER_BOUND('',#398,.T.);
#226=FACE_OUTER_BOUND('',#399,.T.);
#227=FACE_OUTER_BOUND('',#400,.T.);
#228=FACE_OUTER_BOUND('',#401,.T.);
#229=FACE_OUTER_BOUND('',#402,.T.);
#230=FACE_OUTER_BOUND('',#403,.T.);
#231=FACE_OUTER_BOUND('',#404,.T.);
#232=FACE_OUTER_BOUND('',#405,.T.);
#233=FACE_OUTER_BOUND('',#406,.T.);
#234=FACE_OUTER_BOUND('',#407,.T.);
#235=FACE_OUTER_BOUND('',#408,.T.);
#236=FACE_OUTER_BOUND('',#409,.T.);
#237=FACE_OUTER_BOUND('',#410,.T.);
#238=FACE_OUTER_BOUND('',#411,.T.);
#239=FACE_OUTER_BOUND('',#412,.T.);
#240=FACE_OUTER_BOUND('',#413,.T.);
#241=FACE_OUTER_BOUND('',#414,.T.);
#242=FACE_OUTER_BOUND('',#415,.T.);
#243=FACE_OUTER_BOUND('',#416,.T.);
#244=FACE_OUTER_BOUND('',#417,.T.);
#245=FACE_OUTER_BOUND('',#418,.T.);
#246=FACE_OUTER_BOUND('',#419,.T.);
#247=FACE_OUTER_BOUND('',#420,.T.);
#248=FACE_OUTER_BOUND('',#421,.T.);
#249=FACE_OUTER_BOUND('',#422,.T.);
#250=FACE_OUTER_BOUND('',#423,.T.);
#251=FACE_OUTER_BOUND('',#424,.T.);
#252=FACE_OUTER_BOUND('',#425,.T.);
#253=FACE_OUTER_BOUND('',#426,.T.);
#254=FACE_OUTER_BOUND('',#427,.T.);
#255=FACE_OUTER_BOUND('',#428,.T.);
#256=FACE_OUTER_BOUND('',#429,.T.);
#257=FACE_OUTER_BOUND('',#430,.T.);
#258=FACE_OUTER_BOUND('',#431,.T.);
#259=FACE_OUTER_BOUND('',#432,.T.);
#260=FACE_OUTER_BOUND('',#433,.T.);
#261=FACE_OUTER_BOUND('',#434,.T.);
#262=FACE_OUTER_BOUND('',#435,.T.);
#263=FACE_OUTER_BOUND('',#436,.T.);
#264=FACE_OUTER_BOUND('',#437,.T.);
#265=FACE_OUTER_BOUND('',#438,.T.);
#266=FACE_OUTER_BOUND('',#439,.T.);
#267=FACE_OUTER_BOUND('',#440,.T.);
#268=FACE_OUTER_BOUND('',#441,.T.);
#269=FACE_OUTER_BOUND('',#442,.T.);
#270=FACE_OUTER_BOUND('',#443,.T.);
#271=FACE_OUTER_BOUND('',#444,.T.);
#272=FACE_OUTER_BOUND('',#445,.T.);
#273=FACE_OUTER_BOUND('',#446,.T.);
#274=FACE_OUTER_BOUND('',#447,.T.);
#275=FACE_OUTER_BOUND('',#448,.T.);
#276=FACE_OUTER_BOUND('',#449,.T.);
#277=FACE_OUTER_BOUND('',#450,.T.);
#278=FACE_OUTER_BOUND('',#451,.T.);
#279=FACE_OUTER_BOUND('',#452,.T.);
#280=FACE_OUTER_BOUND('',#453,.T.);
#281=FACE_OUTER_BOUND('',#454,.T.);
#282=FACE_OUTER_BOUND('',#455,.T.);
#283=FACE_OUTER_BOUND('',#456,.T.);
#284=FACE_OUTER_BOUND('',#457,.T.);
#285=FACE_OUTER_BOUND('',#458,.T.);
#286=FACE_OUTER_BOUND('',#459,.T.);
#287=FACE_OUTER_BOUND('',#460,.T.);
#288=FACE_OUTER_BOUND('',#461,.T.);
#289=FACE_OUTER_BOUND('',#462,.T.);
#290=FACE_OUTER_BOUND('',#463,.T.);
#291=FACE_OUTER_BOUND('',#464,.T.);
#292=FACE_OUTER_BOUND('',#465,.T.);
#293=FACE_OUTER_BOUND('',#466,.T.);
#294=FACE_OUTER_BOUND('',#467,.T.);
#295=FACE_OUTER_BOUND('',#468,.T.);
#296=FACE_OUTER_BOUND('',#469,.T.);
#297=FACE_OUTER_BOUND('',#470,.T.);
#298=FACE_OUTER_BOUND('',#471,.T.);
#299=FACE_OUTER_BOUND('',#472,.T.);
#300=FACE_OUTER_BOUND('',#473,.T.);
#301=FACE_OUTER_BOUND('',#474,.T.);
#302=FACE_OUTER_BOUND('',#475,.T.);
#303=FACE_OUTER_BOUND('',#476,.T.);
#304=FACE_OUTER_BOUND('',#477,.T.);
#305=FACE_OUTER_BOUND('',#478,.T.);
#306=FACE_OUTER_BOUND('',#479,.T.);
#307=FACE_OUTER_BOUND('',#480,.T.);
#308=FACE_OUTER_BOUND('',#481,.T.);
#309=FACE_OUTER_BOUND('',#482,.T.);
#310=FACE_OUTER_BOUND('',#483,.T.);
#311=FACE_OUTER_BOUND('',#484,.T.);
#312=FACE_OUTER_BOUND('',#485,.T.);
#313=FACE_OUTER_BOUND('',#486,.T.);
#314=FACE_OUTER_BOUND('',#487,.T.);
#315=FACE_OUTER_BOUND('',#488,.T.);
#316=FACE_OUTER_BOUND('',#489,.T.);
#317=FACE_OUTER_BOUND('',#490,.T.);
#318=FACE_OUTER_BOUND('',#491,.T.);
#319=FACE_OUTER_BOUND('',#492,.T.);
#320=FACE_OUTER_BOUND('',#493,.T.);
#321=FACE_OUTER_BOUND('',#494,.T.);
#322=FACE_OUTER_BOUND('',#495,.T.);
#323=FACE_OUTER_BOUND('',#534,.T.);
#324=EDGE_LOOP('',(#2374,#2375,#2376,#2377));
#325=EDGE_LOOP('',(#2378,#2379,#2380,#2381));
#326=EDGE_LOOP('',(#2382,#2383,#2384,#2385));
#327=EDGE_LOOP('',(#2386,#2387,#2388,#2389));
#328=EDGE_LOOP('',(#2390,#2391,#2392,#2393));
#329=EDGE_LOOP('',(#2394,#2395,#2396,#2397));
#330=EDGE_LOOP('',(#2398,#2399,#2400,#2401));
#331=EDGE_LOOP('',(#2402,#2403,#2404,#2405));
#332=EDGE_LOOP('',(#2406,#2407,#2408,#2409));
#333=EDGE_LOOP('',(#2410,#2411,#2412,#2413));
#334=EDGE_LOOP('',(#2414,#2415,#2416,#2417));
#335=EDGE_LOOP('',(#2418,#2419,#2420,#2421));
#336=EDGE_LOOP('',(#2422,#2423,#2424,#2425));
#337=EDGE_LOOP('',(#2426,#2427,#2428,#2429));
#338=EDGE_LOOP('',(#2430,#2431,#2432,#2433));
#339=EDGE_LOOP('',(#2434,#2435,#2436,#2437));
#340=EDGE_LOOP('',(#2438,#2439,#2440,#2441));
#341=EDGE_LOOP('',(#2442,#2443,#2444,#2445));
#342=EDGE_LOOP('',(#2446,#2447,#2448,#2449));
#343=EDGE_LOOP('',(#2450,#2451,#2452,#2453));
#344=EDGE_LOOP('',(#2454,#2455,#2456,#2457));
#345=EDGE_LOOP('',(#2458,#2459,#2460,#2461));
#346=EDGE_LOOP('',(#2462,#2463,#2464,#2465));
#347=EDGE_LOOP('',(#2466,#2467,#2468,#2469));
#348=EDGE_LOOP('',(#2470,#2471,#2472,#2473));
#349=EDGE_LOOP('',(#2474,#2475,#2476,#2477));
#350=EDGE_LOOP('',(#2478,#2479,#2480,#2481));
#351=EDGE_LOOP('',(#2482,#2483,#2484,#2485));
#352=EDGE_LOOP('',(#2486,#2487,#2488,#2489));
#353=EDGE_LOOP('',(#2490,#2491,#2492,#2493));
#354=EDGE_LOOP('',(#2494,#2495,#2496,#2497));
#355=EDGE_LOOP('',(#2498,#2499,#2500,#2501));
#356=EDGE_LOOP('',(#2502,#2503,#2504,#2505));
#357=EDGE_LOOP('',(#2506,#2507,#2508,#2509));
#358=EDGE_LOOP('',(#2510,#2511,#2512,#2513));
#359=EDGE_LOOP('',(#2514,#2515,#2516,#2517));
#360=EDGE_LOOP('',(#2518,#2519,#2520,#2521));
#361=EDGE_LOOP('',(#2522,#2523,#2524,#2525));
#362=EDGE_LOOP('',(#2526,#2527,#2528,#2529));
#363=EDGE_LOOP('',(#2530,#2531,#2532,#2533));
#364=EDGE_LOOP('',(#2534,#2535,#2536,#2537));
#365=EDGE_LOOP('',(#2538,#2539,#2540,#2541));
#366=EDGE_LOOP('',(#2542,#2543,#2544,#2545));
#367=EDGE_LOOP('',(#2546,#2547,#2548,#2549));
#368=EDGE_LOOP('',(#2550,#2551,#2552,#2553));
#369=EDGE_LOOP('',(#2554,#2555,#2556,#2557));
#370=EDGE_LOOP('',(#2558,#2559,#2560,#2561));
#371=EDGE_LOOP('',(#2562,#2563,#2564,#2565));
#372=EDGE_LOOP('',(#2566,#2567,#2568,#2569));
#373=EDGE_LOOP('',(#2570,#2571,#2572,#2573));
#374=EDGE_LOOP('',(#2574,#2575,#2576,#2577));
#375=EDGE_LOOP('',(#2578,#2579,#2580,#2581));
#376=EDGE_LOOP('',(#2582,#2583,#2584,#2585));
#377=EDGE_LOOP('',(#2586,#2587,#2588,#2589));
#378=EDGE_LOOP('',(#2590,#2591,#2592,#2593));
#379=EDGE_LOOP('',(#2594,#2595,#2596,#2597));
#380=EDGE_LOOP('',(#2598,#2599,#2600,#2601));
#381=EDGE_LOOP('',(#2602,#2603,#2604,#2605));
#382=EDGE_LOOP('',(#2606,#2607,#2608,#2609));
#383=EDGE_LOOP('',(#2610,#2611,#2612,#2613));
#384=EDGE_LOOP('',(#2614,#2615,#2616,#2617));
#385=EDGE_LOOP('',(#2618,#2619,#2620,#2621));
#386=EDGE_LOOP('',(#2622,#2623,#2624,#2625));
#387=EDGE_LOOP('',(#2626,#2627,#2628,#2629));
#388=EDGE_LOOP('',(#2630,#2631,#2632,#2633));
#389=EDGE_LOOP('',(#2634,#2635,#2636,#2637));
#390=EDGE_LOOP('',(#2638,#2639,#2640,#2641));
#391=EDGE_LOOP('',(#2642,#2643,#2644,#2645));
#392=EDGE_LOOP('',(#2646,#2647,#2648,#2649));
#393=EDGE_LOOP('',(#2650,#2651,#2652,#2653));
#394=EDGE_LOOP('',(#2654,#2655,#2656,#2657));
#395=EDGE_LOOP('',(#2658,#2659,#2660,#2661));
#396=EDGE_LOOP('',(#2662,#2663,#2664,#2665));
#397=EDGE_LOOP('',(#2666,#2667,#2668,#2669));
#398=EDGE_LOOP('',(#2670,#2671,#2672,#2673));
#399=EDGE_LOOP('',(#2674,#2675,#2676,#2677));
#400=EDGE_LOOP('',(#2678,#2679,#2680,#2681));
#401=EDGE_LOOP('',(#2682,#2683,#2684,#2685));
#402=EDGE_LOOP('',(#2686,#2687,#2688,#2689));
#403=EDGE_LOOP('',(#2690,#2691,#2692,#2693));
#404=EDGE_LOOP('',(#2694,#2695,#2696,#2697));
#405=EDGE_LOOP('',(#2698,#2699,#2700,#2701));
#406=EDGE_LOOP('',(#2702,#2703,#2704,#2705));
#407=EDGE_LOOP('',(#2706,#2707,#2708,#2709));
#408=EDGE_LOOP('',(#2710,#2711,#2712,#2713));
#409=EDGE_LOOP('',(#2714,#2715,#2716,#2717));
#410=EDGE_LOOP('',(#2718,#2719,#2720,#2721));
#411=EDGE_LOOP('',(#2722,#2723,#2724,#2725));
#412=EDGE_LOOP('',(#2726,#2727,#2728,#2729));
#413=EDGE_LOOP('',(#2730,#2731,#2732,#2733));
#414=EDGE_LOOP('',(#2734,#2735,#2736,#2737));
#415=EDGE_LOOP('',(#2738,#2739,#2740,#2741));
#416=EDGE_LOOP('',(#2742,#2743,#2744,#2745));
#417=EDGE_LOOP('',(#2746,#2747,#2748,#2749));
#418=EDGE_LOOP('',(#2750,#2751,#2752,#2753));
#419=EDGE_LOOP('',(#2754,#2755,#2756,#2757));
#420=EDGE_LOOP('',(#2758,#2759,#2760,#2761));
#421=EDGE_LOOP('',(#2762,#2763,#2764,#2765));
#422=EDGE_LOOP('',(#2766,#2767,#2768,#2769));
#423=EDGE_LOOP('',(#2770,#2771,#2772,#2773));
#424=EDGE_LOOP('',(#2774,#2775,#2776,#2777));
#425=EDGE_LOOP('',(#2778,#2779,#2780,#2781));
#426=EDGE_LOOP('',(#2782,#2783,#2784,#2785));
#427=EDGE_LOOP('',(#2786,#2787,#2788,#2789));
#428=EDGE_LOOP('',(#2790,#2791,#2792,#2793));
#429=EDGE_LOOP('',(#2794,#2795,#2796,#2797));
#430=EDGE_LOOP('',(#2798,#2799,#2800,#2801));
#431=EDGE_LOOP('',(#2802,#2803,#2804,#2805));
#432=EDGE_LOOP('',(#2806,#2807,#2808,#2809));
#433=EDGE_LOOP('',(#2810,#2811,#2812,#2813));
#434=EDGE_LOOP('',(#2814,#2815,#2816,#2817));
#435=EDGE_LOOP('',(#2818,#2819,#2820,#2821));
#436=EDGE_LOOP('',(#2822,#2823,#2824,#2825));
#437=EDGE_LOOP('',(#2826,#2827,#2828,#2829));
#438=EDGE_LOOP('',(#2830,#2831,#2832,#2833));
#439=EDGE_LOOP('',(#2834,#2835,#2836,#2837));
#440=EDGE_LOOP('',(#2838,#2839,#2840,#2841));
#441=EDGE_LOOP('',(#2842,#2843,#2844,#2845));
#442=EDGE_LOOP('',(#2846,#2847,#2848,#2849));
#443=EDGE_LOOP('',(#2850,#2851,#2852,#2853));
#444=EDGE_LOOP('',(#2854,#2855,#2856,#2857));
#445=EDGE_LOOP('',(#2858,#2859,#2860,#2861));
#446=EDGE_LOOP('',(#2862,#2863,#2864,#2865));
#447=EDGE_LOOP('',(#2866,#2867,#2868,#2869));
#448=EDGE_LOOP('',(#2870,#2871,#2872,#2873));
#449=EDGE_LOOP('',(#2874,#2875,#2876,#2877));
#450=EDGE_LOOP('',(#2878,#2879,#2880,#2881));
#451=EDGE_LOOP('',(#2882,#2883,#2884,#2885));
#452=EDGE_LOOP('',(#2886,#2887,#2888,#2889));
#453=EDGE_LOOP('',(#2890,#2891,#2892,#2893));
#454=EDGE_LOOP('',(#2894,#2895,#2896,#2897));
#455=EDGE_LOOP('',(#2898,#2899,#2900,#2901));
#456=EDGE_LOOP('',(#2902,#2903,#2904,#2905));
#457=EDGE_LOOP('',(#2906,#2907,#2908,#2909));
#458=EDGE_LOOP('',(#2910,#2911,#2912,#2913));
#459=EDGE_LOOP('',(#2914,#2915,#2916,#2917));
#460=EDGE_LOOP('',(#2918,#2919,#2920,#2921));
#461=EDGE_LOOP('',(#2922,#2923,#2924,#2925));
#462=EDGE_LOOP('',(#2926,#2927,#2928,#2929));
#463=EDGE_LOOP('',(#2930,#2931,#2932,#2933));
#464=EDGE_LOOP('',(#2934,#2935,#2936,#2937));
#465=EDGE_LOOP('',(#2938,#2939,#2940,#2941));
#466=EDGE_LOOP('',(#2942,#2943,#2944,#2945));
#467=EDGE_LOOP('',(#2946,#2947,#2948,#2949));
#468=EDGE_LOOP('',(#2950,#2951,#2952,#2953));
#469=EDGE_LOOP('',(#2954,#2955,#2956,#2957));
#470=EDGE_LOOP('',(#2958,#2959,#2960,#2961));
#471=EDGE_LOOP('',(#2962,#2963,#2964,#2965));
#472=EDGE_LOOP('',(#2966,#2967,#2968,#2969));
#473=EDGE_LOOP('',(#2970,#2971,#2972,#2973));
#474=EDGE_LOOP('',(#2974,#2975,#2976,#2977));
#475=EDGE_LOOP('',(#2978,#2979,#2980,#2981));
#476=EDGE_LOOP('',(#2982,#2983,#2984,#2985));
#477=EDGE_LOOP('',(#2986,#2987,#2988,#2989));
#478=EDGE_LOOP('',(#2990,#2991,#2992,#2993));
#479=EDGE_LOOP('',(#2994,#2995,#2996,#2997));
#480=EDGE_LOOP('',(#2998,#2999,#3000,#3001));
#481=EDGE_LOOP('',(#3002,#3003,#3004,#3005));
#482=EDGE_LOOP('',(#3006,#3007,#3008,#3009));
#483=EDGE_LOOP('',(#3010,#3011,#3012,#3013));
#484=EDGE_LOOP('',(#3014,#3015,#3016,#3017));
#485=EDGE_LOOP('',(#3018,#3019,#3020,#3021));
#486=EDGE_LOOP('',(#3022,#3023,#3024,#3025));
#487=EDGE_LOOP('',(#3026,#3027,#3028,#3029));
#488=EDGE_LOOP('',(#3030,#3031,#3032,#3033));
#489=EDGE_LOOP('',(#3034,#3035,#3036,#3037));
#490=EDGE_LOOP('',(#3038,#3039,#3040,#3041));
#491=EDGE_LOOP('',(#3042,#3043,#3044,#3045));
#492=EDGE_LOOP('',(#3046,#3047,#3048,#3049));
#493=EDGE_LOOP('',(#3050,#3051,#3052,#3053));
#494=EDGE_LOOP('',(#3054,#3055,#3056,#3057));
#495=EDGE_LOOP('',(#3058,#3059,#3060,#3061,#3062,#3063,#3064,#3065,#3066,
#3067,#3068,#3069,#3070,#3071,#3072,#3073,#3074,#3075,#3076,#3077,#3078,
#3079,#3080,#3081,#3082,#3083));
#496=EDGE_LOOP('',(#3084,#3085,#3086,#3087));
#497=EDGE_LOOP('',(#3088,#3089,#3090,#3091));
#498=EDGE_LOOP('',(#3092,#3093,#3094,#3095));
#499=EDGE_LOOP('',(#3096,#3097,#3098,#3099));
#500=EDGE_LOOP('',(#3100,#3101,#3102,#3103));
#501=EDGE_LOOP('',(#3104,#3105,#3106,#3107));
#502=EDGE_LOOP('',(#3108,#3109,#3110,#3111));
#503=EDGE_LOOP('',(#3112,#3113,#3114,#3115));
#504=EDGE_LOOP('',(#3116,#3117,#3118,#3119));
#505=EDGE_LOOP('',(#3120,#3121,#3122,#3123));
#506=EDGE_LOOP('',(#3124,#3125,#3126,#3127));
#507=EDGE_LOOP('',(#3128,#3129,#3130,#3131));
#508=EDGE_LOOP('',(#3132,#3133,#3134,#3135));
#509=EDGE_LOOP('',(#3136,#3137,#3138,#3139));
#510=EDGE_LOOP('',(#3140,#3141,#3142,#3143));
#511=EDGE_LOOP('',(#3144,#3145,#3146,#3147));
#512=EDGE_LOOP('',(#3148));
#513=EDGE_LOOP('',(#3149));
#514=EDGE_LOOP('',(#3150));
#515=EDGE_LOOP('',(#3151,#3152,#3153,#3154,#3155,#3156,#3157,#3158,#3159,
#3160,#3161,#3162));
#516=EDGE_LOOP('',(#3163));
#517=EDGE_LOOP('',(#3164,#3165,#3166,#3167));
#518=EDGE_LOOP('',(#3168,#3169,#3170,#3171));
#519=EDGE_LOOP('',(#3172,#3173,#3174,#3175));
#520=EDGE_LOOP('',(#3176,#3177,#3178,#3179));
#521=EDGE_LOOP('',(#3180));
#522=EDGE_LOOP('',(#3181,#3182,#3183,#3184));
#523=EDGE_LOOP('',(#3185,#3186,#3187,#3188));
#524=EDGE_LOOP('',(#3189,#3190,#3191,#3192));
#525=EDGE_LOOP('',(#3193,#3194,#3195,#3196));
#526=EDGE_LOOP('',(#3197,#3198,#3199,#3200));
#527=EDGE_LOOP('',(#3201,#3202,#3203,#3204));
#528=EDGE_LOOP('',(#3205,#3206,#3207,#3208));
#529=EDGE_LOOP('',(#3209,#3210,#3211,#3212));
#530=EDGE_LOOP('',(#3213,#3214,#3215,#3216));
#531=EDGE_LOOP('',(#3217,#3218,#3219,#3220));
#532=EDGE_LOOP('',(#3221,#3222,#3223,#3224));
#533=EDGE_LOOP('',(#3225,#3226,#3227,#3228));
#534=EDGE_LOOP('',(#3229,#3230,#3231,#3232,#3233,#3234,#3235,#3236,#3237,
#3238,#3239,#3240,#3241,#3242,#3243,#3244,#3245,#3246,#3247,#3248,#3249,
#3250,#3251,#3252,#3253,#3254));
#535=EDGE_LOOP('',(#3255,#3256,#3257,#3258));
#536=EDGE_LOOP('',(#3259,#3260,#3261,#3262));
#537=EDGE_LOOP('',(#3263,#3264,#3265,#3266));
#538=EDGE_LOOP('',(#3267,#3268,#3269,#3270));
#539=EDGE_LOOP('',(#3271,#3272,#3273,#3274));
#540=EDGE_LOOP('',(#3275,#3276,#3277,#3278));
#541=EDGE_LOOP('',(#3279,#3280,#3281,#3282));
#542=EDGE_LOOP('',(#3283,#3284,#3285,#3286));
#543=EDGE_LOOP('',(#3287,#3288,#3289,#3290));
#544=EDGE_LOOP('',(#3291,#3292,#3293,#3294));
#545=EDGE_LOOP('',(#3295,#3296,#3297,#3298));
#546=EDGE_LOOP('',(#3299,#3300,#3301,#3302));
#547=EDGE_LOOP('',(#3303,#3304,#3305,#3306));
#548=EDGE_LOOP('',(#3307,#3308,#3309,#3310));
#549=EDGE_LOOP('',(#3311,#3312,#3313,#3314));
#550=EDGE_LOOP('',(#3315,#3316,#3317,#3318));
#551=EDGE_LOOP('',(#3319));
#552=EDGE_LOOP('',(#3320));
#553=EDGE_LOOP('',(#3321));
#554=EDGE_LOOP('',(#3322,#3323,#3324,#3325,#3326,#3327,#3328,#3329,#3330,
#3331,#3332,#3333));
#555=EDGE_LOOP('',(#3334));
#556=EDGE_LOOP('',(#3335,#3336,#3337,#3338));
#557=EDGE_LOOP('',(#3339,#3340,#3341,#3342));
#558=EDGE_LOOP('',(#3343,#3344,#3345,#3346));
#559=EDGE_LOOP('',(#3347,#3348,#3349,#3350));
#560=EDGE_LOOP('',(#3351));
#561=EDGE_LOOP('',(#3352,#3353,#3354,#3355));
#562=EDGE_LOOP('',(#3356,#3357,#3358,#3359));
#563=EDGE_LOOP('',(#3360,#3361,#3362,#3363));
#564=EDGE_LOOP('',(#3364,#3365,#3366,#3367));
#565=EDGE_LOOP('',(#3368,#3369,#3370,#3371));
#566=EDGE_LOOP('',(#3372,#3373,#3374,#3375));
#567=EDGE_LOOP('',(#3376,#3377,#3378,#3379));
#568=EDGE_LOOP('',(#3380,#3381,#3382,#3383));
#569=EDGE_LOOP('',(#3384,#3385,#3386,#3387));
#570=EDGE_LOOP('',(#3388,#3389,#3390,#3391));
#571=EDGE_LOOP('',(#3392,#3393,#3394,#3395));
#572=EDGE_LOOP('',(#3396,#3397,#3398,#3399));
#573=LINE('',#4822,#1046);
#574=LINE('',#4824,#1047);
#575=LINE('',#4826,#1048);
#576=LINE('',#4827,#1049);
#577=LINE('',#4830,#1050);
#578=LINE('',#4832,#1051);
#579=LINE('',#4833,#1052);
#580=LINE('',#4836,#1053);
#581=LINE('',#4838,#1054);
#582=LINE('',#4839,#1055);
#583=LINE('',#4841,#1056);
#584=LINE('',#4842,#1057);
#585=LINE('',#4846,#1058);
#586=LINE('',#4848,#1059);
#587=LINE('',#4850,#1060);
#588=LINE('',#4851,#1061);
#589=LINE('',#4854,#1062);
#590=LINE('',#4856,#1063);
#591=LINE('',#4857,#1064);
#592=LINE('',#4860,#1065);
#593=LINE('',#4862,#1066);
#594=LINE('',#4863,#1067);
#595=LINE('',#4865,#1068);
#596=LINE('',#4866,#1069);
#597=LINE('',#4870,#1070);
#598=LINE('',#4872,#1071);
#599=LINE('',#4874,#1072);
#600=LINE('',#4875,#1073);
#601=LINE('',#4878,#1074);
#602=LINE('',#4880,#1075);
#603=LINE('',#4881,#1076);
#604=LINE('',#4884,#1077);
#605=LINE('',#4886,#1078);
#606=LINE('',#4887,#1079);
#607=LINE('',#4889,#1080);
#608=LINE('',#4890,#1081);
#609=LINE('',#4894,#1082);
#610=LINE('',#4896,#1083);
#611=LINE('',#4898,#1084);
#612=LINE('',#4899,#1085);
#613=LINE('',#4902,#1086);
#614=LINE('',#4904,#1087);
#615=LINE('',#4905,#1088);
#616=LINE('',#4908,#1089);
#617=LINE('',#4910,#1090);
#618=LINE('',#4911,#1091);
#619=LINE('',#4913,#1092);
#620=LINE('',#4914,#1093);
#621=LINE('',#4918,#1094);
#622=LINE('',#4920,#1095);
#623=LINE('',#4922,#1096);
#624=LINE('',#4923,#1097);
#625=LINE('',#4926,#1098);
#626=LINE('',#4928,#1099);
#627=LINE('',#4929,#1100);
#628=LINE('',#4932,#1101);
#629=LINE('',#4934,#1102);
#630=LINE('',#4935,#1103);
#631=LINE('',#4937,#1104);
#632=LINE('',#4938,#1105);
#633=LINE('',#4942,#1106);
#634=LINE('',#4944,#1107);
#635=LINE('',#4946,#1108);
#636=LINE('',#4947,#1109);
#637=LINE('',#4950,#1110);
#638=LINE('',#4952,#1111);
#639=LINE('',#4953,#1112);
#640=LINE('',#4956,#1113);
#641=LINE('',#4958,#1114);
#642=LINE('',#4959,#1115);
#643=LINE('',#4961,#1116);
#644=LINE('',#4962,#1117);
#645=LINE('',#4966,#1118);
#646=LINE('',#4968,#1119);
#647=LINE('',#4970,#1120);
#648=LINE('',#4971,#1121);
#649=LINE('',#4974,#1122);
#650=LINE('',#4976,#1123);
#651=LINE('',#4977,#1124);
#652=LINE('',#4980,#1125);
#653=LINE('',#4982,#1126);
#654=LINE('',#4983,#1127);
#655=LINE('',#4985,#1128);
#656=LINE('',#4986,#1129);
#657=LINE('',#4990,#1130);
#658=LINE('',#4992,#1131);
#659=LINE('',#4994,#1132);
#660=LINE('',#4995,#1133);
#661=LINE('',#4998,#1134);
#662=LINE('',#5000,#1135);
#663=LINE('',#5001,#1136);
#664=LINE('',#5004,#1137);
#665=LINE('',#5006,#1138);
#666=LINE('',#5007,#1139);
#667=LINE('',#5009,#1140);
#668=LINE('',#5010,#1141);
#669=LINE('',#5014,#1142);
#670=LINE('',#5016,#1143);
#671=LINE('',#5018,#1144);
#672=LINE('',#5019,#1145);
#673=LINE('',#5022,#1146);
#674=LINE('',#5024,#1147);
#675=LINE('',#5025,#1148);
#676=LINE('',#5028,#1149);
#677=LINE('',#5030,#1150);
#678=LINE('',#5031,#1151);
#679=LINE('',#5033,#1152);
#680=LINE('',#5034,#1153);
#681=LINE('',#5038,#1154);
#682=LINE('',#5040,#1155);
#683=LINE('',#5042,#1156);
#684=LINE('',#5043,#1157);
#685=LINE('',#5046,#1158);
#686=LINE('',#5048,#1159);
#687=LINE('',#5049,#1160);
#688=LINE('',#5052,#1161);
#689=LINE('',#5054,#1162);
#690=LINE('',#5055,#1163);
#691=LINE('',#5057,#1164);
#692=LINE('',#5058,#1165);
#693=LINE('',#5062,#1166);
#694=LINE('',#5064,#1167);
#695=LINE('',#5066,#1168);
#696=LINE('',#5067,#1169);
#697=LINE('',#5070,#1170);
#698=LINE('',#5072,#1171);
#699=LINE('',#5073,#1172);
#700=LINE('',#5076,#1173);
#701=LINE('',#5078,#1174);
#702=LINE('',#5079,#1175);
#703=LINE('',#5081,#1176);
#704=LINE('',#5082,#1177);
#705=LINE('',#5086,#1178);
#706=LINE('',#5088,#1179);
#707=LINE('',#5090,#1180);
#708=LINE('',#5091,#1181);
#709=LINE('',#5094,#1182);
#710=LINE('',#5096,#1183);
#711=LINE('',#5097,#1184);
#712=LINE('',#5100,#1185);
#713=LINE('',#5102,#1186);
#714=LINE('',#5103,#1187);
#715=LINE('',#5105,#1188);
#716=LINE('',#5106,#1189);
#717=LINE('',#5111,#1190);
#718=LINE('',#5116,#1191);
#719=LINE('',#5118,#1192);
#720=LINE('',#5120,#1193);
#721=LINE('',#5121,#1194);
#722=LINE('',#5124,#1195);
#723=LINE('',#5126,#1196);
#724=LINE('',#5127,#1197);
#725=LINE('',#5130,#1198);
#726=LINE('',#5132,#1199);
#727=LINE('',#5133,#1200);
#728=LINE('',#5135,#1201);
#729=LINE('',#5136,#1202);
#730=LINE('',#5140,#1203);
#731=LINE('',#5142,#1204);
#732=LINE('',#5144,#1205);
#733=LINE('',#5145,#1206);
#734=LINE('',#5148,#1207);
#735=LINE('',#5150,#1208);
#736=LINE('',#5151,#1209);
#737=LINE('',#5154,#1210);
#738=LINE('',#5156,#1211);
#739=LINE('',#5157,#1212);
#740=LINE('',#5159,#1213);
#741=LINE('',#5160,#1214);
#742=LINE('',#5164,#1215);
#743=LINE('',#5166,#1216);
#744=LINE('',#5168,#1217);
#745=LINE('',#5169,#1218);
#746=LINE('',#5172,#1219);
#747=LINE('',#5174,#1220);
#748=LINE('',#5175,#1221);
#749=LINE('',#5178,#1222);
#750=LINE('',#5180,#1223);
#751=LINE('',#5181,#1224);
#752=LINE('',#5183,#1225);
#753=LINE('',#5184,#1226);
#754=LINE('',#5188,#1227);
#755=LINE('',#5190,#1228);
#756=LINE('',#5192,#1229);
#757=LINE('',#5193,#1230);
#758=LINE('',#5196,#1231);
#759=LINE('',#5198,#1232);
#760=LINE('',#5199,#1233);
#761=LINE('',#5202,#1234);
#762=LINE('',#5204,#1235);
#763=LINE('',#5205,#1236);
#764=LINE('',#5207,#1237);
#765=LINE('',#5208,#1238);
#766=LINE('',#5213,#1239);
#767=LINE('',#5218,#1240);
#768=LINE('',#5220,#1241);
#769=LINE('',#5222,#1242);
#770=LINE('',#5223,#1243);
#771=LINE('',#5226,#1244);
#772=LINE('',#5228,#1245);
#773=LINE('',#5229,#1246);
#774=LINE('',#5232,#1247);
#775=LINE('',#5234,#1248);
#776=LINE('',#5235,#1249);
#777=LINE('',#5238,#1250);
#778=LINE('',#5240,#1251);
#779=LINE('',#5241,#1252);
#780=LINE('',#5244,#1253);
#781=LINE('',#5246,#1254);
#782=LINE('',#5247,#1255);
#783=LINE('',#5250,#1256);
#784=LINE('',#5252,#1257);
#785=LINE('',#5253,#1258);
#786=LINE('',#5256,#1259);
#787=LINE('',#5258,#1260);
#788=LINE('',#5259,#1261);
#789=LINE('',#5262,#1262);
#790=LINE('',#5264,#1263);
#791=LINE('',#5265,#1264);
#792=LINE('',#5268,#1265);
#793=LINE('',#5270,#1266);
#794=LINE('',#5271,#1267);
#795=LINE('',#5274,#1268);
#796=LINE('',#5276,#1269);
#797=LINE('',#5277,#1270);
#798=LINE('',#5280,#1271);
#799=LINE('',#5282,#1272);
#800=LINE('',#5283,#1273);
#801=LINE('',#5285,#1274);
#802=LINE('',#5286,#1275);
#803=LINE('',#5291,#1276);
#804=LINE('',#5297,#1277);
#805=LINE('',#5303,#1278);
#806=LINE('',#5308,#1279);
#807=LINE('',#5310,#1280);
#808=LINE('',#5312,#1281);
#809=LINE('',#5313,#1282);
#810=LINE('',#5316,#1283);
#811=LINE('',#5318,#1284);
#812=LINE('',#5319,#1285);
#813=LINE('',#5322,#1286);
#814=LINE('',#5324,#1287);
#815=LINE('',#5325,#1288);
#816=LINE('',#5327,#1289);
#817=LINE('',#5328,#1290);
#818=LINE('',#5332,#1291);
#819=LINE('',#5334,#1292);
#820=LINE('',#5336,#1293);
#821=LINE('',#5337,#1294);
#822=LINE('',#5340,#1295);
#823=LINE('',#5342,#1296);
#824=LINE('',#5343,#1297);
#825=LINE('',#5346,#1298);
#826=LINE('',#5348,#1299);
#827=LINE('',#5349,#1300);
#828=LINE('',#5351,#1301);
#829=LINE('',#5352,#1302);
#830=LINE('',#5356,#1303);
#831=LINE('',#5358,#1304);
#832=LINE('',#5360,#1305);
#833=LINE('',#5361,#1306);
#834=LINE('',#5364,#1307);
#835=LINE('',#5366,#1308);
#836=LINE('',#5367,#1309);
#837=LINE('',#5370,#1310);
#838=LINE('',#5372,#1311);
#839=LINE('',#5373,#1312);
#840=LINE('',#5375,#1313);
#841=LINE('',#5376,#1314);
#842=LINE('',#5380,#1315);
#843=LINE('',#5382,#1316);
#844=LINE('',#5384,#1317);
#845=LINE('',#5385,#1318);
#846=LINE('',#5388,#1319);
#847=LINE('',#5390,#1320);
#848=LINE('',#5391,#1321);
#849=LINE('',#5394,#1322);
#850=LINE('',#5396,#1323);
#851=LINE('',#5397,#1324);
#852=LINE('',#5399,#1325);
#853=LINE('',#5400,#1326);
#854=LINE('',#5404,#1327);
#855=LINE('',#5406,#1328);
#856=LINE('',#5408,#1329);
#857=LINE('',#5409,#1330);
#858=LINE('',#5412,#1331);
#859=LINE('',#5414,#1332);
#860=LINE('',#5415,#1333);
#861=LINE('',#5418,#1334);
#862=LINE('',#5420,#1335);
#863=LINE('',#5421,#1336);
#864=LINE('',#5423,#1337);
#865=LINE('',#5424,#1338);
#866=LINE('',#5428,#1339);
#867=LINE('',#5430,#1340);
#868=LINE('',#5432,#1341);
#869=LINE('',#5433,#1342);
#870=LINE('',#5436,#1343);
#871=LINE('',#5438,#1344);
#872=LINE('',#5439,#1345);
#873=LINE('',#5442,#1346);
#874=LINE('',#5444,#1347);
#875=LINE('',#5445,#1348);
#876=LINE('',#5447,#1349);
#877=LINE('',#5448,#1350);
#878=LINE('',#5452,#1351);
#879=LINE('',#5454,#1352);
#880=LINE('',#5456,#1353);
#881=LINE('',#5457,#1354);
#882=LINE('',#5460,#1355);
#883=LINE('',#5462,#1356);
#884=LINE('',#5463,#1357);
#885=LINE('',#5466,#1358);
#886=LINE('',#5468,#1359);
#887=LINE('',#5469,#1360);
#888=LINE('',#5471,#1361);
#889=LINE('',#5472,#1362);
#890=LINE('',#5476,#1363);
#891=LINE('',#5478,#1364);
#892=LINE('',#5480,#1365);
#893=LINE('',#5481,#1366);
#894=LINE('',#5484,#1367);
#895=LINE('',#5486,#1368);
#896=LINE('',#5487,#1369);
#897=LINE('',#5490,#1370);
#898=LINE('',#5492,#1371);
#899=LINE('',#5493,#1372);
#900=LINE('',#5495,#1373);
#901=LINE('',#5496,#1374);
#902=LINE('',#5500,#1375);
#903=LINE('',#5502,#1376);
#904=LINE('',#5504,#1377);
#905=LINE('',#5505,#1378);
#906=LINE('',#5508,#1379);
#907=LINE('',#5510,#1380);
#908=LINE('',#5511,#1381);
#909=LINE('',#5514,#1382);
#910=LINE('',#5516,#1383);
#911=LINE('',#5517,#1384);
#912=LINE('',#5519,#1385);
#913=LINE('',#5520,#1386);
#914=LINE('',#5524,#1387);
#915=LINE('',#5526,#1388);
#916=LINE('',#5528,#1389);
#917=LINE('',#5529,#1390);
#918=LINE('',#5532,#1391);
#919=LINE('',#5534,#1392);
#920=LINE('',#5535,#1393);
#921=LINE('',#5538,#1394);
#922=LINE('',#5540,#1395);
#923=LINE('',#5541,#1396);
#924=LINE('',#5543,#1397);
#925=LINE('',#5544,#1398);
#926=LINE('',#5548,#1399);
#927=LINE('',#5550,#1400);
#928=LINE('',#5552,#1401);
#929=LINE('',#5553,#1402);
#930=LINE('',#5556,#1403);
#931=LINE('',#5558,#1404);
#932=LINE('',#5559,#1405);
#933=LINE('',#5562,#1406);
#934=LINE('',#5564,#1407);
#935=LINE('',#5565,#1408);
#936=LINE('',#5567,#1409);
#937=LINE('',#5568,#1410);
#938=LINE('',#5572,#1411);
#939=LINE('',#5574,#1412);
#940=LINE('',#5576,#1413);
#941=LINE('',#5577,#1414);
#942=LINE('',#5580,#1415);
#943=LINE('',#5582,#1416);
#944=LINE('',#5583,#1417);
#945=LINE('',#5586,#1418);
#946=LINE('',#5588,#1419);
#947=LINE('',#5589,#1420);
#948=LINE('',#5591,#1421);
#949=LINE('',#5592,#1422);
#950=LINE('',#5596,#1423);
#951=LINE('',#5598,#1424);
#952=LINE('',#5600,#1425);
#953=LINE('',#5601,#1426);
#954=LINE('',#5604,#1427);
#955=LINE('',#5606,#1428);
#956=LINE('',#5607,#1429);
#957=LINE('',#5610,#1430);
#958=LINE('',#5612,#1431);
#959=LINE('',#5613,#1432);
#960=LINE('',#5615,#1433);
#961=LINE('',#5616,#1434);
#962=LINE('',#5620,#1435);
#963=LINE('',#5622,#1436);
#964=LINE('',#5624,#1437);
#965=LINE('',#5625,#1438);
#966=LINE('',#5628,#1439);
#967=LINE('',#5630,#1440);
#968=LINE('',#5631,#1441);
#969=LINE('',#5634,#1442);
#970=LINE('',#5636,#1443);
#971=LINE('',#5637,#1444);
#972=LINE('',#5639,#1445);
#973=LINE('',#5640,#1446);
#974=LINE('',#5644,#1447);
#975=LINE('',#5646,#1448);
#976=LINE('',#5648,#1449);
#977=LINE('',#5649,#1450);
#978=LINE('',#5652,#1451);
#979=LINE('',#5654,#1452);
#980=LINE('',#5655,#1453);
#981=LINE('',#5658,#1454);
#982=LINE('',#5660,#1455);
#983=LINE('',#5661,#1456);
#984=LINE('',#5663,#1457);
#985=LINE('',#5664,#1458);
#986=LINE('',#5668,#1459);
#987=LINE('',#5670,#1460);
#988=LINE('',#5672,#1461);
#989=LINE('',#5673,#1462);
#990=LINE('',#5676,#1463);
#991=LINE('',#5678,#1464);
#992=LINE('',#5679,#1465);
#993=LINE('',#5682,#1466);
#994=LINE('',#5684,#1467);
#995=LINE('',#5685,#1468);
#996=LINE('',#5687,#1469);
#997=LINE('',#5688,#1470);
#998=LINE('',#5710,#1471);
#999=LINE('',#5718,#1472);
#1000=LINE('',#5724,#1473);
#1001=LINE('',#5727,#1474);
#1002=LINE('',#5729,#1475);
#1003=LINE('',#5730,#1476);
#1004=LINE('',#5736,#1477);
#1005=LINE('',#5779,#1478);
#1006=LINE('',#5966,#1479);
#1007=LINE('',#5972,#1480);
#1008=LINE('',#5975,#1481);
#1009=LINE('',#5977,#1482);
#1010=LINE('',#5978,#1483);
#1011=LINE('',#5984,#1484);
#1012=LINE('',#5990,#1485);
#1013=LINE('',#5996,#1486);
#1014=LINE('',#6215,#1487);
#1015=LINE('',#6218,#1488);
#1016=LINE('',#6220,#1489);
#1017=LINE('',#6221,#1490);
#1018=LINE('',#6227,#1491);
#1019=LINE('',#6230,#1492);
#1020=LINE('',#6232,#1493);
#1021=LINE('',#6233,#1494);
#1022=LINE('',#6236,#1495);
#1023=LINE('',#6238,#1496);
#1024=LINE('',#6239,#1497);
#1025=LINE('',#6245,#1498);
#1026=LINE('',#6248,#1499);
#1027=LINE('',#6250,#1500);
#1028=LINE('',#6251,#1501);
#1029=LINE('',#6254,#1502);
#1030=LINE('',#6256,#1503);
#1031=LINE('',#6257,#1504);
#1032=LINE('',#6263,#1505);
#1033=LINE('',#6266,#1506);
#1034=LINE('',#6268,#1507);
#1035=LINE('',#6269,#1508);
#1036=LINE('',#6272,#1509);
#1037=LINE('',#6274,#1510);
#1038=LINE('',#6275,#1511);
#1039=LINE('',#6281,#1512);
#1040=LINE('',#6284,#1513);
#1041=LINE('',#6286,#1514);
#1042=LINE('',#6287,#1515);
#1043=LINE('',#6293,#1516);
#1044=LINE('',#6295,#1517);
#1045=LINE('',#6296,#1518);
#1046=VECTOR('',#3945,10.);
#1047=VECTOR('',#3946,10.);
#1048=VECTOR('',#3947,10.);
#1049=VECTOR('',#3948,10.);
#1050=VECTOR('',#3951,10.);
#1051=VECTOR('',#3952,10.);
#1052=VECTOR('',#3953,10.);
#1053=VECTOR('',#3956,10.);
#1054=VECTOR('',#3957,10.);
#1055=VECTOR('',#3958,10.);
#1056=VECTOR('',#3961,10.);
#1057=VECTOR('',#3962,10.);
#1058=VECTOR('',#3965,10.);
#1059=VECTOR('',#3966,10.);
#1060=VECTOR('',#3967,10.);
#1061=VECTOR('',#3968,10.);
#1062=VECTOR('',#3971,10.);
#1063=VECTOR('',#3972,10.);
#1064=VECTOR('',#3973,10.);
#1065=VECTOR('',#3976,10.);
#1066=VECTOR('',#3977,10.);
#1067=VECTOR('',#3978,10.);
#1068=VECTOR('',#3981,10.);
#1069=VECTOR('',#3982,10.);
#1070=VECTOR('',#3985,10.);
#1071=VECTOR('',#3986,10.);
#1072=VECTOR('',#3987,10.);
#1073=VECTOR('',#3988,10.);
#1074=VECTOR('',#3991,10.);
#1075=VECTOR('',#3992,10.);
#1076=VECTOR('',#3993,10.);
#1077=VECTOR('',#3996,10.);
#1078=VECTOR('',#3997,10.);
#1079=VECTOR('',#3998,10.);
#1080=VECTOR('',#4001,10.);
#1081=VECTOR('',#4002,10.);
#1082=VECTOR('',#4005,10.);
#1083=VECTOR('',#4006,10.);
#1084=VECTOR('',#4007,10.);
#1085=VECTOR('',#4008,10.);
#1086=VECTOR('',#4011,10.);
#1087=VECTOR('',#4012,10.);
#1088=VECTOR('',#4013,10.);
#1089=VECTOR('',#4016,10.);
#1090=VECTOR('',#4017,10.);
#1091=VECTOR('',#4018,10.);
#1092=VECTOR('',#4021,10.);
#1093=VECTOR('',#4022,10.);
#1094=VECTOR('',#4025,10.);
#1095=VECTOR('',#4026,10.);
#1096=VECTOR('',#4027,10.);
#1097=VECTOR('',#4028,10.);
#1098=VECTOR('',#4031,10.);
#1099=VECTOR('',#4032,10.);
#1100=VECTOR('',#4033,10.);
#1101=VECTOR('',#4036,10.);
#1102=VECTOR('',#4037,10.);
#1103=VECTOR('',#4038,10.);
#1104=VECTOR('',#4041,10.);
#1105=VECTOR('',#4042,10.);
#1106=VECTOR('',#4045,10.);
#1107=VECTOR('',#4046,10.);
#1108=VECTOR('',#4047,10.);
#1109=VECTOR('',#4048,10.);
#1110=VECTOR('',#4051,10.);
#1111=VECTOR('',#4052,10.);
#1112=VECTOR('',#4053,10.);
#1113=VECTOR('',#4056,10.);
#1114=VECTOR('',#4057,10.);
#1115=VECTOR('',#4058,10.);
#1116=VECTOR('',#4061,10.);
#1117=VECTOR('',#4062,10.);
#1118=VECTOR('',#4065,10.);
#1119=VECTOR('',#4066,10.);
#1120=VECTOR('',#4067,10.);
#1121=VECTOR('',#4068,10.);
#1122=VECTOR('',#4071,10.);
#1123=VECTOR('',#4072,10.);
#1124=VECTOR('',#4073,10.);
#1125=VECTOR('',#4076,10.);
#1126=VECTOR('',#4077,10.);
#1127=VECTOR('',#4078,10.);
#1128=VECTOR('',#4081,10.);
#1129=VECTOR('',#4082,10.);
#1130=VECTOR('',#4085,10.);
#1131=VECTOR('',#4086,10.);
#1132=VECTOR('',#4087,10.);
#1133=VECTOR('',#4088,10.);
#1134=VECTOR('',#4091,10.);
#1135=VECTOR('',#4092,10.);
#1136=VECTOR('',#4093,10.);
#1137=VECTOR('',#4096,10.);
#1138=VECTOR('',#4097,10.);
#1139=VECTOR('',#4098,10.);
#1140=VECTOR('',#4101,10.);
#1141=VECTOR('',#4102,10.);
#1142=VECTOR('',#4105,10.);
#1143=VECTOR('',#4106,10.);
#1144=VECTOR('',#4107,10.);
#1145=VECTOR('',#4108,10.);
#1146=VECTOR('',#4111,10.);
#1147=VECTOR('',#4112,10.);
#1148=VECTOR('',#4113,10.);
#1149=VECTOR('',#4116,10.);
#1150=VECTOR('',#4117,10.);
#1151=VECTOR('',#4118,10.);
#1152=VECTOR('',#4121,10.);
#1153=VECTOR('',#4122,10.);
#1154=VECTOR('',#4125,10.);
#1155=VECTOR('',#4126,10.);
#1156=VECTOR('',#4127,10.);
#1157=VECTOR('',#4128,10.);
#1158=VECTOR('',#4131,10.);
#1159=VECTOR('',#4132,10.);
#1160=VECTOR('',#4133,10.);
#1161=VECTOR('',#4136,10.);
#1162=VECTOR('',#4137,10.);
#1163=VECTOR('',#4138,10.);
#1164=VECTOR('',#4141,10.);
#1165=VECTOR('',#4142,10.);
#1166=VECTOR('',#4145,10.);
#1167=VECTOR('',#4146,10.);
#1168=VECTOR('',#4147,10.);
#1169=VECTOR('',#4148,10.);
#1170=VECTOR('',#4151,10.);
#1171=VECTOR('',#4152,10.);
#1172=VECTOR('',#4153,10.);
#1173=VECTOR('',#4156,10.);
#1174=VECTOR('',#4157,10.);
#1175=VECTOR('',#4158,10.);
#1176=VECTOR('',#4161,10.);
#1177=VECTOR('',#4162,10.);
#1178=VECTOR('',#4165,10.);
#1179=VECTOR('',#4166,10.);
#1180=VECTOR('',#4167,10.);
#1181=VECTOR('',#4168,10.);
#1182=VECTOR('',#4171,10.);
#1183=VECTOR('',#4172,10.);
#1184=VECTOR('',#4173,10.);
#1185=VECTOR('',#4176,10.);
#1186=VECTOR('',#4177,10.);
#1187=VECTOR('',#4178,10.);
#1188=VECTOR('',#4181,10.);
#1189=VECTOR('',#4182,10.);
#1190=VECTOR('',#4187,1.10000052814186);
#1191=VECTOR('',#4192,10.);
#1192=VECTOR('',#4193,10.);
#1193=VECTOR('',#4194,10.);
#1194=VECTOR('',#4195,10.);
#1195=VECTOR('',#4198,10.);
#1196=VECTOR('',#4199,10.);
#1197=VECTOR('',#4200,10.);
#1198=VECTOR('',#4203,10.);
#1199=VECTOR('',#4204,10.);
#1200=VECTOR('',#4205,10.);
#1201=VECTOR('',#4208,10.);
#1202=VECTOR('',#4209,10.);
#1203=VECTOR('',#4212,10.);
#1204=VECTOR('',#4213,10.);
#1205=VECTOR('',#4214,10.);
#1206=VECTOR('',#4215,10.);
#1207=VECTOR('',#4218,10.);
#1208=VECTOR('',#4219,10.);
#1209=VECTOR('',#4220,10.);
#1210=VECTOR('',#4223,10.);
#1211=VECTOR('',#4224,10.);
#1212=VECTOR('',#4225,10.);
#1213=VECTOR('',#4228,10.);
#1214=VECTOR('',#4229,10.);
#1215=VECTOR('',#4232,10.);
#1216=VECTOR('',#4233,10.);
#1217=VECTOR('',#4234,10.);
#1218=VECTOR('',#4235,10.);
#1219=VECTOR('',#4238,10.);
#1220=VECTOR('',#4239,10.);
#1221=VECTOR('',#4240,10.);
#1222=VECTOR('',#4243,10.);
#1223=VECTOR('',#4244,10.);
#1224=VECTOR('',#4245,10.);
#1225=VECTOR('',#4248,10.);
#1226=VECTOR('',#4249,10.);
#1227=VECTOR('',#4252,10.);
#1228=VECTOR('',#4253,10.);
#1229=VECTOR('',#4254,10.);
#1230=VECTOR('',#4255,10.);
#1231=VECTOR('',#4258,10.);
#1232=VECTOR('',#4259,10.);
#1233=VECTOR('',#4260,10.);
#1234=VECTOR('',#4263,10.);
#1235=VECTOR('',#4264,10.);
#1236=VECTOR('',#4265,10.);
#1237=VECTOR('',#4268,10.);
#1238=VECTOR('',#4269,10.);
#1239=VECTOR('',#4274,1.10000060122811);
#1240=VECTOR('',#4279,10.);
#1241=VECTOR('',#4280,10.);
#1242=VECTOR('',#4281,10.);
#1243=VECTOR('',#4282,10.);
#1244=VECTOR('',#4285,10.);
#1245=VECTOR('',#4286,10.);
#1246=VECTOR('',#4287,10.);
#1247=VECTOR('',#4290,10.);
#1248=VECTOR('',#4291,10.);
#1249=VECTOR('',#4292,10.);
#1250=VECTOR('',#4295,10.);
#1251=VECTOR('',#4296,10.);
#1252=VECTOR('',#4297,10.);
#1253=VECTOR('',#4300,10.);
#1254=VECTOR('',#4301,10.);
#1255=VECTOR('',#4302,10.);
#1256=VECTOR('',#4305,10.);
#1257=VECTOR('',#4306,10.);
#1258=VECTOR('',#4307,10.);
#1259=VECTOR('',#4310,10.);
#1260=VECTOR('',#4311,10.);
#1261=VECTOR('',#4312,10.);
#1262=VECTOR('',#4315,10.);
#1263=VECTOR('',#4316,10.);
#1264=VECTOR('',#4317,10.);
#1265=VECTOR('',#4320,10.);
#1266=VECTOR('',#4321,10.);
#1267=VECTOR('',#4322,10.);
#1268=VECTOR('',#4325,10.);
#1269=VECTOR('',#4326,10.);
#1270=VECTOR('',#4327,10.);
#1271=VECTOR('',#4330,10.);
#1272=VECTOR('',#4331,10.);
#1273=VECTOR('',#4332,10.);
#1274=VECTOR('',#4335,10.);
#1275=VECTOR('',#4336,10.);
#1276=VECTOR('',#4341,1.09999962438072);
#1277=VECTOR('',#4348,1.1000011907438);
#1278=VECTOR('',#4355,1.09999968753211);
#1279=VECTOR('',#4360,10.);
#1280=VECTOR('',#4361,10.);
#1281=VECTOR('',#4362,10.);
#1282=VECTOR('',#4363,10.);
#1283=VECTOR('',#4366,10.);
#1284=VECTOR('',#4367,10.);
#1285=VECTOR('',#4368,10.);
#1286=VECTOR('',#4371,10.);
#1287=VECTOR('',#4372,10.);
#1288=VECTOR('',#4373,10.);
#1289=VECTOR('',#4376,10.);
#1290=VECTOR('',#4377,10.);
#1291=VECTOR('',#4380,10.);
#1292=VECTOR('',#4381,10.);
#1293=VECTOR('',#4382,10.);
#1294=VECTOR('',#4383,10.);
#1295=VECTOR('',#4386,10.);
#1296=VECTOR('',#4387,10.);
#1297=VECTOR('',#4388,10.);
#1298=VECTOR('',#4391,10.);
#1299=VECTOR('',#4392,10.);
#1300=VECTOR('',#4393,10.);
#1301=VECTOR('',#4396,10.);
#1302=VECTOR('',#4397,10.);
#1303=VECTOR('',#4400,10.);
#1304=VECTOR('',#4401,10.);
#1305=VECTOR('',#4402,10.);
#1306=VECTOR('',#4403,10.);
#1307=VECTOR('',#4406,10.);
#1308=VECTOR('',#4407,10.);
#1309=VECTOR('',#4408,10.);
#1310=VECTOR('',#4411,10.);
#1311=VECTOR('',#4412,10.);
#1312=VECTOR('',#4413,10.);
#1313=VECTOR('',#4416,10.);
#1314=VECTOR('',#4417,10.);
#1315=VECTOR('',#4420,10.);
#1316=VECTOR('',#4421,10.);
#1317=VECTOR('',#4422,10.);
#1318=VECTOR('',#4423,10.);
#1319=VECTOR('',#4426,10.);
#1320=VECTOR('',#4427,10.);
#1321=VECTOR('',#4428,10.);
#1322=VECTOR('',#4431,10.);
#1323=VECTOR('',#4432,10.);
#1324=VECTOR('',#4433,10.);
#1325=VECTOR('',#4436,10.);
#1326=VECTOR('',#4437,10.);
#1327=VECTOR('',#4440,10.);
#1328=VECTOR('',#4441,10.);
#1329=VECTOR('',#4442,10.);
#1330=VECTOR('',#4443,10.);
#1331=VECTOR('',#4446,10.);
#1332=VECTOR('',#4447,10.);
#1333=VECTOR('',#4448,10.);
#1334=VECTOR('',#4451,10.);
#1335=VECTOR('',#4452,10.);
#1336=VECTOR('',#4453,10.);
#1337=VECTOR('',#4456,10.);
#1338=VECTOR('',#4457,10.);
#1339=VECTOR('',#4460,10.);
#1340=VECTOR('',#4461,10.);
#1341=VECTOR('',#4462,10.);
#1342=VECTOR('',#4463,10.);
#1343=VECTOR('',#4466,10.);
#1344=VECTOR('',#4467,10.);
#1345=VECTOR('',#4468,10.);
#1346=VECTOR('',#4471,10.);
#1347=VECTOR('',#4472,10.);
#1348=VECTOR('',#4473,10.);
#1349=VECTOR('',#4476,10.);
#1350=VECTOR('',#4477,10.);
#1351=VECTOR('',#4480,10.);
#1352=VECTOR('',#4481,10.);
#1353=VECTOR('',#4482,10.);
#1354=VECTOR('',#4483,10.);
#1355=VECTOR('',#4486,10.);
#1356=VECTOR('',#4487,10.);
#1357=VECTOR('',#4488,10.);
#1358=VECTOR('',#4491,10.);
#1359=VECTOR('',#4492,10.);
#1360=VECTOR('',#4493,10.);
#1361=VECTOR('',#4496,10.);
#1362=VECTOR('',#4497,10.);
#1363=VECTOR('',#4500,10.);
#1364=VECTOR('',#4501,10.);
#1365=VECTOR('',#4502,10.);
#1366=VECTOR('',#4503,10.);
#1367=VECTOR('',#4506,10.);
#1368=VECTOR('',#4507,10.);
#1369=VECTOR('',#4508,10.);
#1370=VECTOR('',#4511,10.);
#1371=VECTOR('',#4512,10.);
#1372=VECTOR('',#4513,10.);
#1373=VECTOR('',#4516,10.);
#1374=VECTOR('',#4517,10.);
#1375=VECTOR('',#4520,10.);
#1376=VECTOR('',#4521,10.);
#1377=VECTOR('',#4522,10.);
#1378=VECTOR('',#4523,10.);
#1379=VECTOR('',#4526,10.);
#1380=VECTOR('',#4527,10.);
#1381=VECTOR('',#4528,10.);
#1382=VECTOR('',#4531,10.);
#1383=VECTOR('',#4532,10.);
#1384=VECTOR('',#4533,10.);
#1385=VECTOR('',#4536,10.);
#1386=VECTOR('',#4537,10.);
#1387=VECTOR('',#4540,10.);
#1388=VECTOR('',#4541,10.);
#1389=VECTOR('',#4542,10.);
#1390=VECTOR('',#4543,10.);
#1391=VECTOR('',#4546,10.);
#1392=VECTOR('',#4547,10.);
#1393=VECTOR('',#4548,10.);
#1394=VECTOR('',#4551,10.);
#1395=VECTOR('',#4552,10.);
#1396=VECTOR('',#4553,10.);
#1397=VECTOR('',#4556,10.);
#1398=VECTOR('',#4557,10.);
#1399=VECTOR('',#4560,10.);
#1400=VECTOR('',#4561,10.);
#1401=VECTOR('',#4562,10.);
#1402=VECTOR('',#4563,10.);
#1403=VECTOR('',#4566,10.);
#1404=VECTOR('',#4567,10.);
#1405=VECTOR('',#4568,10.);
#1406=VECTOR('',#4571,10.);
#1407=VECTOR('',#4572,10.);
#1408=VECTOR('',#4573,10.);
#1409=VECTOR('',#4576,10.);
#1410=VECTOR('',#4577,10.);
#1411=VECTOR('',#4580,10.);
#1412=VECTOR('',#4581,10.);
#1413=VECTOR('',#4582,10.);
#1414=VECTOR('',#4583,10.);
#1415=VECTOR('',#4586,10.);
#1416=VECTOR('',#4587,10.);
#1417=VECTOR('',#4588,10.);
#1418=VECTOR('',#4591,10.);
#1419=VECTOR('',#4592,10.);
#1420=VECTOR('',#4593,10.);
#1421=VECTOR('',#4596,10.);
#1422=VECTOR('',#4597,10.);
#1423=VECTOR('',#4600,10.);
#1424=VECTOR('',#4601,10.);
#1425=VECTOR('',#4602,10.);
#1426=VECTOR('',#4603,10.);
#1427=VECTOR('',#4606,10.);
#1428=VECTOR('',#4607,10.);
#1429=VECTOR('',#4608,10.);
#1430=VECTOR('',#4611,10.);
#1431=VECTOR('',#4612,10.);
#1432=VECTOR('',#4613,10.);
#1433=VECTOR('',#4616,10.);
#1434=VECTOR('',#4617,10.);
#1435=VECTOR('',#4620,10.);
#1436=VECTOR('',#4621,10.);
#1437=VECTOR('',#4622,10.);
#1438=VECTOR('',#4623,10.);
#1439=VECTOR('',#4626,10.);
#1440=VECTOR('',#4627,10.);
#1441=VECTOR('',#4628,10.);
#1442=VECTOR('',#4631,10.);
#1443=VECTOR('',#4632,10.);
#1444=VECTOR('',#4633,10.);
#1445=VECTOR('',#4636,10.);
#1446=VECTOR('',#4637,10.);
#1447=VECTOR('',#4640,10.);
#1448=VECTOR('',#4641,10.);
#1449=VECTOR('',#4642,10.);
#1450=VECTOR('',#4643,10.);
#1451=VECTOR('',#4646,10.);
#1452=VECTOR('',#4647,10.);
#1453=VECTOR('',#4648,10.);
#1454=VECTOR('',#4651,10.);
#1455=VECTOR('',#4652,10.);
#1456=VECTOR('',#4653,10.);
#1457=VECTOR('',#4656,10.);
#1458=VECTOR('',#4657,10.);
#1459=VECTOR('',#4660,10.);
#1460=VECTOR('',#4661,10.);
#1461=VECTOR('',#4662,10.);
#1462=VECTOR('',#4663,10.);
#1463=VECTOR('',#4666,10.);
#1464=VECTOR('',#4667,10.);
#1465=VECTOR('',#4668,10.);
#1466=VECTOR('',#4671,10.);
#1467=VECTOR('',#4672,10.);
#1468=VECTOR('',#4673,10.);
#1469=VECTOR('',#4676,10.);
#1470=VECTOR('',#4677,10.);
#1471=VECTOR('',#4678,10.);
#1472=VECTOR('',#4679,10.);
#1473=VECTOR('',#4686,10.);
#1474=VECTOR('',#4689,10.);
#1475=VECTOR('',#4690,10.);
#1476=VECTOR('',#4691,10.);
#1477=VECTOR('',#4698,10.);
#1478=VECTOR('',#4699,10.);
#1479=VECTOR('',#4700,10.);
#1480=VECTOR('',#4707,10.);
#1481=VECTOR('',#4710,10.);
#1482=VECTOR('',#4711,10.);
#1483=VECTOR('',#4712,10.);
#1484=VECTOR('',#4719,10.);
#1485=VECTOR('',#4726,10.);
#1486=VECTOR('',#4733,10.);
#1487=VECTOR('',#4734,10.);
#1488=VECTOR('',#4737,10.);
#1489=VECTOR('',#4738,10.);
#1490=VECTOR('',#4739,10.);
#1491=VECTOR('',#4746,10.);
#1492=VECTOR('',#4749,10.);
#1493=VECTOR('',#4750,10.);
#1494=VECTOR('',#4751,10.);
#1495=VECTOR('',#4754,10.);
#1496=VECTOR('',#4755,10.);
#1497=VECTOR('',#4756,10.);
#1498=VECTOR('',#4763,10.);
#1499=VECTOR('',#4766,10.);
#1500=VECTOR('',#4767,10.);
#1501=VECTOR('',#4768,10.);
#1502=VECTOR('',#4771,10.);
#1503=VECTOR('',#4772,10.);
#1504=VECTOR('',#4773,10.);
#1505=VECTOR('',#4780,10.);
#1506=VECTOR('',#4783,10.);
#1507=VECTOR('',#4784,10.);
#1508=VECTOR('',#4785,10.);
#1509=VECTOR('',#4788,10.);
#1510=VECTOR('',#4789,10.);
#1511=VECTOR('',#4790,10.);
#1512=VECTOR('',#4797,10.);
#1513=VECTOR('',#4800,10.);
#1514=VECTOR('',#4801,10.);
#1515=VECTOR('',#4802,10.);
#1516=VECTOR('',#4809,10.);
#1517=VECTOR('',#4812,10.);
#1518=VECTOR('',#4813,10.);
#1519=VERTEX_POINT('',#4820);
#1520=VERTEX_POINT('',#4821);
#1521=VERTEX_POINT('',#4823);
#1522=VERTEX_POINT('',#4825);
#1523=VERTEX_POINT('',#4829);
#1524=VERTEX_POINT('',#4831);
#1525=VERTEX_POINT('',#4835);
#1526=VERTEX_POINT('',#4837);
#1527=VERTEX_POINT('',#4844);
#1528=VERTEX_POINT('',#4845);
#1529=VERTEX_POINT('',#4847);
#1530=VERTEX_POINT('',#4849);
#1531=VERTEX_POINT('',#4853);
#1532=VERTEX_POINT('',#4855);
#1533=VERTEX_POINT('',#4859);
#1534=VERTEX_POINT('',#4861);
#1535=VERTEX_POINT('',#4868);
#1536=VERTEX_POINT('',#4869);
#1537=VERTEX_POINT('',#4871);
#1538=VERTEX_POINT('',#4873);
#1539=VERTEX_POINT('',#4877);
#1540=VERTEX_POINT('',#4879);
#1541=VERTEX_POINT('',#4883);
#1542=VERTEX_POINT('',#4885);
#1543=VERTEX_POINT('',#4892);
#1544=VERTEX_POINT('',#4893);
#1545=VERTEX_POINT('',#4895);
#1546=VERTEX_POINT('',#4897);
#1547=VERTEX_POINT('',#4901);
#1548=VERTEX_POINT('',#4903);
#1549=VERTEX_POINT('',#4907);
#1550=VERTEX_POINT('',#4909);
#1551=VERTEX_POINT('',#4916);
#1552=VERTEX_POINT('',#4917);
#1553=VERTEX_POINT('',#4919);
#1554=VERTEX_POINT('',#4921);
#1555=VERTEX_POINT('',#4925);
#1556=VERTEX_POINT('',#4927);
#1557=VERTEX_POINT('',#4931);
#1558=VERTEX_POINT('',#4933);
#1559=VERTEX_POINT('',#4940);
#1560=VERTEX_POINT('',#4941);
#1561=VERTEX_POINT('',#4943);
#1562=VERTEX_POINT('',#4945);
#1563=VERTEX_POINT('',#4949);
#1564=VERTEX_POINT('',#4951);
#1565=VERTEX_POINT('',#4955);
#1566=VERTEX_POINT('',#4957);
#1567=VERTEX_POINT('',#4964);
#1568=VERTEX_POINT('',#4965);
#1569=VERTEX_POINT('',#4967);
#1570=VERTEX_POINT('',#4969);
#1571=VERTEX_POINT('',#4973);
#1572=VERTEX_POINT('',#4975);
#1573=VERTEX_POINT('',#4979);
#1574=VERTEX_POINT('',#4981);
#1575=VERTEX_POINT('',#4988);
#1576=VERTEX_POINT('',#4989);
#1577=VERTEX_POINT('',#4991);
#1578=VERTEX_POINT('',#4993);
#1579=VERTEX_POINT('',#4997);
#1580=VERTEX_POINT('',#4999);
#1581=VERTEX_POINT('',#5003);
#1582=VERTEX_POINT('',#5005);
#1583=VERTEX_POINT('',#5012);
#1584=VERTEX_POINT('',#5013);
#1585=VERTEX_POINT('',#5015);
#1586=VERTEX_POINT('',#5017);
#1587=VERTEX_POINT('',#5021);
#1588=VERTEX_POINT('',#5023);
#1589=VERTEX_POINT('',#5027);
#1590=VERTEX_POINT('',#5029);
#1591=VERTEX_POINT('',#5036);
#1592=VERTEX_POINT('',#5037);
#1593=VERTEX_POINT('',#5039);
#1594=VERTEX_POINT('',#5041);
#1595=VERTEX_POINT('',#5045);
#1596=VERTEX_POINT('',#5047);
#1597=VERTEX_POINT('',#5051);
#1598=VERTEX_POINT('',#5053);
#1599=VERTEX_POINT('',#5060);
#1600=VERTEX_POINT('',#5061);
#1601=VERTEX_POINT('',#5063);
#1602=VERTEX_POINT('',#5065);
#1603=VERTEX_POINT('',#5069);
#1604=VERTEX_POINT('',#5071);
#1605=VERTEX_POINT('',#5075);
#1606=VERTEX_POINT('',#5077);
#1607=VERTEX_POINT('',#5084);
#1608=VERTEX_POINT('',#5085);
#1609=VERTEX_POINT('',#5087);
#1610=VERTEX_POINT('',#5089);
#1611=VERTEX_POINT('',#5093);
#1612=VERTEX_POINT('',#5095);
#1613=VERTEX_POINT('',#5099);
#1614=VERTEX_POINT('',#5101);
#1615=VERTEX_POINT('',#5108);
#1616=VERTEX_POINT('',#5110);
#1617=VERTEX_POINT('',#5114);
#1618=VERTEX_POINT('',#5115);
#1619=VERTEX_POINT('',#5117);
#1620=VERTEX_POINT('',#5119);
#1621=VERTEX_POINT('',#5123);
#1622=VERTEX_POINT('',#5125);
#1623=VERTEX_POINT('',#5129);
#1624=VERTEX_POINT('',#5131);
#1625=VERTEX_POINT('',#5138);
#1626=VERTEX_POINT('',#5139);
#1627=VERTEX_POINT('',#5141);
#1628=VERTEX_POINT('',#5143);
#1629=VERTEX_POINT('',#5147);
#1630=VERTEX_POINT('',#5149);
#1631=VERTEX_POINT('',#5153);
#1632=VERTEX_POINT('',#5155);
#1633=VERTEX_POINT('',#5162);
#1634=VERTEX_POINT('',#5163);
#1635=VERTEX_POINT('',#5165);
#1636=VERTEX_POINT('',#5167);
#1637=VERTEX_POINT('',#5171);
#1638=VERTEX_POINT('',#5173);
#1639=VERTEX_POINT('',#5177);
#1640=VERTEX_POINT('',#5179);
#1641=VERTEX_POINT('',#5186);
#1642=VERTEX_POINT('',#5187);
#1643=VERTEX_POINT('',#5189);
#1644=VERTEX_POINT('',#5191);
#1645=VERTEX_POINT('',#5195);
#1646=VERTEX_POINT('',#5197);
#1647=VERTEX_POINT('',#5201);
#1648=VERTEX_POINT('',#5203);
#1649=VERTEX_POINT('',#5210);
#1650=VERTEX_POINT('',#5212);
#1651=VERTEX_POINT('',#5216);
#1652=VERTEX_POINT('',#5217);
#1653=VERTEX_POINT('',#5219);
#1654=VERTEX_POINT('',#5221);
#1655=VERTEX_POINT('',#5225);
#1656=VERTEX_POINT('',#5227);
#1657=VERTEX_POINT('',#5231);
#1658=VERTEX_POINT('',#5233);
#1659=VERTEX_POINT('',#5237);
#1660=VERTEX_POINT('',#5239);
#1661=VERTEX_POINT('',#5243);
#1662=VERTEX_POINT('',#5245);
#1663=VERTEX_POINT('',#5249);
#1664=VERTEX_POINT('',#5251);
#1665=VERTEX_POINT('',#5255);
#1666=VERTEX_POINT('',#5257);
#1667=VERTEX_POINT('',#5261);
#1668=VERTEX_POINT('',#5263);
#1669=VERTEX_POINT('',#5267);
#1670=VERTEX_POINT('',#5269);
#1671=VERTEX_POINT('',#5273);
#1672=VERTEX_POINT('',#5275);
#1673=VERTEX_POINT('',#5279);
#1674=VERTEX_POINT('',#5281);
#1675=VERTEX_POINT('',#5288);
#1676=VERTEX_POINT('',#5290);
#1677=VERTEX_POINT('',#5294);
#1678=VERTEX_POINT('',#5296);
#1679=VERTEX_POINT('',#5300);
#1680=VERTEX_POINT('',#5302);
#1681=VERTEX_POINT('',#5306);
#1682=VERTEX_POINT('',#5307);
#1683=VERTEX_POINT('',#5309);
#1684=VERTEX_POINT('',#5311);
#1685=VERTEX_POINT('',#5315);
#1686=VERTEX_POINT('',#5317);
#1687=VERTEX_POINT('',#5321);
#1688=VERTEX_POINT('',#5323);
#1689=VERTEX_POINT('',#5330);
#1690=VERTEX_POINT('',#5331);
#1691=VERTEX_POINT('',#5333);
#1692=VERTEX_POINT('',#5335);
#1693=VERTEX_POINT('',#5339);
#1694=VERTEX_POINT('',#5341);
#1695=VERTEX_POINT('',#5345);
#1696=VERTEX_POINT('',#5347);
#1697=VERTEX_POINT('',#5354);
#1698=VERTEX_POINT('',#5355);
#1699=VERTEX_POINT('',#5357);
#1700=VERTEX_POINT('',#5359);
#1701=VERTEX_POINT('',#5363);
#1702=VERTEX_POINT('',#5365);
#1703=VERTEX_POINT('',#5369);
#1704=VERTEX_POINT('',#5371);
#1705=VERTEX_POINT('',#5378);
#1706=VERTEX_POINT('',#5379);
#1707=VERTEX_POINT('',#5381);
#1708=VERTEX_POINT('',#5383);
#1709=VERTEX_POINT('',#5387);
#1710=VERTEX_POINT('',#5389);
#1711=VERTEX_POINT('',#5393);
#1712=VERTEX_POINT('',#5395);
#1713=VERTEX_POINT('',#5402);
#1714=VERTEX_POINT('',#5403);
#1715=VERTEX_POINT('',#5405);
#1716=VERTEX_POINT('',#5407);
#1717=VERTEX_POINT('',#5411);
#1718=VERTEX_POINT('',#5413);
#1719=VERTEX_POINT('',#5417);
#1720=VERTEX_POINT('',#5419);
#1721=VERTEX_POINT('',#5426);
#1722=VERTEX_POINT('',#5427);
#1723=VERTEX_POINT('',#5429);
#1724=VERTEX_POINT('',#5431);
#1725=VERTEX_POINT('',#5435);
#1726=VERTEX_POINT('',#5437);
#1727=VERTEX_POINT('',#5441);
#1728=VERTEX_POINT('',#5443);
#1729=VERTEX_POINT('',#5450);
#1730=VERTEX_POINT('',#5451);
#1731=VERTEX_POINT('',#5453);
#1732=VERTEX_POINT('',#5455);
#1733=VERTEX_POINT('',#5459);
#1734=VERTEX_POINT('',#5461);
#1735=VERTEX_POINT('',#5465);
#1736=VERTEX_POINT('',#5467);
#1737=VERTEX_POINT('',#5474);
#1738=VERTEX_POINT('',#5475);
#1739=VERTEX_POINT('',#5477);
#1740=VERTEX_POINT('',#5479);
#1741=VERTEX_POINT('',#5483);
#1742=VERTEX_POINT('',#5485);
#1743=VERTEX_POINT('',#5489);
#1744=VERTEX_POINT('',#5491);
#1745=VERTEX_POINT('',#5498);
#1746=VERTEX_POINT('',#5499);
#1747=VERTEX_POINT('',#5501);
#1748=VERTEX_POINT('',#5503);
#1749=VERTEX_POINT('',#5507);
#1750=VERTEX_POINT('',#5509);
#1751=VERTEX_POINT('',#5513);
#1752=VERTEX_POINT('',#5515);
#1753=VERTEX_POINT('',#5522);
#1754=VERTEX_POINT('',#5523);
#1755=VERTEX_POINT('',#5525);
#1756=VERTEX_POINT('',#5527);
#1757=VERTEX_POINT('',#5531);
#1758=VERTEX_POINT('',#5533);
#1759=VERTEX_POINT('',#5537);
#1760=VERTEX_POINT('',#5539);
#1761=VERTEX_POINT('',#5546);
#1762=VERTEX_POINT('',#5547);
#1763=VERTEX_POINT('',#5549);
#1764=VERTEX_POINT('',#5551);
#1765=VERTEX_POINT('',#5555);
#1766=VERTEX_POINT('',#5557);
#1767=VERTEX_POINT('',#5561);
#1768=VERTEX_POINT('',#5563);
#1769=VERTEX_POINT('',#5570);
#1770=VERTEX_POINT('',#5571);
#1771=VERTEX_POINT('',#5573);
#1772=VERTEX_POINT('',#5575);
#1773=VERTEX_POINT('',#5579);
#1774=VERTEX_POINT('',#5581);
#1775=VERTEX_POINT('',#5585);
#1776=VERTEX_POINT('',#5587);
#1777=VERTEX_POINT('',#5594);
#1778=VERTEX_POINT('',#5595);
#1779=VERTEX_POINT('',#5597);
#1780=VERTEX_POINT('',#5599);
#1781=VERTEX_POINT('',#5603);
#1782=VERTEX_POINT('',#5605);
#1783=VERTEX_POINT('',#5609);
#1784=VERTEX_POINT('',#5611);
#1785=VERTEX_POINT('',#5618);
#1786=VERTEX_POINT('',#5619);
#1787=VERTEX_POINT('',#5621);
#1788=VERTEX_POINT('',#5623);
#1789=VERTEX_POINT('',#5627);
#1790=VERTEX_POINT('',#5629);
#1791=VERTEX_POINT('',#5633);
#1792=VERTEX_POINT('',#5635);
#1793=VERTEX_POINT('',#5642);
#1794=VERTEX_POINT('',#5643);
#1795=VERTEX_POINT('',#5645);
#1796=VERTEX_POINT('',#5647);
#1797=VERTEX_POINT('',#5651);
#1798=VERTEX_POINT('',#5653);
#1799=VERTEX_POINT('',#5657);
#1800=VERTEX_POINT('',#5659);
#1801=VERTEX_POINT('',#5666);
#1802=VERTEX_POINT('',#5667);
#1803=VERTEX_POINT('',#5669);
#1804=VERTEX_POINT('',#5671);
#1805=VERTEX_POINT('',#5675);
#1806=VERTEX_POINT('',#5677);
#1807=VERTEX_POINT('',#5681);
#1808=VERTEX_POINT('',#5683);
#1809=VERTEX_POINT('',#5701);
#1810=VERTEX_POINT('',#5702);
#1811=VERTEX_POINT('',#5709);
#1812=VERTEX_POINT('',#5711);
#1813=VERTEX_POINT('',#5720);
#1814=VERTEX_POINT('',#5722);
#1815=VERTEX_POINT('',#5726);
#1816=VERTEX_POINT('',#5728);
#1817=VERTEX_POINT('',#5732);
#1818=VERTEX_POINT('',#5734);
#1819=VERTEX_POINT('',#5757);
#1820=VERTEX_POINT('',#5768);
#1821=VERTEX_POINT('',#5872);
#1822=VERTEX_POINT('',#5919);
#1823=VERTEX_POINT('',#5968);
#1824=VERTEX_POINT('',#5970);
#1825=VERTEX_POINT('',#5974);
#1826=VERTEX_POINT('',#5976);
#1827=VERTEX_POINT('',#5980);
#1828=VERTEX_POINT('',#5982);
#1829=VERTEX_POINT('',#5986);
#1830=VERTEX_POINT('',#5988);
#1831=VERTEX_POINT('',#5992);
#1832=VERTEX_POINT('',#5994);
#1833=VERTEX_POINT('',#6105);
#1834=VERTEX_POINT('',#6160);
#1835=VERTEX_POINT('',#6217);
#1836=VERTEX_POINT('',#6219);
#1837=VERTEX_POINT('',#6223);
#1838=VERTEX_POINT('',#6225);
#1839=VERTEX_POINT('',#6229);
#1840=VERTEX_POINT('',#6231);
#1841=VERTEX_POINT('',#6235);
#1842=VERTEX_POINT('',#6237);
#1843=VERTEX_POINT('',#6241);
#1844=VERTEX_POINT('',#6243);
#1845=VERTEX_POINT('',#6247);
#1846=VERTEX_POINT('',#6249);
#1847=VERTEX_POINT('',#6253);
#1848=VERTEX_POINT('',#6255);
#1849=VERTEX_POINT('',#6259);
#1850=VERTEX_POINT('',#6261);
#1851=VERTEX_POINT('',#6265);
#1852=VERTEX_POINT('',#6267);
#1853=VERTEX_POINT('',#6271);
#1854=VERTEX_POINT('',#6273);
#1855=VERTEX_POINT('',#6277);
#1856=VERTEX_POINT('',#6279);
#1857=VERTEX_POINT('',#6283);
#1858=VERTEX_POINT('',#6285);
#1859=VERTEX_POINT('',#6289);
#1860=VERTEX_POINT('',#6291);
#1861=EDGE_CURVE('',#1519,#1520,#573,.T.);
#1862=EDGE_CURVE('',#1520,#1521,#574,.T.);
#1863=EDGE_CURVE('',#1522,#1521,#575,.T.);
#1864=EDGE_CURVE('',#1519,#1522,#576,.T.);
#1865=EDGE_CURVE('',#1523,#1519,#577,.T.);
#1866=EDGE_CURVE('',#1524,#1522,#578,.T.);
#1867=EDGE_CURVE('',#1523,#1524,#579,.T.);
#1868=EDGE_CURVE('',#1525,#1523,#580,.T.);
#1869=EDGE_CURVE('',#1526,#1524,#581,.T.);
#1870=EDGE_CURVE('',#1525,#1526,#582,.T.);
#1871=EDGE_CURVE('',#1520,#1525,#583,.T.);
#1872=EDGE_CURVE('',#1521,#1526,#584,.T.);
#1873=EDGE_CURVE('',#1527,#1528,#585,.T.);
#1874=EDGE_CURVE('',#1528,#1529,#586,.T.);
#1875=EDGE_CURVE('',#1530,#1529,#587,.T.);
#1876=EDGE_CURVE('',#1527,#1530,#588,.T.);
#1877=EDGE_CURVE('',#1531,#1527,#589,.T.);
#1878=EDGE_CURVE('',#1532,#1530,#590,.T.);
#1879=EDGE_CURVE('',#1531,#1532,#591,.T.);
#1880=EDGE_CURVE('',#1533,#1531,#592,.T.);
#1881=EDGE_CURVE('',#1534,#1532,#593,.T.);
#1882=EDGE_CURVE('',#1533,#1534,#594,.T.);
#1883=EDGE_CURVE('',#1528,#1533,#595,.T.);
#1884=EDGE_CURVE('',#1529,#1534,#596,.T.);
#1885=EDGE_CURVE('',#1535,#1536,#597,.T.);
#1886=EDGE_CURVE('',#1536,#1537,#598,.T.);
#1887=EDGE_CURVE('',#1538,#1537,#599,.T.);
#1888=EDGE_CURVE('',#1535,#1538,#600,.T.);
#1889=EDGE_CURVE('',#1539,#1535,#601,.T.);
#1890=EDGE_CURVE('',#1540,#1538,#602,.T.);
#1891=EDGE_CURVE('',#1539,#1540,#603,.T.);
#1892=EDGE_CURVE('',#1541,#1539,#604,.T.);
#1893=EDGE_CURVE('',#1542,#1540,#605,.T.);
#1894=EDGE_CURVE('',#1541,#1542,#606,.T.);
#1895=EDGE_CURVE('',#1536,#1541,#607,.T.);
#1896=EDGE_CURVE('',#1537,#1542,#608,.T.);
#1897=EDGE_CURVE('',#1543,#1544,#609,.T.);
#1898=EDGE_CURVE('',#1544,#1545,#610,.T.);
#1899=EDGE_CURVE('',#1546,#1545,#611,.T.);
#1900=EDGE_CURVE('',#1543,#1546,#612,.T.);
#1901=EDGE_CURVE('',#1547,#1543,#613,.T.);
#1902=EDGE_CURVE('',#1548,#1546,#614,.T.);
#1903=EDGE_CURVE('',#1547,#1548,#615,.T.);
#1904=EDGE_CURVE('',#1549,#1547,#616,.T.);
#1905=EDGE_CURVE('',#1550,#1548,#617,.T.);
#1906=EDGE_CURVE('',#1549,#1550,#618,.T.);
#1907=EDGE_CURVE('',#1544,#1549,#619,.T.);
#1908=EDGE_CURVE('',#1545,#1550,#620,.T.);
#1909=EDGE_CURVE('',#1551,#1552,#621,.T.);
#1910=EDGE_CURVE('',#1552,#1553,#622,.T.);
#1911=EDGE_CURVE('',#1554,#1553,#623,.T.);
#1912=EDGE_CURVE('',#1551,#1554,#624,.T.);
#1913=EDGE_CURVE('',#1555,#1551,#625,.T.);
#1914=EDGE_CURVE('',#1556,#1554,#626,.T.);
#1915=EDGE_CURVE('',#1555,#1556,#627,.T.);
#1916=EDGE_CURVE('',#1557,#1555,#628,.T.);
#1917=EDGE_CURVE('',#1558,#1556,#629,.T.);
#1918=EDGE_CURVE('',#1557,#1558,#630,.T.);
#1919=EDGE_CURVE('',#1552,#1557,#631,.T.);
#1920=EDGE_CURVE('',#1553,#1558,#632,.T.);
#1921=EDGE_CURVE('',#1559,#1560,#633,.T.);
#1922=EDGE_CURVE('',#1560,#1561,#634,.T.);
#1923=EDGE_CURVE('',#1562,#1561,#635,.T.);
#1924=EDGE_CURVE('',#1559,#1562,#636,.T.);
#1925=EDGE_CURVE('',#1563,#1559,#637,.T.);
#1926=EDGE_CURVE('',#1564,#1562,#638,.T.);
#1927=EDGE_CURVE('',#1563,#1564,#639,.T.);
#1928=EDGE_CURVE('',#1565,#1563,#640,.T.);
#1929=EDGE_CURVE('',#1566,#1564,#641,.T.);
#1930=EDGE_CURVE('',#1565,#1566,#642,.T.);
#1931=EDGE_CURVE('',#1560,#1565,#643,.T.);
#1932=EDGE_CURVE('',#1561,#1566,#644,.T.);
#1933=EDGE_CURVE('',#1567,#1568,#645,.T.);
#1934=EDGE_CURVE('',#1568,#1569,#646,.T.);
#1935=EDGE_CURVE('',#1570,#1569,#647,.T.);
#1936=EDGE_CURVE('',#1567,#1570,#648,.T.);
#1937=EDGE_CURVE('',#1571,#1567,#649,.T.);
#1938=EDGE_CURVE('',#1572,#1570,#650,.T.);
#1939=EDGE_CURVE('',#1571,#1572,#651,.T.);
#1940=EDGE_CURVE('',#1573,#1571,#652,.T.);
#1941=EDGE_CURVE('',#1574,#1572,#653,.T.);
#1942=EDGE_CURVE('',#1573,#1574,#654,.T.);
#1943=EDGE_CURVE('',#1568,#1573,#655,.T.);
#1944=EDGE_CURVE('',#1569,#1574,#656,.T.);
#1945=EDGE_CURVE('',#1575,#1576,#657,.T.);
#1946=EDGE_CURVE('',#1576,#1577,#658,.T.);
#1947=EDGE_CURVE('',#1578,#1577,#659,.T.);
#1948=EDGE_CURVE('',#1575,#1578,#660,.T.);
#1949=EDGE_CURVE('',#1579,#1575,#661,.T.);
#1950=EDGE_CURVE('',#1580,#1578,#662,.T.);
#1951=EDGE_CURVE('',#1579,#1580,#663,.T.);
#1952=EDGE_CURVE('',#1581,#1579,#664,.T.);
#1953=EDGE_CURVE('',#1582,#1580,#665,.T.);
#1954=EDGE_CURVE('',#1581,#1582,#666,.T.);
#1955=EDGE_CURVE('',#1576,#1581,#667,.T.);
#1956=EDGE_CURVE('',#1577,#1582,#668,.T.);
#1957=EDGE_CURVE('',#1583,#1584,#669,.T.);
#1958=EDGE_CURVE('',#1584,#1585,#670,.T.);
#1959=EDGE_CURVE('',#1586,#1585,#671,.T.);
#1960=EDGE_CURVE('',#1583,#1586,#672,.T.);
#1961=EDGE_CURVE('',#1587,#1583,#673,.T.);
#1962=EDGE_CURVE('',#1588,#1586,#674,.T.);
#1963=EDGE_CURVE('',#1587,#1588,#675,.T.);
#1964=EDGE_CURVE('',#1589,#1587,#676,.T.);
#1965=EDGE_CURVE('',#1590,#1588,#677,.T.);
#1966=EDGE_CURVE('',#1589,#1590,#678,.T.);
#1967=EDGE_CURVE('',#1584,#1589,#679,.T.);
#1968=EDGE_CURVE('',#1585,#1590,#680,.T.);
#1969=EDGE_CURVE('',#1591,#1592,#681,.T.);
#1970=EDGE_CURVE('',#1592,#1593,#682,.T.);
#1971=EDGE_CURVE('',#1594,#1593,#683,.T.);
#1972=EDGE_CURVE('',#1591,#1594,#684,.T.);
#1973=EDGE_CURVE('',#1595,#1591,#685,.T.);
#1974=EDGE_CURVE('',#1596,#1594,#686,.T.);
#1975=EDGE_CURVE('',#1595,#1596,#687,.T.);
#1976=EDGE_CURVE('',#1597,#1595,#688,.T.);
#1977=EDGE_CURVE('',#1598,#1596,#689,.T.);
#1978=EDGE_CURVE('',#1597,#1598,#690,.T.);
#1979=EDGE_CURVE('',#1592,#1597,#691,.T.);
#1980=EDGE_CURVE('',#1593,#1598,#692,.T.);
#1981=EDGE_CURVE('',#1599,#1600,#693,.T.);
#1982=EDGE_CURVE('',#1600,#1601,#694,.T.);
#1983=EDGE_CURVE('',#1602,#1601,#695,.T.);
#1984=EDGE_CURVE('',#1599,#1602,#696,.T.);
#1985=EDGE_CURVE('',#1603,#1599,#697,.T.);
#1986=EDGE_CURVE('',#1604,#1602,#698,.T.);
#1987=EDGE_CURVE('',#1603,#1604,#699,.T.);
#1988=EDGE_CURVE('',#1605,#1603,#700,.T.);
#1989=EDGE_CURVE('',#1606,#1604,#701,.T.);
#1990=EDGE_CURVE('',#1605,#1606,#702,.T.);
#1991=EDGE_CURVE('',#1600,#1605,#703,.T.);
#1992=EDGE_CURVE('',#1601,#1606,#704,.T.);
#1993=EDGE_CURVE('',#1607,#1608,#705,.T.);
#1994=EDGE_CURVE('',#1608,#1609,#706,.T.);
#1995=EDGE_CURVE('',#1610,#1609,#707,.T.);
#1996=EDGE_CURVE('',#1607,#1610,#708,.T.);
#1997=EDGE_CURVE('',#1611,#1607,#709,.T.);
#1998=EDGE_CURVE('',#1612,#1610,#710,.T.);
#1999=EDGE_CURVE('',#1611,#1612,#711,.T.);
#2000=EDGE_CURVE('',#1613,#1611,#712,.T.);
#2001=EDGE_CURVE('',#1614,#1612,#713,.T.);
#2002=EDGE_CURVE('',#1613,#1614,#714,.T.);
#2003=EDGE_CURVE('',#1608,#1613,#715,.T.);
#2004=EDGE_CURVE('',#1609,#1614,#716,.T.);
#2005=EDGE_CURVE('',#1615,#1615,#103,.T.);
#2006=EDGE_CURVE('',#1615,#1616,#717,.T.);
#2007=EDGE_CURVE('',#1616,#1616,#104,.T.);
#2008=EDGE_CURVE('',#1617,#1618,#718,.T.);
#2009=EDGE_CURVE('',#1618,#1619,#719,.T.);
#2010=EDGE_CURVE('',#1620,#1619,#720,.T.);
#2011=EDGE_CURVE('',#1617,#1620,#721,.T.);
#2012=EDGE_CURVE('',#1621,#1617,#722,.T.);
#2013=EDGE_CURVE('',#1622,#1620,#723,.T.);
#2014=EDGE_CURVE('',#1621,#1622,#724,.T.);
#2015=EDGE_CURVE('',#1623,#1621,#725,.T.);
#2016=EDGE_CURVE('',#1624,#1622,#726,.T.);
#2017=EDGE_CURVE('',#1623,#1624,#727,.T.);
#2018=EDGE_CURVE('',#1618,#1623,#728,.T.);
#2019=EDGE_CURVE('',#1619,#1624,#729,.T.);
#2020=EDGE_CURVE('',#1625,#1626,#730,.T.);
#2021=EDGE_CURVE('',#1626,#1627,#731,.T.);
#2022=EDGE_CURVE('',#1628,#1627,#732,.T.);
#2023=EDGE_CURVE('',#1625,#1628,#733,.T.);
#2024=EDGE_CURVE('',#1629,#1625,#734,.T.);
#2025=EDGE_CURVE('',#1630,#1628,#735,.T.);
#2026=EDGE_CURVE('',#1629,#1630,#736,.T.);
#2027=EDGE_CURVE('',#1631,#1629,#737,.T.);
#2028=EDGE_CURVE('',#1632,#1630,#738,.T.);
#2029=EDGE_CURVE('',#1631,#1632,#739,.T.);
#2030=EDGE_CURVE('',#1626,#1631,#740,.T.);
#2031=EDGE_CURVE('',#1627,#1632,#741,.T.);
#2032=EDGE_CURVE('',#1633,#1634,#742,.T.);
#2033=EDGE_CURVE('',#1634,#1635,#743,.T.);
#2034=EDGE_CURVE('',#1636,#1635,#744,.T.);
#2035=EDGE_CURVE('',#1633,#1636,#745,.T.);
#2036=EDGE_CURVE('',#1637,#1633,#746,.T.);
#2037=EDGE_CURVE('',#1638,#1636,#747,.T.);
#2038=EDGE_CURVE('',#1637,#1638,#748,.T.);
#2039=EDGE_CURVE('',#1639,#1637,#749,.T.);
#2040=EDGE_CURVE('',#1640,#1638,#750,.T.);
#2041=EDGE_CURVE('',#1639,#1640,#751,.T.);
#2042=EDGE_CURVE('',#1634,#1639,#752,.T.);
#2043=EDGE_CURVE('',#1635,#1640,#753,.T.);
#2044=EDGE_CURVE('',#1641,#1642,#754,.T.);
#2045=EDGE_CURVE('',#1642,#1643,#755,.T.);
#2046=EDGE_CURVE('',#1644,#1643,#756,.T.);
#2047=EDGE_CURVE('',#1641,#1644,#757,.T.);
#2048=EDGE_CURVE('',#1645,#1641,#758,.T.);
#2049=EDGE_CURVE('',#1646,#1644,#759,.T.);
#2050=EDGE_CURVE('',#1645,#1646,#760,.T.);
#2051=EDGE_CURVE('',#1647,#1645,#761,.T.);
#2052=EDGE_CURVE('',#1648,#1646,#762,.T.);
#2053=EDGE_CURVE('',#1647,#1648,#763,.T.);
#2054=EDGE_CURVE('',#1642,#1647,#764,.T.);
#2055=EDGE_CURVE('',#1643,#1648,#765,.T.);
#2056=EDGE_CURVE('',#1649,#1649,#105,.T.);
#2057=EDGE_CURVE('',#1649,#1650,#766,.T.);
#2058=EDGE_CURVE('',#1650,#1650,#106,.T.);
#2059=EDGE_CURVE('',#1651,#1652,#767,.T.);
#2060=EDGE_CURVE('',#1652,#1653,#768,.T.);
#2061=EDGE_CURVE('',#1654,#1653,#769,.T.);
#2062=EDGE_CURVE('',#1651,#1654,#770,.T.);
#2063=EDGE_CURVE('',#1655,#1651,#771,.T.);
#2064=EDGE_CURVE('',#1656,#1654,#772,.T.);
#2065=EDGE_CURVE('',#1655,#1656,#773,.T.);
#2066=EDGE_CURVE('',#1657,#1655,#774,.T.);
#2067=EDGE_CURVE('',#1658,#1656,#775,.T.);
#2068=EDGE_CURVE('',#1657,#1658,#776,.T.);
#2069=EDGE_CURVE('',#1659,#1657,#777,.T.);
#2070=EDGE_CURVE('',#1660,#1658,#778,.T.);
#2071=EDGE_CURVE('',#1659,#1660,#779,.T.);
#2072=EDGE_CURVE('',#1661,#1659,#780,.T.);
#2073=EDGE_CURVE('',#1662,#1660,#781,.T.);
#2074=EDGE_CURVE('',#1661,#1662,#782,.T.);
#2075=EDGE_CURVE('',#1663,#1661,#783,.T.);
#2076=EDGE_CURVE('',#1664,#1662,#784,.T.);
#2077=EDGE_CURVE('',#1663,#1664,#785,.T.);
#2078=EDGE_CURVE('',#1665,#1663,#786,.T.);
#2079=EDGE_CURVE('',#1666,#1664,#787,.T.);
#2080=EDGE_CURVE('',#1665,#1666,#788,.T.);
#2081=EDGE_CURVE('',#1667,#1665,#789,.T.);
#2082=EDGE_CURVE('',#1668,#1666,#790,.T.);
#2083=EDGE_CURVE('',#1667,#1668,#791,.T.);
#2084=EDGE_CURVE('',#1669,#1667,#792,.T.);
#2085=EDGE_CURVE('',#1670,#1668,#793,.T.);
#2086=EDGE_CURVE('',#1669,#1670,#794,.T.);
#2087=EDGE_CURVE('',#1671,#1669,#795,.T.);
#2088=EDGE_CURVE('',#1672,#1670,#796,.T.);
#2089=EDGE_CURVE('',#1671,#1672,#797,.T.);
#2090=EDGE_CURVE('',#1673,#1671,#798,.T.);
#2091=EDGE_CURVE('',#1674,#1672,#799,.T.);
#2092=EDGE_CURVE('',#1673,#1674,#800,.T.);
#2093=EDGE_CURVE('',#1652,#1673,#801,.T.);
#2094=EDGE_CURVE('',#1653,#1674,#802,.T.);
#2095=EDGE_CURVE('',#1675,#1675,#107,.T.);
#2096=EDGE_CURVE('',#1675,#1676,#803,.T.);
#2097=EDGE_CURVE('',#1676,#1676,#108,.T.);
#2098=EDGE_CURVE('',#1677,#1677,#109,.T.);
#2099=EDGE_CURVE('',#1677,#1678,#804,.T.);
#2100=EDGE_CURVE('',#1678,#1678,#110,.T.);
#2101=EDGE_CURVE('',#1679,#1679,#111,.T.);
#2102=EDGE_CURVE('',#1679,#1680,#805,.T.);
#2103=EDGE_CURVE('',#1680,#1680,#112,.T.);
#2104=EDGE_CURVE('',#1681,#1682,#806,.T.);
#2105=EDGE_CURVE('',#1682,#1683,#807,.T.);
#2106=EDGE_CURVE('',#1684,#1683,#808,.T.);
#2107=EDGE_CURVE('',#1681,#1684,#809,.T.);
#2108=EDGE_CURVE('',#1685,#1681,#810,.T.);
#2109=EDGE_CURVE('',#1686,#1684,#811,.T.);
#2110=EDGE_CURVE('',#1685,#1686,#812,.T.);
#2111=EDGE_CURVE('',#1687,#1685,#813,.T.);
#2112=EDGE_CURVE('',#1688,#1686,#814,.T.);
#2113=EDGE_CURVE('',#1687,#1688,#815,.T.);
#2114=EDGE_CURVE('',#1682,#1687,#816,.T.);
#2115=EDGE_CURVE('',#1683,#1688,#817,.T.);
#2116=EDGE_CURVE('',#1689,#1690,#818,.T.);
#2117=EDGE_CURVE('',#1690,#1691,#819,.T.);
#2118=EDGE_CURVE('',#1692,#1691,#820,.T.);
#2119=EDGE_CURVE('',#1689,#1692,#821,.T.);
#2120=EDGE_CURVE('',#1693,#1689,#822,.T.);
#2121=EDGE_CURVE('',#1694,#1692,#823,.T.);
#2122=EDGE_CURVE('',#1693,#1694,#824,.T.);
#2123=EDGE_CURVE('',#1695,#1693,#825,.T.);
#2124=EDGE_CURVE('',#1696,#1694,#826,.T.);
#2125=EDGE_CURVE('',#1695,#1696,#827,.T.);
#2126=EDGE_CURVE('',#1690,#1695,#828,.T.);
#2127=EDGE_CURVE('',#1691,#1696,#829,.T.);
#2128=EDGE_CURVE('',#1697,#1698,#830,.T.);
#2129=EDGE_CURVE('',#1698,#1699,#831,.T.);
#2130=EDGE_CURVE('',#1700,#1699,#832,.T.);
#2131=EDGE_CURVE('',#1697,#1700,#833,.T.);
#2132=EDGE_CURVE('',#1701,#1697,#834,.T.);
#2133=EDGE_CURVE('',#1702,#1700,#835,.T.);
#2134=EDGE_CURVE('',#1701,#1702,#836,.T.);
#2135=EDGE_CURVE('',#1703,#1701,#837,.T.);
#2136=EDGE_CURVE('',#1704,#1702,#838,.T.);
#2137=EDGE_CURVE('',#1703,#1704,#839,.T.);
#2138=EDGE_CURVE('',#1698,#1703,#840,.T.);
#2139=EDGE_CURVE('',#1699,#1704,#841,.T.);
#2140=EDGE_CURVE('',#1705,#1706,#842,.T.);
#2141=EDGE_CURVE('',#1706,#1707,#843,.T.);
#2142=EDGE_CURVE('',#1708,#1707,#844,.T.);
#2143=EDGE_CURVE('',#1705,#1708,#845,.T.);
#2144=EDGE_CURVE('',#1709,#1705,#846,.T.);
#2145=EDGE_CURVE('',#1710,#1708,#847,.T.);
#2146=EDGE_CURVE('',#1709,#1710,#848,.T.);
#2147=EDGE_CURVE('',#1711,#1709,#849,.T.);
#2148=EDGE_CURVE('',#1712,#1710,#850,.T.);
#2149=EDGE_CURVE('',#1711,#1712,#851,.T.);
#2150=EDGE_CURVE('',#1706,#1711,#852,.T.);
#2151=EDGE_CURVE('',#1707,#1712,#853,.T.);
#2152=EDGE_CURVE('',#1713,#1714,#854,.T.);
#2153=EDGE_CURVE('',#1714,#1715,#855,.T.);
#2154=EDGE_CURVE('',#1716,#1715,#856,.T.);
#2155=EDGE_CURVE('',#1713,#1716,#857,.T.);
#2156=EDGE_CURVE('',#1717,#1713,#858,.T.);
#2157=EDGE_CURVE('',#1718,#1716,#859,.T.);
#2158=EDGE_CURVE('',#1717,#1718,#860,.T.);
#2159=EDGE_CURVE('',#1719,#1717,#861,.T.);
#2160=EDGE_CURVE('',#1720,#1718,#862,.T.);
#2161=EDGE_CURVE('',#1719,#1720,#863,.T.);
#2162=EDGE_CURVE('',#1714,#1719,#864,.T.);
#2163=EDGE_CURVE('',#1715,#1720,#865,.T.);
#2164=EDGE_CURVE('',#1721,#1722,#866,.T.);
#2165=EDGE_CURVE('',#1722,#1723,#867,.T.);
#2166=EDGE_CURVE('',#1724,#1723,#868,.T.);
#2167=EDGE_CURVE('',#1721,#1724,#869,.T.);
#2168=EDGE_CURVE('',#1725,#1721,#870,.T.);
#2169=EDGE_CURVE('',#1726,#1724,#871,.T.);
#2170=EDGE_CURVE('',#1725,#1726,#872,.T.);
#2171=EDGE_CURVE('',#1727,#1725,#873,.T.);
#2172=EDGE_CURVE('',#1728,#1726,#874,.T.);
#2173=EDGE_CURVE('',#1727,#1728,#875,.T.);
#2174=EDGE_CURVE('',#1722,#1727,#876,.T.);
#2175=EDGE_CURVE('',#1723,#1728,#877,.T.);
#2176=EDGE_CURVE('',#1729,#1730,#878,.T.);
#2177=EDGE_CURVE('',#1730,#1731,#879,.T.);
#2178=EDGE_CURVE('',#1732,#1731,#880,.T.);
#2179=EDGE_CURVE('',#1729,#1732,#881,.T.);
#2180=EDGE_CURVE('',#1733,#1729,#882,.T.);
#2181=EDGE_CURVE('',#1734,#1732,#883,.T.);
#2182=EDGE_CURVE('',#1733,#1734,#884,.T.);
#2183=EDGE_CURVE('',#1735,#1733,#885,.T.);
#2184=EDGE_CURVE('',#1736,#1734,#886,.T.);
#2185=EDGE_CURVE('',#1735,#1736,#887,.T.);
#2186=EDGE_CURVE('',#1730,#1735,#888,.T.);
#2187=EDGE_CURVE('',#1731,#1736,#889,.T.);
#2188=EDGE_CURVE('',#1737,#1738,#890,.T.);
#2189=EDGE_CURVE('',#1738,#1739,#891,.T.);
#2190=EDGE_CURVE('',#1740,#1739,#892,.T.);
#2191=EDGE_CURVE('',#1737,#1740,#893,.T.);
#2192=EDGE_CURVE('',#1741,#1737,#894,.T.);
#2193=EDGE_CURVE('',#1742,#1740,#895,.T.);
#2194=EDGE_CURVE('',#1741,#1742,#896,.T.);
#2195=EDGE_CURVE('',#1743,#1741,#897,.T.);
#2196=EDGE_CURVE('',#1744,#1742,#898,.T.);
#2197=EDGE_CURVE('',#1743,#1744,#899,.T.);
#2198=EDGE_CURVE('',#1738,#1743,#900,.T.);
#2199=EDGE_CURVE('',#1739,#1744,#901,.T.);
#2200=EDGE_CURVE('',#1745,#1746,#902,.T.);
#2201=EDGE_CURVE('',#1746,#1747,#903,.T.);
#2202=EDGE_CURVE('',#1748,#1747,#904,.T.);
#2203=EDGE_CURVE('',#1745,#1748,#905,.T.);
#2204=EDGE_CURVE('',#1749,#1745,#906,.T.);
#2205=EDGE_CURVE('',#1750,#1748,#907,.T.);
#2206=EDGE_CURVE('',#1749,#1750,#908,.T.);
#2207=EDGE_CURVE('',#1751,#1749,#909,.T.);
#2208=EDGE_CURVE('',#1752,#1750,#910,.T.);
#2209=EDGE_CURVE('',#1751,#1752,#911,.T.);
#2210=EDGE_CURVE('',#1746,#1751,#912,.T.);
#2211=EDGE_CURVE('',#1747,#1752,#913,.T.);
#2212=EDGE_CURVE('',#1753,#1754,#914,.T.);
#2213=EDGE_CURVE('',#1754,#1755,#915,.T.);
#2214=EDGE_CURVE('',#1756,#1755,#916,.T.);
#2215=EDGE_CURVE('',#1753,#1756,#917,.T.);
#2216=EDGE_CURVE('',#1757,#1753,#918,.T.);
#2217=EDGE_CURVE('',#1758,#1756,#919,.T.);
#2218=EDGE_CURVE('',#1757,#1758,#920,.T.);
#2219=EDGE_CURVE('',#1759,#1757,#921,.T.);
#2220=EDGE_CURVE('',#1760,#1758,#922,.T.);
#2221=EDGE_CURVE('',#1759,#1760,#923,.T.);
#2222=EDGE_CURVE('',#1754,#1759,#924,.T.);
#2223=EDGE_CURVE('',#1755,#1760,#925,.T.);
#2224=EDGE_CURVE('',#1761,#1762,#926,.T.);
#2225=EDGE_CURVE('',#1762,#1763,#927,.T.);
#2226=EDGE_CURVE('',#1764,#1763,#928,.T.);
#2227=EDGE_CURVE('',#1761,#1764,#929,.T.);
#2228=EDGE_CURVE('',#1765,#1761,#930,.T.);
#2229=EDGE_CURVE('',#1766,#1764,#931,.T.);
#2230=EDGE_CURVE('',#1765,#1766,#932,.T.);
#2231=EDGE_CURVE('',#1767,#1765,#933,.T.);
#2232=EDGE_CURVE('',#1768,#1766,#934,.T.);
#2233=EDGE_CURVE('',#1767,#1768,#935,.T.);
#2234=EDGE_CURVE('',#1762,#1767,#936,.T.);
#2235=EDGE_CURVE('',#1763,#1768,#937,.T.);
#2236=EDGE_CURVE('',#1769,#1770,#938,.T.);
#2237=EDGE_CURVE('',#1770,#1771,#939,.T.);
#2238=EDGE_CURVE('',#1772,#1771,#940,.T.);
#2239=EDGE_CURVE('',#1769,#1772,#941,.T.);
#2240=EDGE_CURVE('',#1773,#1769,#942,.T.);
#2241=EDGE_CURVE('',#1774,#1772,#943,.T.);
#2242=EDGE_CURVE('',#1773,#1774,#944,.T.);
#2243=EDGE_CURVE('',#1775,#1773,#945,.T.);
#2244=EDGE_CURVE('',#1776,#1774,#946,.T.);
#2245=EDGE_CURVE('',#1775,#1776,#947,.T.);
#2246=EDGE_CURVE('',#1770,#1775,#948,.T.);
#2247=EDGE_CURVE('',#1771,#1776,#949,.T.);
#2248=EDGE_CURVE('',#1777,#1778,#950,.T.);
#2249=EDGE_CURVE('',#1778,#1779,#951,.T.);
#2250=EDGE_CURVE('',#1780,#1779,#952,.T.);
#2251=EDGE_CURVE('',#1777,#1780,#953,.T.);
#2252=EDGE_CURVE('',#1781,#1777,#954,.T.);
#2253=EDGE_CURVE('',#1782,#1780,#955,.T.);
#2254=EDGE_CURVE('',#1781,#1782,#956,.T.);
#2255=EDGE_CURVE('',#1783,#1781,#957,.T.);
#2256=EDGE_CURVE('',#1784,#1782,#958,.T.);
#2257=EDGE_CURVE('',#1783,#1784,#959,.T.);
#2258=EDGE_CURVE('',#1778,#1783,#960,.T.);
#2259=EDGE_CURVE('',#1779,#1784,#961,.T.);
#2260=EDGE_CURVE('',#1785,#1786,#962,.T.);
#2261=EDGE_CURVE('',#1786,#1787,#963,.T.);
#2262=EDGE_CURVE('',#1788,#1787,#964,.T.);
#2263=EDGE_CURVE('',#1785,#1788,#965,.T.);
#2264=EDGE_CURVE('',#1789,#1785,#966,.T.);
#2265=EDGE_CURVE('',#1790,#1788,#967,.T.);
#2266=EDGE_CURVE('',#1789,#1790,#968,.T.);
#2267=EDGE_CURVE('',#1791,#1789,#969,.T.);
#2268=EDGE_CURVE('',#1792,#1790,#970,.T.);
#2269=EDGE_CURVE('',#1791,#1792,#971,.T.);
#2270=EDGE_CURVE('',#1786,#1791,#972,.T.);
#2271=EDGE_CURVE('',#1787,#1792,#973,.T.);
#2272=EDGE_CURVE('',#1793,#1794,#974,.T.);
#2273=EDGE_CURVE('',#1794,#1795,#975,.T.);
#2274=EDGE_CURVE('',#1796,#1795,#976,.T.);
#2275=EDGE_CURVE('',#1793,#1796,#977,.T.);
#2276=EDGE_CURVE('',#1797,#1793,#978,.T.);
#2277=EDGE_CURVE('',#1798,#1796,#979,.T.);
#2278=EDGE_CURVE('',#1797,#1798,#980,.T.);
#2279=EDGE_CURVE('',#1799,#1797,#981,.T.);
#2280=EDGE_CURVE('',#1800,#1798,#982,.T.);
#2281=EDGE_CURVE('',#1799,#1800,#983,.T.);
#2282=EDGE_CURVE('',#1794,#1799,#984,.T.);
#2283=EDGE_CURVE('',#1795,#1800,#985,.T.);
#2284=EDGE_CURVE('',#1801,#1802,#986,.T.);
#2285=EDGE_CURVE('',#1802,#1803,#987,.T.);
#2286=EDGE_CURVE('',#1804,#1803,#988,.T.);
#2287=EDGE_CURVE('',#1801,#1804,#989,.T.);
#2288=EDGE_CURVE('',#1805,#1801,#990,.T.);
#2289=EDGE_CURVE('',#1806,#1804,#991,.T.);
#2290=EDGE_CURVE('',#1805,#1806,#992,.T.);
#2291=EDGE_CURVE('',#1807,#1805,#993,.T.);
#2292=EDGE_CURVE('',#1808,#1806,#994,.T.);
#2293=EDGE_CURVE('',#1807,#1808,#995,.T.);
#2294=EDGE_CURVE('',#1802,#1807,#996,.T.);
#2295=EDGE_CURVE('',#1803,#1808,#997,.T.);
#2296=EDGE_CURVE('',#1809,#1810,#91,.T.);
#2297=EDGE_CURVE('',#1809,#1811,#998,.T.);
#2298=EDGE_CURVE('',#1812,#1811,#92,.T.);
#2299=EDGE_CURVE('',#1810,#1812,#999,.T.);
#2300=EDGE_CURVE('',#1813,#1810,#113,.T.);
#2301=EDGE_CURVE('',#1814,#1812,#114,.T.);
#2302=EDGE_CURVE('',#1813,#1814,#1000,.T.);
#2303=EDGE_CURVE('',#1815,#1813,#1001,.T.);
#2304=EDGE_CURVE('',#1816,#1814,#1002,.T.);
#2305=EDGE_CURVE('',#1815,#1816,#1003,.T.);
#2306=EDGE_CURVE('',#1815,#1817,#115,.T.);
#2307=EDGE_CURVE('',#1818,#1816,#116,.T.);
#2308=EDGE_CURVE('',#1817,#1818,#1004,.T.);
#2309=EDGE_CURVE('',#1817,#1819,#93,.T.);
#2310=EDGE_CURVE('',#1820,#1818,#94,.T.);
#2311=EDGE_CURVE('',#1819,#1820,#1005,.T.);
#2312=EDGE_CURVE('',#1821,#1819,#95,.T.);
#2313=EDGE_CURVE('',#1822,#1820,#96,.T.);
#2314=EDGE_CURVE('',#1821,#1822,#1006,.T.);
#2315=EDGE_CURVE('',#1823,#1821,#117,.T.);
#2316=EDGE_CURVE('',#1824,#1822,#118,.T.);
#2317=EDGE_CURVE('',#1823,#1824,#1007,.T.);
#2318=EDGE_CURVE('',#1825,#1823,#1008,.T.);
#2319=EDGE_CURVE('',#1826,#1824,#1009,.T.);
#2320=EDGE_CURVE('',#1825,#1826,#1010,.T.);
#2321=EDGE_CURVE('',#1827,#1825,#119,.T.);
#2322=EDGE_CURVE('',#1828,#1826,#120,.T.);
#2323=EDGE_CURVE('',#1827,#1828,#1011,.T.);
#2324=EDGE_CURVE('',#1827,#1829,#121,.T.);
#2325=EDGE_CURVE('',#1830,#1828,#122,.T.);
#2326=EDGE_CURVE('',#1829,#1830,#1012,.T.);
#2327=EDGE_CURVE('',#1829,#1831,#123,.T.);
#2328=EDGE_CURVE('',#1832,#1830,#124,.T.);
#2329=EDGE_CURVE('',#1831,#1832,#1013,.T.);
#2330=EDGE_CURVE('',#1831,#1833,#97,.T.);
#2331=EDGE_CURVE('',#1834,#1832,#98,.T.);
#2332=EDGE_CURVE('',#1833,#1834,#1014,.T.);
#2333=EDGE_CURVE('',#1835,#1833,#1015,.T.);
#2334=EDGE_CURVE('',#1836,#1834,#1016,.T.);
#2335=EDGE_CURVE('',#1835,#1836,#1017,.T.);
#2336=EDGE_CURVE('',#1835,#1837,#125,.T.);
#2337=EDGE_CURVE('',#1838,#1836,#126,.T.);
#2338=EDGE_CURVE('',#1837,#1838,#1018,.T.);
#2339=EDGE_CURVE('',#1839,#1837,#1019,.T.);
#2340=EDGE_CURVE('',#1840,#1838,#1020,.T.);
#2341=EDGE_CURVE('',#1839,#1840,#1021,.T.);
#2342=EDGE_CURVE('',#1841,#1839,#1022,.T.);
#2343=EDGE_CURVE('',#1842,#1840,#1023,.T.);
#2344=EDGE_CURVE('',#1841,#1842,#1024,.T.);
#2345=EDGE_CURVE('',#1843,#1841,#127,.T.);
#2346=EDGE_CURVE('',#1844,#1842,#128,.T.);
#2347=EDGE_CURVE('',#1843,#1844,#1025,.T.);
#2348=EDGE_CURVE('',#1845,#1843,#1026,.T.);
#2349=EDGE_CURVE('',#1846,#1844,#1027,.T.);
#2350=EDGE_CURVE('',#1845,#1846,#1028,.T.);
#2351=EDGE_CURVE('',#1845,#1847,#1029,.T.);
#2352=EDGE_CURVE('',#1848,#1846,#1030,.T.);
#2353=EDGE_CURVE('',#1847,#1848,#1031,.T.);
#2354=EDGE_CURVE('',#1849,#1847,#129,.T.);
#2355=EDGE_CURVE('',#1850,#1848,#130,.T.);
#2356=EDGE_CURVE('',#1849,#1850,#1032,.T.);
#2357=EDGE_CURVE('',#1851,#1849,#1033,.T.);
#2358=EDGE_CURVE('',#1852,#1850,#1034,.T.);
#2359=EDGE_CURVE('',#1851,#1852,#1035,.T.);
#2360=EDGE_CURVE('',#1853,#1851,#1036,.T.);
#2361=EDGE_CURVE('',#1854,#1852,#1037,.T.);
#2362=EDGE_CURVE('',#1853,#1854,#1038,.T.);
#2363=EDGE_CURVE('',#1855,#1853,#131,.T.);
#2364=EDGE_CURVE('',#1856,#1854,#132,.T.);
#2365=EDGE_CURVE('',#1855,#1856,#1039,.T.);
#2366=EDGE_CURVE('',#1857,#1855,#1040,.T.);
#2367=EDGE_CURVE('',#1858,#1856,#1041,.T.);
#2368=EDGE_CURVE('',#1857,#1858,#1042,.T.);
#2369=EDGE_CURVE('',#1859,#1857,#133,.T.);
#2370=EDGE_CURVE('',#1860,#1858,#134,.T.);
#2371=EDGE_CURVE('',#1859,#1860,#1043,.T.);
#2372=EDGE_CURVE('',#1809,#1859,#1044,.T.);
#2373=EDGE_CURVE('',#1811,#1860,#1045,.T.);
#2374=ORIENTED_EDGE('',*,*,#1861,.T.);
#2375=ORIENTED_EDGE('',*,*,#1862,.T.);
#2376=ORIENTED_EDGE('',*,*,#1863,.F.);
#2377=ORIENTED_EDGE('',*,*,#1864,.F.);
#2378=ORIENTED_EDGE('',*,*,#1865,.T.);
#2379=ORIENTED_EDGE('',*,*,#1864,.T.);
#2380=ORIENTED_EDGE('',*,*,#1866,.F.);
#2381=ORIENTED_EDGE('',*,*,#1867,.F.);
#2382=ORIENTED_EDGE('',*,*,#1868,.T.);
#2383=ORIENTED_EDGE('',*,*,#1867,.T.);
#2384=ORIENTED_EDGE('',*,*,#1869,.F.);
#2385=ORIENTED_EDGE('',*,*,#1870,.F.);
#2386=ORIENTED_EDGE('',*,*,#1871,.T.);
#2387=ORIENTED_EDGE('',*,*,#1870,.T.);
#2388=ORIENTED_EDGE('',*,*,#1872,.F.);
#2389=ORIENTED_EDGE('',*,*,#1862,.F.);
#2390=ORIENTED_EDGE('',*,*,#1873,.T.);
#2391=ORIENTED_EDGE('',*,*,#1874,.T.);
#2392=ORIENTED_EDGE('',*,*,#1875,.F.);
#2393=ORIENTED_EDGE('',*,*,#1876,.F.);
#2394=ORIENTED_EDGE('',*,*,#1877,.T.);
#2395=ORIENTED_EDGE('',*,*,#1876,.T.);
#2396=ORIENTED_EDGE('',*,*,#1878,.F.);
#2397=ORIENTED_EDGE('',*,*,#1879,.F.);
#2398=ORIENTED_EDGE('',*,*,#1880,.T.);
#2399=ORIENTED_EDGE('',*,*,#1879,.T.);
#2400=ORIENTED_EDGE('',*,*,#1881,.F.);
#2401=ORIENTED_EDGE('',*,*,#1882,.F.);
#2402=ORIENTED_EDGE('',*,*,#1883,.T.);
#2403=ORIENTED_EDGE('',*,*,#1882,.T.);
#2404=ORIENTED_EDGE('',*,*,#1884,.F.);
#2405=ORIENTED_EDGE('',*,*,#1874,.F.);
#2406=ORIENTED_EDGE('',*,*,#1885,.T.);
#2407=ORIENTED_EDGE('',*,*,#1886,.T.);
#2408=ORIENTED_EDGE('',*,*,#1887,.F.);
#2409=ORIENTED_EDGE('',*,*,#1888,.F.);
#2410=ORIENTED_EDGE('',*,*,#1889,.T.);
#2411=ORIENTED_EDGE('',*,*,#1888,.T.);
#2412=ORIENTED_EDGE('',*,*,#1890,.F.);
#2413=ORIENTED_EDGE('',*,*,#1891,.F.);
#2414=ORIENTED_EDGE('',*,*,#1892,.T.);
#2415=ORIENTED_EDGE('',*,*,#1891,.T.);
#2416=ORIENTED_EDGE('',*,*,#1893,.F.);
#2417=ORIENTED_EDGE('',*,*,#1894,.F.);
#2418=ORIENTED_EDGE('',*,*,#1895,.T.);
#2419=ORIENTED_EDGE('',*,*,#1894,.T.);
#2420=ORIENTED_EDGE('',*,*,#1896,.F.);
#2421=ORIENTED_EDGE('',*,*,#1886,.F.);
#2422=ORIENTED_EDGE('',*,*,#1897,.T.);
#2423=ORIENTED_EDGE('',*,*,#1898,.T.);
#2424=ORIENTED_EDGE('',*,*,#1899,.F.);
#2425=ORIENTED_EDGE('',*,*,#1900,.F.);
#2426=ORIENTED_EDGE('',*,*,#1901,.T.);
#2427=ORIENTED_EDGE('',*,*,#1900,.T.);
#2428=ORIENTED_EDGE('',*,*,#1902,.F.);
#2429=ORIENTED_EDGE('',*,*,#1903,.F.);
#2430=ORIENTED_EDGE('',*,*,#1904,.T.);
#2431=ORIENTED_EDGE('',*,*,#1903,.T.);
#2432=ORIENTED_EDGE('',*,*,#1905,.F.);
#2433=ORIENTED_EDGE('',*,*,#1906,.F.);
#2434=ORIENTED_EDGE('',*,*,#1907,.T.);
#2435=ORIENTED_EDGE('',*,*,#1906,.T.);
#2436=ORIENTED_EDGE('',*,*,#1908,.F.);
#2437=ORIENTED_EDGE('',*,*,#1898,.F.);
#2438=ORIENTED_EDGE('',*,*,#1909,.T.);
#2439=ORIENTED_EDGE('',*,*,#1910,.T.);
#2440=ORIENTED_EDGE('',*,*,#1911,.F.);
#2441=ORIENTED_EDGE('',*,*,#1912,.F.);
#2442=ORIENTED_EDGE('',*,*,#1913,.T.);
#2443=ORIENTED_EDGE('',*,*,#1912,.T.);
#2444=ORIENTED_EDGE('',*,*,#1914,.F.);
#2445=ORIENTED_EDGE('',*,*,#1915,.F.);
#2446=ORIENTED_EDGE('',*,*,#1916,.T.);
#2447=ORIENTED_EDGE('',*,*,#1915,.T.);
#2448=ORIENTED_EDGE('',*,*,#1917,.F.);
#2449=ORIENTED_EDGE('',*,*,#1918,.F.);
#2450=ORIENTED_EDGE('',*,*,#1919,.T.);
#2451=ORIENTED_EDGE('',*,*,#1918,.T.);
#2452=ORIENTED_EDGE('',*,*,#1920,.F.);
#2453=ORIENTED_EDGE('',*,*,#1910,.F.);
#2454=ORIENTED_EDGE('',*,*,#1921,.T.);
#2455=ORIENTED_EDGE('',*,*,#1922,.T.);
#2456=ORIENTED_EDGE('',*,*,#1923,.F.);
#2457=ORIENTED_EDGE('',*,*,#1924,.F.);
#2458=ORIENTED_EDGE('',*,*,#1925,.T.);
#2459=ORIENTED_EDGE('',*,*,#1924,.T.);
#2460=ORIENTED_EDGE('',*,*,#1926,.F.);
#2461=ORIENTED_EDGE('',*,*,#1927,.F.);
#2462=ORIENTED_EDGE('',*,*,#1928,.T.);
#2463=ORIENTED_EDGE('',*,*,#1927,.T.);
#2464=ORIENTED_EDGE('',*,*,#1929,.F.);
#2465=ORIENTED_EDGE('',*,*,#1930,.F.);
#2466=ORIENTED_EDGE('',*,*,#1931,.T.);
#2467=ORIENTED_EDGE('',*,*,#1930,.T.);
#2468=ORIENTED_EDGE('',*,*,#1932,.F.);
#2469=ORIENTED_EDGE('',*,*,#1922,.F.);
#2470=ORIENTED_EDGE('',*,*,#1933,.T.);
#2471=ORIENTED_EDGE('',*,*,#1934,.T.);
#2472=ORIENTED_EDGE('',*,*,#1935,.F.);
#2473=ORIENTED_EDGE('',*,*,#1936,.F.);
#2474=ORIENTED_EDGE('',*,*,#1937,.T.);
#2475=ORIENTED_EDGE('',*,*,#1936,.T.);
#2476=ORIENTED_EDGE('',*,*,#1938,.F.);
#2477=ORIENTED_EDGE('',*,*,#1939,.F.);
#2478=ORIENTED_EDGE('',*,*,#1940,.T.);
#2479=ORIENTED_EDGE('',*,*,#1939,.T.);
#2480=ORIENTED_EDGE('',*,*,#1941,.F.);
#2481=ORIENTED_EDGE('',*,*,#1942,.F.);
#2482=ORIENTED_EDGE('',*,*,#1943,.T.);
#2483=ORIENTED_EDGE('',*,*,#1942,.T.);
#2484=ORIENTED_EDGE('',*,*,#1944,.F.);
#2485=ORIENTED_EDGE('',*,*,#1934,.F.);
#2486=ORIENTED_EDGE('',*,*,#1945,.T.);
#2487=ORIENTED_EDGE('',*,*,#1946,.T.);
#2488=ORIENTED_EDGE('',*,*,#1947,.F.);
#2489=ORIENTED_EDGE('',*,*,#1948,.F.);
#2490=ORIENTED_EDGE('',*,*,#1949,.T.);
#2491=ORIENTED_EDGE('',*,*,#1948,.T.);
#2492=ORIENTED_EDGE('',*,*,#1950,.F.);
#2493=ORIENTED_EDGE('',*,*,#1951,.F.);
#2494=ORIENTED_EDGE('',*,*,#1952,.T.);
#2495=ORIENTED_EDGE('',*,*,#1951,.T.);
#2496=ORIENTED_EDGE('',*,*,#1953,.F.);
#2497=ORIENTED_EDGE('',*,*,#1954,.F.);
#2498=ORIENTED_EDGE('',*,*,#1955,.T.);
#2499=ORIENTED_EDGE('',*,*,#1954,.T.);
#2500=ORIENTED_EDGE('',*,*,#1956,.F.);
#2501=ORIENTED_EDGE('',*,*,#1946,.F.);
#2502=ORIENTED_EDGE('',*,*,#1957,.T.);
#2503=ORIENTED_EDGE('',*,*,#1958,.T.);
#2504=ORIENTED_EDGE('',*,*,#1959,.F.);
#2505=ORIENTED_EDGE('',*,*,#1960,.F.);
#2506=ORIENTED_EDGE('',*,*,#1961,.T.);
#2507=ORIENTED_EDGE('',*,*,#1960,.T.);
#2508=ORIENTED_EDGE('',*,*,#1962,.F.);
#2509=ORIENTED_EDGE('',*,*,#1963,.F.);
#2510=ORIENTED_EDGE('',*,*,#1964,.T.);
#2511=ORIENTED_EDGE('',*,*,#1963,.T.);
#2512=ORIENTED_EDGE('',*,*,#1965,.F.);
#2513=ORIENTED_EDGE('',*,*,#1966,.F.);
#2514=ORIENTED_EDGE('',*,*,#1967,.T.);
#2515=ORIENTED_EDGE('',*,*,#1966,.T.);
#2516=ORIENTED_EDGE('',*,*,#1968,.F.);
#2517=ORIENTED_EDGE('',*,*,#1958,.F.);
#2518=ORIENTED_EDGE('',*,*,#1969,.T.);
#2519=ORIENTED_EDGE('',*,*,#1970,.T.);
#2520=ORIENTED_EDGE('',*,*,#1971,.F.);
#2521=ORIENTED_EDGE('',*,*,#1972,.F.);
#2522=ORIENTED_EDGE('',*,*,#1973,.T.);
#2523=ORIENTED_EDGE('',*,*,#1972,.T.);
#2524=ORIENTED_EDGE('',*,*,#1974,.F.);
#2525=ORIENTED_EDGE('',*,*,#1975,.F.);
#2526=ORIENTED_EDGE('',*,*,#1976,.T.);
#2527=ORIENTED_EDGE('',*,*,#1975,.T.);
#2528=ORIENTED_EDGE('',*,*,#1977,.F.);
#2529=ORIENTED_EDGE('',*,*,#1978,.F.);
#2530=ORIENTED_EDGE('',*,*,#1979,.T.);
#2531=ORIENTED_EDGE('',*,*,#1978,.T.);
#2532=ORIENTED_EDGE('',*,*,#1980,.F.);
#2533=ORIENTED_EDGE('',*,*,#1970,.F.);
#2534=ORIENTED_EDGE('',*,*,#1981,.T.);
#2535=ORIENTED_EDGE('',*,*,#1982,.T.);
#2536=ORIENTED_EDGE('',*,*,#1983,.F.);
#2537=ORIENTED_EDGE('',*,*,#1984,.F.);
#2538=ORIENTED_EDGE('',*,*,#1985,.T.);
#2539=ORIENTED_EDGE('',*,*,#1984,.T.);
#2540=ORIENTED_EDGE('',*,*,#1986,.F.);
#2541=ORIENTED_EDGE('',*,*,#1987,.F.);
#2542=ORIENTED_EDGE('',*,*,#1988,.T.);
#2543=ORIENTED_EDGE('',*,*,#1987,.T.);
#2544=ORIENTED_EDGE('',*,*,#1989,.F.);
#2545=ORIENTED_EDGE('',*,*,#1990,.F.);
#2546=ORIENTED_EDGE('',*,*,#1991,.T.);
#2547=ORIENTED_EDGE('',*,*,#1990,.T.);
#2548=ORIENTED_EDGE('',*,*,#1992,.F.);
#2549=ORIENTED_EDGE('',*,*,#1982,.F.);
#2550=ORIENTED_EDGE('',*,*,#1993,.T.);
#2551=ORIENTED_EDGE('',*,*,#1994,.T.);
#2552=ORIENTED_EDGE('',*,*,#1995,.F.);
#2553=ORIENTED_EDGE('',*,*,#1996,.F.);
#2554=ORIENTED_EDGE('',*,*,#1997,.T.);
#2555=ORIENTED_EDGE('',*,*,#1996,.T.);
#2556=ORIENTED_EDGE('',*,*,#1998,.F.);
#2557=ORIENTED_EDGE('',*,*,#1999,.F.);
#2558=ORIENTED_EDGE('',*,*,#2000,.T.);
#2559=ORIENTED_EDGE('',*,*,#1999,.T.);
#2560=ORIENTED_EDGE('',*,*,#2001,.F.);
#2561=ORIENTED_EDGE('',*,*,#2002,.F.);
#2562=ORIENTED_EDGE('',*,*,#2003,.T.);
#2563=ORIENTED_EDGE('',*,*,#2002,.T.);
#2564=ORIENTED_EDGE('',*,*,#2004,.F.);
#2565=ORIENTED_EDGE('',*,*,#1994,.F.);
#2566=ORIENTED_EDGE('',*,*,#2005,.F.);
#2567=ORIENTED_EDGE('',*,*,#2006,.T.);
#2568=ORIENTED_EDGE('',*,*,#2007,.T.);
#2569=ORIENTED_EDGE('',*,*,#2006,.F.);
#2570=ORIENTED_EDGE('',*,*,#2008,.T.);
#2571=ORIENTED_EDGE('',*,*,#2009,.T.);
#2572=ORIENTED_EDGE('',*,*,#2010,.F.);
#2573=ORIENTED_EDGE('',*,*,#2011,.F.);
#2574=ORIENTED_EDGE('',*,*,#2012,.T.);
#2575=ORIENTED_EDGE('',*,*,#2011,.T.);
#2576=ORIENTED_EDGE('',*,*,#2013,.F.);
#2577=ORIENTED_EDGE('',*,*,#2014,.F.);
#2578=ORIENTED_EDGE('',*,*,#2015,.T.);
#2579=ORIENTED_EDGE('',*,*,#2014,.T.);
#2580=ORIENTED_EDGE('',*,*,#2016,.F.);
#2581=ORIENTED_EDGE('',*,*,#2017,.F.);
#2582=ORIENTED_EDGE('',*,*,#2018,.T.);
#2583=ORIENTED_EDGE('',*,*,#2017,.T.);
#2584=ORIENTED_EDGE('',*,*,#2019,.F.);
#2585=ORIENTED_EDGE('',*,*,#2009,.F.);
#2586=ORIENTED_EDGE('',*,*,#2020,.T.);
#2587=ORIENTED_EDGE('',*,*,#2021,.T.);
#2588=ORIENTED_EDGE('',*,*,#2022,.F.);
#2589=ORIENTED_EDGE('',*,*,#2023,.F.);
#2590=ORIENTED_EDGE('',*,*,#2024,.T.);
#2591=ORIENTED_EDGE('',*,*,#2023,.T.);
#2592=ORIENTED_EDGE('',*,*,#2025,.F.);
#2593=ORIENTED_EDGE('',*,*,#2026,.F.);
#2594=ORIENTED_EDGE('',*,*,#2027,.T.);
#2595=ORIENTED_EDGE('',*,*,#2026,.T.);
#2596=ORIENTED_EDGE('',*,*,#2028,.F.);
#2597=ORIENTED_EDGE('',*,*,#2029,.F.);
#2598=ORIENTED_EDGE('',*,*,#2030,.T.);
#2599=ORIENTED_EDGE('',*,*,#2029,.T.);
#2600=ORIENTED_EDGE('',*,*,#2031,.F.);
#2601=ORIENTED_EDGE('',*,*,#2021,.F.);
#2602=ORIENTED_EDGE('',*,*,#2032,.T.);
#2603=ORIENTED_EDGE('',*,*,#2033,.T.);
#2604=ORIENTED_EDGE('',*,*,#2034,.F.);
#2605=ORIENTED_EDGE('',*,*,#2035,.F.);
#2606=ORIENTED_EDGE('',*,*,#2036,.T.);
#2607=ORIENTED_EDGE('',*,*,#2035,.T.);
#2608=ORIENTED_EDGE('',*,*,#2037,.F.);
#2609=ORIENTED_EDGE('',*,*,#2038,.F.);
#2610=ORIENTED_EDGE('',*,*,#2039,.T.);
#2611=ORIENTED_EDGE('',*,*,#2038,.T.);
#2612=ORIENTED_EDGE('',*,*,#2040,.F.);
#2613=ORIENTED_EDGE('',*,*,#2041,.F.);
#2614=ORIENTED_EDGE('',*,*,#2042,.T.);
#2615=ORIENTED_EDGE('',*,*,#2041,.T.);
#2616=ORIENTED_EDGE('',*,*,#2043,.F.);
#2617=ORIENTED_EDGE('',*,*,#2033,.F.);
#2618=ORIENTED_EDGE('',*,*,#2044,.T.);
#2619=ORIENTED_EDGE('',*,*,#2045,.T.);
#2620=ORIENTED_EDGE('',*,*,#2046,.F.);
#2621=ORIENTED_EDGE('',*,*,#2047,.F.);
#2622=ORIENTED_EDGE('',*,*,#2048,.T.);
#2623=ORIENTED_EDGE('',*,*,#2047,.T.);
#2624=ORIENTED_EDGE('',*,*,#2049,.F.);
#2625=ORIENTED_EDGE('',*,*,#2050,.F.);
#2626=ORIENTED_EDGE('',*,*,#2051,.T.);
#2627=ORIENTED_EDGE('',*,*,#2050,.T.);
#2628=ORIENTED_EDGE('',*,*,#2052,.F.);
#2629=ORIENTED_EDGE('',*,*,#2053,.F.);
#2630=ORIENTED_EDGE('',*,*,#2054,.T.);
#2631=ORIENTED_EDGE('',*,*,#2053,.T.);
#2632=ORIENTED_EDGE('',*,*,#2055,.F.);
#2633=ORIENTED_EDGE('',*,*,#2045,.F.);
#2634=ORIENTED_EDGE('',*,*,#2056,.F.);
#2635=ORIENTED_EDGE('',*,*,#2057,.T.);
#2636=ORIENTED_EDGE('',*,*,#2058,.T.);
#2637=ORIENTED_EDGE('',*,*,#2057,.F.);
#2638=ORIENTED_EDGE('',*,*,#2059,.T.);
#2639=ORIENTED_EDGE('',*,*,#2060,.T.);
#2640=ORIENTED_EDGE('',*,*,#2061,.F.);
#2641=ORIENTED_EDGE('',*,*,#2062,.F.);
#2642=ORIENTED_EDGE('',*,*,#2063,.T.);
#2643=ORIENTED_EDGE('',*,*,#2062,.T.);
#2644=ORIENTED_EDGE('',*,*,#2064,.F.);
#2645=ORIENTED_EDGE('',*,*,#2065,.F.);
#2646=ORIENTED_EDGE('',*,*,#2066,.T.);
#2647=ORIENTED_EDGE('',*,*,#2065,.T.);
#2648=ORIENTED_EDGE('',*,*,#2067,.F.);
#2649=ORIENTED_EDGE('',*,*,#2068,.F.);
#2650=ORIENTED_EDGE('',*,*,#2069,.T.);
#2651=ORIENTED_EDGE('',*,*,#2068,.T.);
#2652=ORIENTED_EDGE('',*,*,#2070,.F.);
#2653=ORIENTED_EDGE('',*,*,#2071,.F.);
#2654=ORIENTED_EDGE('',*,*,#2072,.T.);
#2655=ORIENTED_EDGE('',*,*,#2071,.T.);
#2656=ORIENTED_EDGE('',*,*,#2073,.F.);
#2657=ORIENTED_EDGE('',*,*,#2074,.F.);
#2658=ORIENTED_EDGE('',*,*,#2075,.T.);
#2659=ORIENTED_EDGE('',*,*,#2074,.T.);
#2660=ORIENTED_EDGE('',*,*,#2076,.F.);
#2661=ORIENTED_EDGE('',*,*,#2077,.F.);
#2662=ORIENTED_EDGE('',*,*,#2078,.T.);
#2663=ORIENTED_EDGE('',*,*,#2077,.T.);
#2664=ORIENTED_EDGE('',*,*,#2079,.F.);
#2665=ORIENTED_EDGE('',*,*,#2080,.F.);
#2666=ORIENTED_EDGE('',*,*,#2081,.T.);
#2667=ORIENTED_EDGE('',*,*,#2080,.T.);
#2668=ORIENTED_EDGE('',*,*,#2082,.F.);
#2669=ORIENTED_EDGE('',*,*,#2083,.F.);
#2670=ORIENTED_EDGE('',*,*,#2084,.T.);
#2671=ORIENTED_EDGE('',*,*,#2083,.T.);
#2672=ORIENTED_EDGE('',*,*,#2085,.F.);
#2673=ORIENTED_EDGE('',*,*,#2086,.F.);
#2674=ORIENTED_EDGE('',*,*,#2087,.T.);
#2675=ORIENTED_EDGE('',*,*,#2086,.T.);
#2676=ORIENTED_EDGE('',*,*,#2088,.F.);
#2677=ORIENTED_EDGE('',*,*,#2089,.F.);
#2678=ORIENTED_EDGE('',*,*,#2090,.T.);
#2679=ORIENTED_EDGE('',*,*,#2089,.T.);
#2680=ORIENTED_EDGE('',*,*,#2091,.F.);
#2681=ORIENTED_EDGE('',*,*,#2092,.F.);
#2682=ORIENTED_EDGE('',*,*,#2093,.T.);
#2683=ORIENTED_EDGE('',*,*,#2092,.T.);
#2684=ORIENTED_EDGE('',*,*,#2094,.F.);
#2685=ORIENTED_EDGE('',*,*,#2060,.F.);
#2686=ORIENTED_EDGE('',*,*,#2095,.F.);
#2687=ORIENTED_EDGE('',*,*,#2096,.T.);
#2688=ORIENTED_EDGE('',*,*,#2097,.T.);
#2689=ORIENTED_EDGE('',*,*,#2096,.F.);
#2690=ORIENTED_EDGE('',*,*,#2098,.F.);
#2691=ORIENTED_EDGE('',*,*,#2099,.T.);
#2692=ORIENTED_EDGE('',*,*,#2100,.T.);
#2693=ORIENTED_EDGE('',*,*,#2099,.F.);
#2694=ORIENTED_EDGE('',*,*,#2101,.F.);
#2695=ORIENTED_EDGE('',*,*,#2102,.T.);
#2696=ORIENTED_EDGE('',*,*,#2103,.T.);
#2697=ORIENTED_EDGE('',*,*,#2102,.F.);
#2698=ORIENTED_EDGE('',*,*,#2104,.T.);
#2699=ORIENTED_EDGE('',*,*,#2105,.T.);
#2700=ORIENTED_EDGE('',*,*,#2106,.F.);
#2701=ORIENTED_EDGE('',*,*,#2107,.F.);
#2702=ORIENTED_EDGE('',*,*,#2108,.T.);
#2703=ORIENTED_EDGE('',*,*,#2107,.T.);
#2704=ORIENTED_EDGE('',*,*,#2109,.F.);
#2705=ORIENTED_EDGE('',*,*,#2110,.F.);
#2706=ORIENTED_EDGE('',*,*,#2111,.T.);
#2707=ORIENTED_EDGE('',*,*,#2110,.T.);
#2708=ORIENTED_EDGE('',*,*,#2112,.F.);
#2709=ORIENTED_EDGE('',*,*,#2113,.F.);
#2710=ORIENTED_EDGE('',*,*,#2114,.T.);
#2711=ORIENTED_EDGE('',*,*,#2113,.T.);
#2712=ORIENTED_EDGE('',*,*,#2115,.F.);
#2713=ORIENTED_EDGE('',*,*,#2105,.F.);
#2714=ORIENTED_EDGE('',*,*,#2116,.T.);
#2715=ORIENTED_EDGE('',*,*,#2117,.T.);
#2716=ORIENTED_EDGE('',*,*,#2118,.F.);
#2717=ORIENTED_EDGE('',*,*,#2119,.F.);
#2718=ORIENTED_EDGE('',*,*,#2120,.T.);
#2719=ORIENTED_EDGE('',*,*,#2119,.T.);
#2720=ORIENTED_EDGE('',*,*,#2121,.F.);
#2721=ORIENTED_EDGE('',*,*,#2122,.F.);
#2722=ORIENTED_EDGE('',*,*,#2123,.T.);
#2723=ORIENTED_EDGE('',*,*,#2122,.T.);
#2724=ORIENTED_EDGE('',*,*,#2124,.F.);
#2725=ORIENTED_EDGE('',*,*,#2125,.F.);
#2726=ORIENTED_EDGE('',*,*,#2126,.T.);
#2727=ORIENTED_EDGE('',*,*,#2125,.T.);
#2728=ORIENTED_EDGE('',*,*,#2127,.F.);
#2729=ORIENTED_EDGE('',*,*,#2117,.F.);
#2730=ORIENTED_EDGE('',*,*,#2128,.T.);
#2731=ORIENTED_EDGE('',*,*,#2129,.T.);
#2732=ORIENTED_EDGE('',*,*,#2130,.F.);
#2733=ORIENTED_EDGE('',*,*,#2131,.F.);
#2734=ORIENTED_EDGE('',*,*,#2132,.T.);
#2735=ORIENTED_EDGE('',*,*,#2131,.T.);
#2736=ORIENTED_EDGE('',*,*,#2133,.F.);
#2737=ORIENTED_EDGE('',*,*,#2134,.F.);
#2738=ORIENTED_EDGE('',*,*,#2135,.T.);
#2739=ORIENTED_EDGE('',*,*,#2134,.T.);
#2740=ORIENTED_EDGE('',*,*,#2136,.F.);
#2741=ORIENTED_EDGE('',*,*,#2137,.F.);
#2742=ORIENTED_EDGE('',*,*,#2138,.T.);
#2743=ORIENTED_EDGE('',*,*,#2137,.T.);
#2744=ORIENTED_EDGE('',*,*,#2139,.F.);
#2745=ORIENTED_EDGE('',*,*,#2129,.F.);
#2746=ORIENTED_EDGE('',*,*,#2140,.T.);
#2747=ORIENTED_EDGE('',*,*,#2141,.T.);
#2748=ORIENTED_EDGE('',*,*,#2142,.F.);
#2749=ORIENTED_EDGE('',*,*,#2143,.F.);
#2750=ORIENTED_EDGE('',*,*,#2144,.T.);
#2751=ORIENTED_EDGE('',*,*,#2143,.T.);
#2752=ORIENTED_EDGE('',*,*,#2145,.F.);
#2753=ORIENTED_EDGE('',*,*,#2146,.F.);
#2754=ORIENTED_EDGE('',*,*,#2147,.T.);
#2755=ORIENTED_EDGE('',*,*,#2146,.T.);
#2756=ORIENTED_EDGE('',*,*,#2148,.F.);
#2757=ORIENTED_EDGE('',*,*,#2149,.F.);
#2758=ORIENTED_EDGE('',*,*,#2150,.T.);
#2759=ORIENTED_EDGE('',*,*,#2149,.T.);
#2760=ORIENTED_EDGE('',*,*,#2151,.F.);
#2761=ORIENTED_EDGE('',*,*,#2141,.F.);
#2762=ORIENTED_EDGE('',*,*,#2152,.T.);
#2763=ORIENTED_EDGE('',*,*,#2153,.T.);
#2764=ORIENTED_EDGE('',*,*,#2154,.F.);
#2765=ORIENTED_EDGE('',*,*,#2155,.F.);
#2766=ORIENTED_EDGE('',*,*,#2156,.T.);
#2767=ORIENTED_EDGE('',*,*,#2155,.T.);
#2768=ORIENTED_EDGE('',*,*,#2157,.F.);
#2769=ORIENTED_EDGE('',*,*,#2158,.F.);
#2770=ORIENTED_EDGE('',*,*,#2159,.T.);
#2771=ORIENTED_EDGE('',*,*,#2158,.T.);
#2772=ORIENTED_EDGE('',*,*,#2160,.F.);
#2773=ORIENTED_EDGE('',*,*,#2161,.F.);
#2774=ORIENTED_EDGE('',*,*,#2162,.T.);
#2775=ORIENTED_EDGE('',*,*,#2161,.T.);
#2776=ORIENTED_EDGE('',*,*,#2163,.F.);
#2777=ORIENTED_EDGE('',*,*,#2153,.F.);
#2778=ORIENTED_EDGE('',*,*,#2164,.T.);
#2779=ORIENTED_EDGE('',*,*,#2165,.T.);
#2780=ORIENTED_EDGE('',*,*,#2166,.F.);
#2781=ORIENTED_EDGE('',*,*,#2167,.F.);
#2782=ORIENTED_EDGE('',*,*,#2168,.T.);
#2783=ORIENTED_EDGE('',*,*,#2167,.T.);
#2784=ORIENTED_EDGE('',*,*,#2169,.F.);
#2785=ORIENTED_EDGE('',*,*,#2170,.F.);
#2786=ORIENTED_EDGE('',*,*,#2171,.T.);
#2787=ORIENTED_EDGE('',*,*,#2170,.T.);
#2788=ORIENTED_EDGE('',*,*,#2172,.F.);
#2789=ORIENTED_EDGE('',*,*,#2173,.F.);
#2790=ORIENTED_EDGE('',*,*,#2174,.T.);
#2791=ORIENTED_EDGE('',*,*,#2173,.T.);
#2792=ORIENTED_EDGE('',*,*,#2175,.F.);
#2793=ORIENTED_EDGE('',*,*,#2165,.F.);
#2794=ORIENTED_EDGE('',*,*,#2176,.T.);
#2795=ORIENTED_EDGE('',*,*,#2177,.T.);
#2796=ORIENTED_EDGE('',*,*,#2178,.F.);
#2797=ORIENTED_EDGE('',*,*,#2179,.F.);
#2798=ORIENTED_EDGE('',*,*,#2180,.T.);
#2799=ORIENTED_EDGE('',*,*,#2179,.T.);
#2800=ORIENTED_EDGE('',*,*,#2181,.F.);
#2801=ORIENTED_EDGE('',*,*,#2182,.F.);
#2802=ORIENTED_EDGE('',*,*,#2183,.T.);
#2803=ORIENTED_EDGE('',*,*,#2182,.T.);
#2804=ORIENTED_EDGE('',*,*,#2184,.F.);
#2805=ORIENTED_EDGE('',*,*,#2185,.F.);
#2806=ORIENTED_EDGE('',*,*,#2186,.T.);
#2807=ORIENTED_EDGE('',*,*,#2185,.T.);
#2808=ORIENTED_EDGE('',*,*,#2187,.F.);
#2809=ORIENTED_EDGE('',*,*,#2177,.F.);
#2810=ORIENTED_EDGE('',*,*,#2188,.T.);
#2811=ORIENTED_EDGE('',*,*,#2189,.T.);
#2812=ORIENTED_EDGE('',*,*,#2190,.F.);
#2813=ORIENTED_EDGE('',*,*,#2191,.F.);
#2814=ORIENTED_EDGE('',*,*,#2192,.T.);
#2815=ORIENTED_EDGE('',*,*,#2191,.T.);
#2816=ORIENTED_EDGE('',*,*,#2193,.F.);
#2817=ORIENTED_EDGE('',*,*,#2194,.F.);
#2818=ORIENTED_EDGE('',*,*,#2195,.T.);
#2819=ORIENTED_EDGE('',*,*,#2194,.T.);
#2820=ORIENTED_EDGE('',*,*,#2196,.F.);
#2821=ORIENTED_EDGE('',*,*,#2197,.F.);
#2822=ORIENTED_EDGE('',*,*,#2198,.T.);
#2823=ORIENTED_EDGE('',*,*,#2197,.T.);
#2824=ORIENTED_EDGE('',*,*,#2199,.F.);
#2825=ORIENTED_EDGE('',*,*,#2189,.F.);
#2826=ORIENTED_EDGE('',*,*,#2200,.T.);
#2827=ORIENTED_EDGE('',*,*,#2201,.T.);
#2828=ORIENTED_EDGE('',*,*,#2202,.F.);
#2829=ORIENTED_EDGE('',*,*,#2203,.F.);
#2830=ORIENTED_EDGE('',*,*,#2204,.T.);
#2831=ORIENTED_EDGE('',*,*,#2203,.T.);
#2832=ORIENTED_EDGE('',*,*,#2205,.F.);
#2833=ORIENTED_EDGE('',*,*,#2206,.F.);
#2834=ORIENTED_EDGE('',*,*,#2207,.T.);
#2835=ORIENTED_EDGE('',*,*,#2206,.T.);
#2836=ORIENTED_EDGE('',*,*,#2208,.F.);
#2837=ORIENTED_EDGE('',*,*,#2209,.F.);
#2838=ORIENTED_EDGE('',*,*,#2210,.T.);
#2839=ORIENTED_EDGE('',*,*,#2209,.T.);
#2840=ORIENTED_EDGE('',*,*,#2211,.F.);
#2841=ORIENTED_EDGE('',*,*,#2201,.F.);
#2842=ORIENTED_EDGE('',*,*,#2212,.T.);
#2843=ORIENTED_EDGE('',*,*,#2213,.T.);
#2844=ORIENTED_EDGE('',*,*,#2214,.F.);
#2845=ORIENTED_EDGE('',*,*,#2215,.F.);
#2846=ORIENTED_EDGE('',*,*,#2216,.T.);
#2847=ORIENTED_EDGE('',*,*,#2215,.T.);
#2848=ORIENTED_EDGE('',*,*,#2217,.F.);
#2849=ORIENTED_EDGE('',*,*,#2218,.F.);
#2850=ORIENTED_EDGE('',*,*,#2219,.T.);
#2851=ORIENTED_EDGE('',*,*,#2218,.T.);
#2852=ORIENTED_EDGE('',*,*,#2220,.F.);
#2853=ORIENTED_EDGE('',*,*,#2221,.F.);
#2854=ORIENTED_EDGE('',*,*,#2222,.T.);
#2855=ORIENTED_EDGE('',*,*,#2221,.T.);
#2856=ORIENTED_EDGE('',*,*,#2223,.F.);
#2857=ORIENTED_EDGE('',*,*,#2213,.F.);
#2858=ORIENTED_EDGE('',*,*,#2224,.T.);
#2859=ORIENTED_EDGE('',*,*,#2225,.T.);
#2860=ORIENTED_EDGE('',*,*,#2226,.F.);
#2861=ORIENTED_EDGE('',*,*,#2227,.F.);
#2862=ORIENTED_EDGE('',*,*,#2228,.T.);
#2863=ORIENTED_EDGE('',*,*,#2227,.T.);
#2864=ORIENTED_EDGE('',*,*,#2229,.F.);
#2865=ORIENTED_EDGE('',*,*,#2230,.F.);
#2866=ORIENTED_EDGE('',*,*,#2231,.T.);
#2867=ORIENTED_EDGE('',*,*,#2230,.T.);
#2868=ORIENTED_EDGE('',*,*,#2232,.F.);
#2869=ORIENTED_EDGE('',*,*,#2233,.F.);
#2870=ORIENTED_EDGE('',*,*,#2234,.T.);
#2871=ORIENTED_EDGE('',*,*,#2233,.T.);
#2872=ORIENTED_EDGE('',*,*,#2235,.F.);
#2873=ORIENTED_EDGE('',*,*,#2225,.F.);
#2874=ORIENTED_EDGE('',*,*,#2236,.T.);
#2875=ORIENTED_EDGE('',*,*,#2237,.T.);
#2876=ORIENTED_EDGE('',*,*,#2238,.F.);
#2877=ORIENTED_EDGE('',*,*,#2239,.F.);
#2878=ORIENTED_EDGE('',*,*,#2240,.T.);
#2879=ORIENTED_EDGE('',*,*,#2239,.T.);
#2880=ORIENTED_EDGE('',*,*,#2241,.F.);
#2881=ORIENTED_EDGE('',*,*,#2242,.F.);
#2882=ORIENTED_EDGE('',*,*,#2243,.T.);
#2883=ORIENTED_EDGE('',*,*,#2242,.T.);
#2884=ORIENTED_EDGE('',*,*,#2244,.F.);
#2885=ORIENTED_EDGE('',*,*,#2245,.F.);
#2886=ORIENTED_EDGE('',*,*,#2246,.T.);
#2887=ORIENTED_EDGE('',*,*,#2245,.T.);
#2888=ORIENTED_EDGE('',*,*,#2247,.F.);
#2889=ORIENTED_EDGE('',*,*,#2237,.F.);
#2890=ORIENTED_EDGE('',*,*,#2248,.T.);
#2891=ORIENTED_EDGE('',*,*,#2249,.T.);
#2892=ORIENTED_EDGE('',*,*,#2250,.F.);
#2893=ORIENTED_EDGE('',*,*,#2251,.F.);
#2894=ORIENTED_EDGE('',*,*,#2252,.T.);
#2895=ORIENTED_EDGE('',*,*,#2251,.T.);
#2896=ORIENTED_EDGE('',*,*,#2253,.F.);
#2897=ORIENTED_EDGE('',*,*,#2254,.F.);
#2898=ORIENTED_EDGE('',*,*,#2255,.T.);
#2899=ORIENTED_EDGE('',*,*,#2254,.T.);
#2900=ORIENTED_EDGE('',*,*,#2256,.F.);
#2901=ORIENTED_EDGE('',*,*,#2257,.F.);
#2902=ORIENTED_EDGE('',*,*,#2258,.T.);
#2903=ORIENTED_EDGE('',*,*,#2257,.T.);
#2904=ORIENTED_EDGE('',*,*,#2259,.F.);
#2905=ORIENTED_EDGE('',*,*,#2249,.F.);
#2906=ORIENTED_EDGE('',*,*,#2260,.T.);
#2907=ORIENTED_EDGE('',*,*,#2261,.T.);
#2908=ORIENTED_EDGE('',*,*,#2262,.F.);
#2909=ORIENTED_EDGE('',*,*,#2263,.F.);
#2910=ORIENTED_EDGE('',*,*,#2264,.T.);
#2911=ORIENTED_EDGE('',*,*,#2263,.T.);
#2912=ORIENTED_EDGE('',*,*,#2265,.F.);
#2913=ORIENTED_EDGE('',*,*,#2266,.F.);
#2914=ORIENTED_EDGE('',*,*,#2267,.T.);
#2915=ORIENTED_EDGE('',*,*,#2266,.T.);
#2916=ORIENTED_EDGE('',*,*,#2268,.F.);
#2917=ORIENTED_EDGE('',*,*,#2269,.F.);
#2918=ORIENTED_EDGE('',*,*,#2270,.T.);
#2919=ORIENTED_EDGE('',*,*,#2269,.T.);
#2920=ORIENTED_EDGE('',*,*,#2271,.F.);
#2921=ORIENTED_EDGE('',*,*,#2261,.F.);
#2922=ORIENTED_EDGE('',*,*,#2272,.T.);
#2923=ORIENTED_EDGE('',*,*,#2273,.T.);
#2924=ORIENTED_EDGE('',*,*,#2274,.F.);
#2925=ORIENTED_EDGE('',*,*,#2275,.F.);
#2926=ORIENTED_EDGE('',*,*,#2276,.T.);
#2927=ORIENTED_EDGE('',*,*,#2275,.T.);
#2928=ORIENTED_EDGE('',*,*,#2277,.F.);
#2929=ORIENTED_EDGE('',*,*,#2278,.F.);
#2930=ORIENTED_EDGE('',*,*,#2279,.T.);
#2931=ORIENTED_EDGE('',*,*,#2278,.T.);
#2932=ORIENTED_EDGE('',*,*,#2280,.F.);
#2933=ORIENTED_EDGE('',*,*,#2281,.F.);
#2934=ORIENTED_EDGE('',*,*,#2282,.T.);
#2935=ORIENTED_EDGE('',*,*,#2281,.T.);
#2936=ORIENTED_EDGE('',*,*,#2283,.F.);
#2937=ORIENTED_EDGE('',*,*,#2273,.F.);
#2938=ORIENTED_EDGE('',*,*,#2284,.T.);
#2939=ORIENTED_EDGE('',*,*,#2285,.T.);
#2940=ORIENTED_EDGE('',*,*,#2286,.F.);
#2941=ORIENTED_EDGE('',*,*,#2287,.F.);
#2942=ORIENTED_EDGE('',*,*,#2288,.T.);
#2943=ORIENTED_EDGE('',*,*,#2287,.T.);
#2944=ORIENTED_EDGE('',*,*,#2289,.F.);
#2945=ORIENTED_EDGE('',*,*,#2290,.F.);
#2946=ORIENTED_EDGE('',*,*,#2291,.T.);
#2947=ORIENTED_EDGE('',*,*,#2290,.T.);
#2948=ORIENTED_EDGE('',*,*,#2292,.F.);
#2949=ORIENTED_EDGE('',*,*,#2293,.F.);
#2950=ORIENTED_EDGE('',*,*,#2294,.T.);
#2951=ORIENTED_EDGE('',*,*,#2293,.T.);
#2952=ORIENTED_EDGE('',*,*,#2295,.F.);
#2953=ORIENTED_EDGE('',*,*,#2285,.F.);
#2954=ORIENTED_EDGE('',*,*,#2296,.F.);
#2955=ORIENTED_EDGE('',*,*,#2297,.T.);
#2956=ORIENTED_EDGE('',*,*,#2298,.F.);
#2957=ORIENTED_EDGE('',*,*,#2299,.F.);
#2958=ORIENTED_EDGE('',*,*,#2300,.T.);
#2959=ORIENTED_EDGE('',*,*,#2299,.T.);
#2960=ORIENTED_EDGE('',*,*,#2301,.F.);
#2961=ORIENTED_EDGE('',*,*,#2302,.F.);
#2962=ORIENTED_EDGE('',*,*,#2303,.T.);
#2963=ORIENTED_EDGE('',*,*,#2302,.T.);
#2964=ORIENTED_EDGE('',*,*,#2304,.F.);
#2965=ORIENTED_EDGE('',*,*,#2305,.F.);
#2966=ORIENTED_EDGE('',*,*,#2306,.F.);
#2967=ORIENTED_EDGE('',*,*,#2305,.T.);
#2968=ORIENTED_EDGE('',*,*,#2307,.F.);
#2969=ORIENTED_EDGE('',*,*,#2308,.F.);
#2970=ORIENTED_EDGE('',*,*,#2309,.F.);
#2971=ORIENTED_EDGE('',*,*,#2308,.T.);
#2972=ORIENTED_EDGE('',*,*,#2310,.F.);
#2973=ORIENTED_EDGE('',*,*,#2311,.F.);
#2974=ORIENTED_EDGE('',*,*,#2312,.T.);
#2975=ORIENTED_EDGE('',*,*,#2311,.T.);
#2976=ORIENTED_EDGE('',*,*,#2313,.F.);
#2977=ORIENTED_EDGE('',*,*,#2314,.F.);
#2978=ORIENTED_EDGE('',*,*,#2315,.T.);
#2979=ORIENTED_EDGE('',*,*,#2314,.T.);
#2980=ORIENTED_EDGE('',*,*,#2316,.F.);
#2981=ORIENTED_EDGE('',*,*,#2317,.F.);
#2982=ORIENTED_EDGE('',*,*,#2318,.T.);
#2983=ORIENTED_EDGE('',*,*,#2317,.T.);
#2984=ORIENTED_EDGE('',*,*,#2319,.F.);
#2985=ORIENTED_EDGE('',*,*,#2320,.F.);
#2986=ORIENTED_EDGE('',*,*,#2321,.T.);
#2987=ORIENTED_EDGE('',*,*,#2320,.T.);
#2988=ORIENTED_EDGE('',*,*,#2322,.F.);
#2989=ORIENTED_EDGE('',*,*,#2323,.F.);
#2990=ORIENTED_EDGE('',*,*,#2324,.F.);
#2991=ORIENTED_EDGE('',*,*,#2323,.T.);
#2992=ORIENTED_EDGE('',*,*,#2325,.F.);
#2993=ORIENTED_EDGE('',*,*,#2326,.F.);
#2994=ORIENTED_EDGE('',*,*,#2327,.F.);
#2995=ORIENTED_EDGE('',*,*,#2326,.T.);
#2996=ORIENTED_EDGE('',*,*,#2328,.F.);
#2997=ORIENTED_EDGE('',*,*,#2329,.F.);
#2998=ORIENTED_EDGE('',*,*,#2330,.F.);
#2999=ORIENTED_EDGE('',*,*,#2329,.T.);
#3000=ORIENTED_EDGE('',*,*,#2331,.F.);
#3001=ORIENTED_EDGE('',*,*,#2332,.F.);
#3002=ORIENTED_EDGE('',*,*,#2333,.T.);
#3003=ORIENTED_EDGE('',*,*,#2332,.T.);
#3004=ORIENTED_EDGE('',*,*,#2334,.F.);
#3005=ORIENTED_EDGE('',*,*,#2335,.F.);
#3006=ORIENTED_EDGE('',*,*,#2336,.F.);
#3007=ORIENTED_EDGE('',*,*,#2335,.T.);
#3008=ORIENTED_EDGE('',*,*,#2337,.F.);
#3009=ORIENTED_EDGE('',*,*,#2338,.F.);
#3010=ORIENTED_EDGE('',*,*,#2339,.T.);
#3011=ORIENTED_EDGE('',*,*,#2338,.T.);
#3012=ORIENTED_EDGE('',*,*,#2340,.F.);
#3013=ORIENTED_EDGE('',*,*,#2341,.F.);
#3014=ORIENTED_EDGE('',*,*,#2342,.T.);
#3015=ORIENTED_EDGE('',*,*,#2341,.T.);
#3016=ORIENTED_EDGE('',*,*,#2343,.F.);
#3017=ORIENTED_EDGE('',*,*,#2344,.F.);
#3018=ORIENTED_EDGE('',*,*,#2345,.T.);
#3019=ORIENTED_EDGE('',*,*,#2344,.T.);
#3020=ORIENTED_EDGE('',*,*,#2346,.F.);
#3021=ORIENTED_EDGE('',*,*,#2347,.F.);
#3022=ORIENTED_EDGE('',*,*,#2348,.T.);
#3023=ORIENTED_EDGE('',*,*,#2347,.T.);
#3024=ORIENTED_EDGE('',*,*,#2349,.F.);
#3025=ORIENTED_EDGE('',*,*,#2350,.F.);
#3026=ORIENTED_EDGE('',*,*,#2351,.F.);
#3027=ORIENTED_EDGE('',*,*,#2350,.T.);
#3028=ORIENTED_EDGE('',*,*,#2352,.F.);
#3029=ORIENTED_EDGE('',*,*,#2353,.F.);
#3030=ORIENTED_EDGE('',*,*,#2354,.T.);
#3031=ORIENTED_EDGE('',*,*,#2353,.T.);
#3032=ORIENTED_EDGE('',*,*,#2355,.F.);
#3033=ORIENTED_EDGE('',*,*,#2356,.F.);
#3034=ORIENTED_EDGE('',*,*,#2357,.T.);
#3035=ORIENTED_EDGE('',*,*,#2356,.T.);
#3036=ORIENTED_EDGE('',*,*,#2358,.F.);
#3037=ORIENTED_EDGE('',*,*,#2359,.F.);
#3038=ORIENTED_EDGE('',*,*,#2360,.T.);
#3039=ORIENTED_EDGE('',*,*,#2359,.T.);
#3040=ORIENTED_EDGE('',*,*,#2361,.F.);
#3041=ORIENTED_EDGE('',*,*,#2362,.F.);
#3042=ORIENTED_EDGE('',*,*,#2363,.T.);
#3043=ORIENTED_EDGE('',*,*,#2362,.T.);
#3044=ORIENTED_EDGE('',*,*,#2364,.F.);
#3045=ORIENTED_EDGE('',*,*,#2365,.F.);
#3046=ORIENTED_EDGE('',*,*,#2366,.T.);
#3047=ORIENTED_EDGE('',*,*,#2365,.T.);
#3048=ORIENTED_EDGE('',*,*,#2367,.F.);
#3049=ORIENTED_EDGE('',*,*,#2368,.F.);
#3050=ORIENTED_EDGE('',*,*,#2369,.T.);
#3051=ORIENTED_EDGE('',*,*,#2368,.T.);
#3052=ORIENTED_EDGE('',*,*,#2370,.F.);
#3053=ORIENTED_EDGE('',*,*,#2371,.F.);
#3054=ORIENTED_EDGE('',*,*,#2372,.T.);
#3055=ORIENTED_EDGE('',*,*,#2371,.T.);
#3056=ORIENTED_EDGE('',*,*,#2373,.F.);
#3057=ORIENTED_EDGE('',*,*,#2297,.F.);
#3058=ORIENTED_EDGE('',*,*,#2373,.T.);
#3059=ORIENTED_EDGE('',*,*,#2370,.T.);
#3060=ORIENTED_EDGE('',*,*,#2367,.T.);
#3061=ORIENTED_EDGE('',*,*,#2364,.T.);
#3062=ORIENTED_EDGE('',*,*,#2361,.T.);
#3063=ORIENTED_EDGE('',*,*,#2358,.T.);
#3064=ORIENTED_EDGE('',*,*,#2355,.T.);
#3065=ORIENTED_EDGE('',*,*,#2352,.T.);
#3066=ORIENTED_EDGE('',*,*,#2349,.T.);
#3067=ORIENTED_EDGE('',*,*,#2346,.T.);
#3068=ORIENTED_EDGE('',*,*,#2343,.T.);
#3069=ORIENTED_EDGE('',*,*,#2340,.T.);
#3070=ORIENTED_EDGE('',*,*,#2337,.T.);
#3071=ORIENTED_EDGE('',*,*,#2334,.T.);
#3072=ORIENTED_EDGE('',*,*,#2331,.T.);
#3073=ORIENTED_EDGE('',*,*,#2328,.T.);
#3074=ORIENTED_EDGE('',*,*,#2325,.T.);
#3075=ORIENTED_EDGE('',*,*,#2322,.T.);
#3076=ORIENTED_EDGE('',*,*,#2319,.T.);
#3077=ORIENTED_EDGE('',*,*,#2316,.T.);
#3078=ORIENTED_EDGE('',*,*,#2313,.T.);
#3079=ORIENTED_EDGE('',*,*,#2310,.T.);
#3080=ORIENTED_EDGE('',*,*,#2307,.T.);
#3081=ORIENTED_EDGE('',*,*,#2304,.T.);
#3082=ORIENTED_EDGE('',*,*,#2301,.T.);
#3083=ORIENTED_EDGE('',*,*,#2298,.T.);
#3084=ORIENTED_EDGE('',*,*,#2295,.T.);
#3085=ORIENTED_EDGE('',*,*,#2292,.T.);
#3086=ORIENTED_EDGE('',*,*,#2289,.T.);
#3087=ORIENTED_EDGE('',*,*,#2286,.T.);
#3088=ORIENTED_EDGE('',*,*,#2283,.T.);
#3089=ORIENTED_EDGE('',*,*,#2280,.T.);
#3090=ORIENTED_EDGE('',*,*,#2277,.T.);
#3091=ORIENTED_EDGE('',*,*,#2274,.T.);
#3092=ORIENTED_EDGE('',*,*,#2271,.T.);
#3093=ORIENTED_EDGE('',*,*,#2268,.T.);
#3094=ORIENTED_EDGE('',*,*,#2265,.T.);
#3095=ORIENTED_EDGE('',*,*,#2262,.T.);
#3096=ORIENTED_EDGE('',*,*,#2259,.T.);
#3097=ORIENTED_EDGE('',*,*,#2256,.T.);
#3098=ORIENTED_EDGE('',*,*,#2253,.T.);
#3099=ORIENTED_EDGE('',*,*,#2250,.T.);
#3100=ORIENTED_EDGE('',*,*,#2247,.T.);
#3101=ORIENTED_EDGE('',*,*,#2244,.T.);
#3102=ORIENTED_EDGE('',*,*,#2241,.T.);
#3103=ORIENTED_EDGE('',*,*,#2238,.T.);
#3104=ORIENTED_EDGE('',*,*,#2235,.T.);
#3105=ORIENTED_EDGE('',*,*,#2232,.T.);
#3106=ORIENTED_EDGE('',*,*,#2229,.T.);
#3107=ORIENTED_EDGE('',*,*,#2226,.T.);
#3108=ORIENTED_EDGE('',*,*,#2223,.T.);
#3109=ORIENTED_EDGE('',*,*,#2220,.T.);
#3110=ORIENTED_EDGE('',*,*,#2217,.T.);
#3111=ORIENTED_EDGE('',*,*,#2214,.T.);
#3112=ORIENTED_EDGE('',*,*,#2211,.T.);
#3113=ORIENTED_EDGE('',*,*,#2208,.T.);
#3114=ORIENTED_EDGE('',*,*,#2205,.T.);
#3115=ORIENTED_EDGE('',*,*,#2202,.T.);
#3116=ORIENTED_EDGE('',*,*,#2199,.T.);
#3117=ORIENTED_EDGE('',*,*,#2196,.T.);
#3118=ORIENTED_EDGE('',*,*,#2193,.T.);
#3119=ORIENTED_EDGE('',*,*,#2190,.T.);
#3120=ORIENTED_EDGE('',*,*,#2187,.T.);
#3121=ORIENTED_EDGE('',*,*,#2184,.T.);
#3122=ORIENTED_EDGE('',*,*,#2181,.T.);
#3123=ORIENTED_EDGE('',*,*,#2178,.T.);
#3124=ORIENTED_EDGE('',*,*,#2175,.T.);
#3125=ORIENTED_EDGE('',*,*,#2172,.T.);
#3126=ORIENTED_EDGE('',*,*,#2169,.T.);
#3127=ORIENTED_EDGE('',*,*,#2166,.T.);
#3128=ORIENTED_EDGE('',*,*,#2163,.T.);
#3129=ORIENTED_EDGE('',*,*,#2160,.T.);
#3130=ORIENTED_EDGE('',*,*,#2157,.T.);
#3131=ORIENTED_EDGE('',*,*,#2154,.T.);
#3132=ORIENTED_EDGE('',*,*,#2151,.T.);
#3133=ORIENTED_EDGE('',*,*,#2148,.T.);
#3134=ORIENTED_EDGE('',*,*,#2145,.T.);
#3135=ORIENTED_EDGE('',*,*,#2142,.T.);
#3136=ORIENTED_EDGE('',*,*,#2139,.T.);
#3137=ORIENTED_EDGE('',*,*,#2136,.T.);
#3138=ORIENTED_EDGE('',*,*,#2133,.T.);
#3139=ORIENTED_EDGE('',*,*,#2130,.T.);
#3140=ORIENTED_EDGE('',*,*,#2127,.T.);
#3141=ORIENTED_EDGE('',*,*,#2124,.T.);
#3142=ORIENTED_EDGE('',*,*,#2121,.T.);
#3143=ORIENTED_EDGE('',*,*,#2118,.T.);
#3144=ORIENTED_EDGE('',*,*,#2115,.T.);
#3145=ORIENTED_EDGE('',*,*,#2112,.T.);
#3146=ORIENTED_EDGE('',*,*,#2109,.T.);
#3147=ORIENTED_EDGE('',*,*,#2106,.T.);
#3148=ORIENTED_EDGE('',*,*,#2101,.T.);
#3149=ORIENTED_EDGE('',*,*,#2098,.T.);
#3150=ORIENTED_EDGE('',*,*,#2095,.T.);
#3151=ORIENTED_EDGE('',*,*,#2094,.T.);
#3152=ORIENTED_EDGE('',*,*,#2091,.T.);
#3153=ORIENTED_EDGE('',*,*,#2088,.T.);
#3154=ORIENTED_EDGE('',*,*,#2085,.T.);
#3155=ORIENTED_EDGE('',*,*,#2082,.T.);
#3156=ORIENTED_EDGE('',*,*,#2079,.T.);
#3157=ORIENTED_EDGE('',*,*,#2076,.T.);
#3158=ORIENTED_EDGE('',*,*,#2073,.T.);
#3159=ORIENTED_EDGE('',*,*,#2070,.T.);
#3160=ORIENTED_EDGE('',*,*,#2067,.T.);
#3161=ORIENTED_EDGE('',*,*,#2064,.T.);
#3162=ORIENTED_EDGE('',*,*,#2061,.T.);
#3163=ORIENTED_EDGE('',*,*,#2056,.T.);
#3164=ORIENTED_EDGE('',*,*,#2055,.T.);
#3165=ORIENTED_EDGE('',*,*,#2052,.T.);
#3166=ORIENTED_EDGE('',*,*,#2049,.T.);
#3167=ORIENTED_EDGE('',*,*,#2046,.T.);
#3168=ORIENTED_EDGE('',*,*,#2043,.T.);
#3169=ORIENTED_EDGE('',*,*,#2040,.T.);
#3170=ORIENTED_EDGE('',*,*,#2037,.T.);
#3171=ORIENTED_EDGE('',*,*,#2034,.T.);
#3172=ORIENTED_EDGE('',*,*,#2031,.T.);
#3173=ORIENTED_EDGE('',*,*,#2028,.T.);
#3174=ORIENTED_EDGE('',*,*,#2025,.T.);
#3175=ORIENTED_EDGE('',*,*,#2022,.T.);
#3176=ORIENTED_EDGE('',*,*,#2019,.T.);
#3177=ORIENTED_EDGE('',*,*,#2016,.T.);
#3178=ORIENTED_EDGE('',*,*,#2013,.T.);
#3179=ORIENTED_EDGE('',*,*,#2010,.T.);
#3180=ORIENTED_EDGE('',*,*,#2005,.T.);
#3181=ORIENTED_EDGE('',*,*,#2004,.T.);
#3182=ORIENTED_EDGE('',*,*,#2001,.T.);
#3183=ORIENTED_EDGE('',*,*,#1998,.T.);
#3184=ORIENTED_EDGE('',*,*,#1995,.T.);
#3185=ORIENTED_EDGE('',*,*,#1992,.T.);
#3186=ORIENTED_EDGE('',*,*,#1989,.T.);
#3187=ORIENTED_EDGE('',*,*,#1986,.T.);
#3188=ORIENTED_EDGE('',*,*,#1983,.T.);
#3189=ORIENTED_EDGE('',*,*,#1980,.T.);
#3190=ORIENTED_EDGE('',*,*,#1977,.T.);
#3191=ORIENTED_EDGE('',*,*,#1974,.T.);
#3192=ORIENTED_EDGE('',*,*,#1971,.T.);
#3193=ORIENTED_EDGE('',*,*,#1968,.T.);
#3194=ORIENTED_EDGE('',*,*,#1965,.T.);
#3195=ORIENTED_EDGE('',*,*,#1962,.T.);
#3196=ORIENTED_EDGE('',*,*,#1959,.T.);
#3197=ORIENTED_EDGE('',*,*,#1956,.T.);
#3198=ORIENTED_EDGE('',*,*,#1953,.T.);
#3199=ORIENTED_EDGE('',*,*,#1950,.T.);
#3200=ORIENTED_EDGE('',*,*,#1947,.T.);
#3201=ORIENTED_EDGE('',*,*,#1944,.T.);
#3202=ORIENTED_EDGE('',*,*,#1941,.T.);
#3203=ORIENTED_EDGE('',*,*,#1938,.T.);
#3204=ORIENTED_EDGE('',*,*,#1935,.T.);
#3205=ORIENTED_EDGE('',*,*,#1932,.T.);
#3206=ORIENTED_EDGE('',*,*,#1929,.T.);
#3207=ORIENTED_EDGE('',*,*,#1926,.T.);
#3208=ORIENTED_EDGE('',*,*,#1923,.T.);
#3209=ORIENTED_EDGE('',*,*,#1920,.T.);
#3210=ORIENTED_EDGE('',*,*,#1917,.T.);
#3211=ORIENTED_EDGE('',*,*,#1914,.T.);
#3212=ORIENTED_EDGE('',*,*,#1911,.T.);
#3213=ORIENTED_EDGE('',*,*,#1908,.T.);
#3214=ORIENTED_EDGE('',*,*,#1905,.T.);
#3215=ORIENTED_EDGE('',*,*,#1902,.T.);
#3216=ORIENTED_EDGE('',*,*,#1899,.T.);
#3217=ORIENTED_EDGE('',*,*,#1896,.T.);
#3218=ORIENTED_EDGE('',*,*,#1893,.T.);
#3219=ORIENTED_EDGE('',*,*,#1890,.T.);
#3220=ORIENTED_EDGE('',*,*,#1887,.T.);
#3221=ORIENTED_EDGE('',*,*,#1884,.T.);
#3222=ORIENTED_EDGE('',*,*,#1881,.T.);
#3223=ORIENTED_EDGE('',*,*,#1878,.T.);
#3224=ORIENTED_EDGE('',*,*,#1875,.T.);
#3225=ORIENTED_EDGE('',*,*,#1872,.T.);
#3226=ORIENTED_EDGE('',*,*,#1869,.T.);
#3227=ORIENTED_EDGE('',*,*,#1866,.T.);
#3228=ORIENTED_EDGE('',*,*,#1863,.T.);
#3229=ORIENTED_EDGE('',*,*,#2372,.F.);
#3230=ORIENTED_EDGE('',*,*,#2296,.T.);
#3231=ORIENTED_EDGE('',*,*,#2300,.F.);
#3232=ORIENTED_EDGE('',*,*,#2303,.F.);
#3233=ORIENTED_EDGE('',*,*,#2306,.T.);
#3234=ORIENTED_EDGE('',*,*,#2309,.T.);
#3235=ORIENTED_EDGE('',*,*,#2312,.F.);
#3236=ORIENTED_EDGE('',*,*,#2315,.F.);
#3237=ORIENTED_EDGE('',*,*,#2318,.F.);
#3238=ORIENTED_EDGE('',*,*,#2321,.F.);
#3239=ORIENTED_EDGE('',*,*,#2324,.T.);
#3240=ORIENTED_EDGE('',*,*,#2327,.T.);
#3241=ORIENTED_EDGE('',*,*,#2330,.T.);
#3242=ORIENTED_EDGE('',*,*,#2333,.F.);
#3243=ORIENTED_EDGE('',*,*,#2336,.T.);
#3244=ORIENTED_EDGE('',*,*,#2339,.F.);
#3245=ORIENTED_EDGE('',*,*,#2342,.F.);
#3246=ORIENTED_EDGE('',*,*,#2345,.F.);
#3247=ORIENTED_EDGE('',*,*,#2348,.F.);
#3248=ORIENTED_EDGE('',*,*,#2351,.T.);
#3249=ORIENTED_EDGE('',*,*,#2354,.F.);
#3250=ORIENTED_EDGE('',*,*,#2357,.F.);
#3251=ORIENTED_EDGE('',*,*,#2360,.F.);
#3252=ORIENTED_EDGE('',*,*,#2363,.F.);
#3253=ORIENTED_EDGE('',*,*,#2366,.F.);
#3254=ORIENTED_EDGE('',*,*,#2369,.F.);
#3255=ORIENTED_EDGE('',*,*,#2294,.F.);
#3256=ORIENTED_EDGE('',*,*,#2284,.F.);
#3257=ORIENTED_EDGE('',*,*,#2288,.F.);
#3258=ORIENTED_EDGE('',*,*,#2291,.F.);
#3259=ORIENTED_EDGE('',*,*,#2282,.F.);
#3260=ORIENTED_EDGE('',*,*,#2272,.F.);
#3261=ORIENTED_EDGE('',*,*,#2276,.F.);
#3262=ORIENTED_EDGE('',*,*,#2279,.F.);
#3263=ORIENTED_EDGE('',*,*,#2270,.F.);
#3264=ORIENTED_EDGE('',*,*,#2260,.F.);
#3265=ORIENTED_EDGE('',*,*,#2264,.F.);
#3266=ORIENTED_EDGE('',*,*,#2267,.F.);
#3267=ORIENTED_EDGE('',*,*,#2258,.F.);
#3268=ORIENTED_EDGE('',*,*,#2248,.F.);
#3269=ORIENTED_EDGE('',*,*,#2252,.F.);
#3270=ORIENTED_EDGE('',*,*,#2255,.F.);
#3271=ORIENTED_EDGE('',*,*,#2246,.F.);
#3272=ORIENTED_EDGE('',*,*,#2236,.F.);
#3273=ORIENTED_EDGE('',*,*,#2240,.F.);
#3274=ORIENTED_EDGE('',*,*,#2243,.F.);
#3275=ORIENTED_EDGE('',*,*,#2234,.F.);
#3276=ORIENTED_EDGE('',*,*,#2224,.F.);
#3277=ORIENTED_EDGE('',*,*,#2228,.F.);
#3278=ORIENTED_EDGE('',*,*,#2231,.F.);
#3279=ORIENTED_EDGE('',*,*,#2222,.F.);
#3280=ORIENTED_EDGE('',*,*,#2212,.F.);
#3281=ORIENTED_EDGE('',*,*,#2216,.F.);
#3282=ORIENTED_EDGE('',*,*,#2219,.F.);
#3283=ORIENTED_EDGE('',*,*,#2210,.F.);
#3284=ORIENTED_EDGE('',*,*,#2200,.F.);
#3285=ORIENTED_EDGE('',*,*,#2204,.F.);
#3286=ORIENTED_EDGE('',*,*,#2207,.F.);
#3287=ORIENTED_EDGE('',*,*,#2198,.F.);
#3288=ORIENTED_EDGE('',*,*,#2188,.F.);
#3289=ORIENTED_EDGE('',*,*,#2192,.F.);
#3290=ORIENTED_EDGE('',*,*,#2195,.F.);
#3291=ORIENTED_EDGE('',*,*,#2186,.F.);
#3292=ORIENTED_EDGE('',*,*,#2176,.F.);
#3293=ORIENTED_EDGE('',*,*,#2180,.F.);
#3294=ORIENTED_EDGE('',*,*,#2183,.F.);
#3295=ORIENTED_EDGE('',*,*,#2174,.F.);
#3296=ORIENTED_EDGE('',*,*,#2164,.F.);
#3297=ORIENTED_EDGE('',*,*,#2168,.F.);
#3298=ORIENTED_EDGE('',*,*,#2171,.F.);
#3299=ORIENTED_EDGE('',*,*,#2162,.F.);
#3300=ORIENTED_EDGE('',*,*,#2152,.F.);
#3301=ORIENTED_EDGE('',*,*,#2156,.F.);
#3302=ORIENTED_EDGE('',*,*,#2159,.F.);
#3303=ORIENTED_EDGE('',*,*,#2150,.F.);
#3304=ORIENTED_EDGE('',*,*,#2140,.F.);
#3305=ORIENTED_EDGE('',*,*,#2144,.F.);
#3306=ORIENTED_EDGE('',*,*,#2147,.F.);
#3307=ORIENTED_EDGE('',*,*,#2138,.F.);
#3308=ORIENTED_EDGE('',*,*,#2128,.F.);
#3309=ORIENTED_EDGE('',*,*,#2132,.F.);
#3310=ORIENTED_EDGE('',*,*,#2135,.F.);
#3311=ORIENTED_EDGE('',*,*,#2126,.F.);
#3312=ORIENTED_EDGE('',*,*,#2116,.F.);
#3313=ORIENTED_EDGE('',*,*,#2120,.F.);
#3314=ORIENTED_EDGE('',*,*,#2123,.F.);
#3315=ORIENTED_EDGE('',*,*,#2114,.F.);
#3316=ORIENTED_EDGE('',*,*,#2104,.F.);
#3317=ORIENTED_EDGE('',*,*,#2108,.F.);
#3318=ORIENTED_EDGE('',*,*,#2111,.F.);
#3319=ORIENTED_EDGE('',*,*,#2103,.F.);
#3320=ORIENTED_EDGE('',*,*,#2100,.F.);
#3321=ORIENTED_EDGE('',*,*,#2097,.F.);
#3322=ORIENTED_EDGE('',*,*,#2093,.F.);
#3323=ORIENTED_EDGE('',*,*,#2059,.F.);
#3324=ORIENTED_EDGE('',*,*,#2063,.F.);
#3325=ORIENTED_EDGE('',*,*,#2066,.F.);
#3326=ORIENTED_EDGE('',*,*,#2069,.F.);
#3327=ORIENTED_EDGE('',*,*,#2072,.F.);
#3328=ORIENTED_EDGE('',*,*,#2075,.F.);
#3329=ORIENTED_EDGE('',*,*,#2078,.F.);
#3330=ORIENTED_EDGE('',*,*,#2081,.F.);
#3331=ORIENTED_EDGE('',*,*,#2084,.F.);
#3332=ORIENTED_EDGE('',*,*,#2087,.F.);
#3333=ORIENTED_EDGE('',*,*,#2090,.F.);
#3334=ORIENTED_EDGE('',*,*,#2058,.F.);
#3335=ORIENTED_EDGE('',*,*,#2054,.F.);
#3336=ORIENTED_EDGE('',*,*,#2044,.F.);
#3337=ORIENTED_EDGE('',*,*,#2048,.F.);
#3338=ORIENTED_EDGE('',*,*,#2051,.F.);
#3339=ORIENTED_EDGE('',*,*,#2042,.F.);
#3340=ORIENTED_EDGE('',*,*,#2032,.F.);
#3341=ORIENTED_EDGE('',*,*,#2036,.F.);
#3342=ORIENTED_EDGE('',*,*,#2039,.F.);
#3343=ORIENTED_EDGE('',*,*,#2030,.F.);
#3344=ORIENTED_EDGE('',*,*,#2020,.F.);
#3345=ORIENTED_EDGE('',*,*,#2024,.F.);
#3346=ORIENTED_EDGE('',*,*,#2027,.F.);
#3347=ORIENTED_EDGE('',*,*,#2018,.F.);
#3348=ORIENTED_EDGE('',*,*,#2008,.F.);
#3349=ORIENTED_EDGE('',*,*,#2012,.F.);
#3350=ORIENTED_EDGE('',*,*,#2015,.F.);
#3351=ORIENTED_EDGE('',*,*,#2007,.F.);
#3352=ORIENTED_EDGE('',*,*,#2003,.F.);
#3353=ORIENTED_EDGE('',*,*,#1993,.F.);
#3354=ORIENTED_EDGE('',*,*,#1997,.F.);
#3355=ORIENTED_EDGE('',*,*,#2000,.F.);
#3356=ORIENTED_EDGE('',*,*,#1991,.F.);
#3357=ORIENTED_EDGE('',*,*,#1981,.F.);
#3358=ORIENTED_EDGE('',*,*,#1985,.F.);
#3359=ORIENTED_EDGE('',*,*,#1988,.F.);
#3360=ORIENTED_EDGE('',*,*,#1979,.F.);
#3361=ORIENTED_EDGE('',*,*,#1969,.F.);
#3362=ORIENTED_EDGE('',*,*,#1973,.F.);
#3363=ORIENTED_EDGE('',*,*,#1976,.F.);
#3364=ORIENTED_EDGE('',*,*,#1967,.F.);
#3365=ORIENTED_EDGE('',*,*,#1957,.F.);
#3366=ORIENTED_EDGE('',*,*,#1961,.F.);
#3367=ORIENTED_EDGE('',*,*,#1964,.F.);
#3368=ORIENTED_EDGE('',*,*,#1955,.F.);
#3369=ORIENTED_EDGE('',*,*,#1945,.F.);
#3370=ORIENTED_EDGE('',*,*,#1949,.F.);
#3371=ORIENTED_EDGE('',*,*,#1952,.F.);
#3372=ORIENTED_EDGE('',*,*,#1943,.F.);
#3373=ORIENTED_EDGE('',*,*,#1933,.F.);
#3374=ORIENTED_EDGE('',*,*,#1937,.F.);
#3375=ORIENTED_EDGE('',*,*,#1940,.F.);
#3376=ORIENTED_EDGE('',*,*,#1931,.F.);
#3377=ORIENTED_EDGE('',*,*,#1921,.F.);
#3378=ORIENTED_EDGE('',*,*,#1925,.F.);
#3379=ORIENTED_EDGE('',*,*,#1928,.F.);
#3380=ORIENTED_EDGE('',*,*,#1919,.F.);
#3381=ORIENTED_EDGE('',*,*,#1909,.F.);
#3382=ORIENTED_EDGE('',*,*,#1913,.F.);
#3383=ORIENTED_EDGE('',*,*,#1916,.F.);
#3384=ORIENTED_EDGE('',*,*,#1907,.F.);
#3385=ORIENTED_EDGE('',*,*,#1897,.F.);
#3386=ORIENTED_EDGE('',*,*,#1901,.F.);
#3387=ORIENTED_EDGE('',*,*,#1904,.F.);
#3388=ORIENTED_EDGE('',*,*,#1895,.F.);
#3389=ORIENTED_EDGE('',*,*,#1885,.F.);
#3390=ORIENTED_EDGE('',*,*,#1889,.F.);
#3391=ORIENTED_EDGE('',*,*,#1892,.F.);
#3392=ORIENTED_EDGE('',*,*,#1883,.F.);
#3393=ORIENTED_EDGE('',*,*,#1873,.F.);
#3394=ORIENTED_EDGE('',*,*,#1877,.F.);
#3395=ORIENTED_EDGE('',*,*,#1880,.F.);
#3396=ORIENTED_EDGE('',*,*,#1871,.F.);
#3397=ORIENTED_EDGE('',*,*,#1861,.F.);
#3398=ORIENTED_EDGE('',*,*,#1865,.F.);
#3399=ORIENTED_EDGE('',*,*,#1868,.F.);
#3400=PLANE('',#3740);
#3401=PLANE('',#3741);
#3402=PLANE('',#3742);
#3403=PLANE('',#3743);
#3404=PLANE('',#3744);
#3405=PLANE('',#3745);
#3406=PLANE('',#3746);
#3407=PLANE('',#3747);
#3408=PLANE('',#3748);
#3409=PLANE('',#3749);
#3410=PLANE('',#3750);
#3411=PLANE('',#3751);
#3412=PLANE('',#3752);
#3413=PLANE('',#3753);
#3414=PLANE('',#3754);
#3415=PLANE('',#3755);
#3416=PLANE('',#3756);
#3417=PLANE('',#3757);
#3418=PLANE('',#3758);
#3419=PLANE('',#3759);
#3420=PLANE('',#3760);
#3421=PLANE('',#3761);
#3422=PLANE('',#3762);
#3423=PLANE('',#3763);
#3424=PLANE('',#3764);
#3425=PLANE('',#3765);
#3426=PLANE('',#3766);
#3427=PLANE('',#3767);
#3428=PLANE('',#3768);
#3429=PLANE('',#3769);
#3430=PLANE('',#3770);
#3431=PLANE('',#3771);
#3432=PLANE('',#3772);
#3433=PLANE('',#3773);
#3434=PLANE('',#3774);
#3435=PLANE('',#3775);
#3436=PLANE('',#3776);
#3437=PLANE('',#3777);
#3438=PLANE('',#3778);
#3439=PLANE('',#3779);
#3440=PLANE('',#3780);
#3441=PLANE('',#3781);
#3442=PLANE('',#3782);
#3443=PLANE('',#3783);
#3444=PLANE('',#3784);
#3445=PLANE('',#3785);
#3446=PLANE('',#3786);
#3447=PLANE('',#3787);
#3448=PLANE('',#3791);
#3449=PLANE('',#3792);
#3450=PLANE('',#3793);
#3451=PLANE('',#3794);
#3452=PLANE('',#3795);
#3453=PLANE('',#3796);
#3454=PLANE('',#3797);
#3455=PLANE('',#3798);
#3456=PLANE('',#3799);
#3457=PLANE('',#3800);
#3458=PLANE('',#3801);
#3459=PLANE('',#3802);
#3460=PLANE('',#3803);
#3461=PLANE('',#3804);
#3462=PLANE('',#3805);
#3463=PLANE('',#3806);
#3464=PLANE('',#3810);
#3465=PLANE('',#3811);
#3466=PLANE('',#3812);
#3467=PLANE('',#3813);
#3468=PLANE('',#3814);
#3469=PLANE('',#3815);
#3470=PLANE('',#3816);
#3471=PLANE('',#3817);
#3472=PLANE('',#3818);
#3473=PLANE('',#3819);
#3474=PLANE('',#3820);
#3475=PLANE('',#3821);
#3476=PLANE('',#3831);
#3477=PLANE('',#3832);
#3478=PLANE('',#3833);
#3479=PLANE('',#3834);
#3480=PLANE('',#3835);
#3481=PLANE('',#3836);
#3482=PLANE('',#3837);
#3483=PLANE('',#3838);
#3484=PLANE('',#3839);
#3485=PLANE('',#3840);
#3486=PLANE('',#3841);
#3487=PLANE('',#3842);
#3488=PLANE('',#3843);
#3489=PLANE('',#3844);
#3490=PLANE('',#3845);
#3491=PLANE('',#3846);
#3492=PLANE('',#3847);
#3493=PLANE('',#3848);
#3494=PLANE('',#3849);
#3495=PLANE('',#3850);
#3496=PLANE('',#3851);
#3497=PLANE('',#3852);
#3498=PLANE('',#3853);
#3499=PLANE('',#3854);
#3500=PLANE('',#3855);
#3501=PLANE('',#3856);
#3502=PLANE('',#3857);
#3503=PLANE('',#3858);
#3504=PLANE('',#3859);
#3505=PLANE('',#3860);
#3506=PLANE('',#3861);
#3507=PLANE('',#3862);
#3508=PLANE('',#3863);
#3509=PLANE('',#3864);
#3510=PLANE('',#3865);
#3511=PLANE('',#3866);
#3512=PLANE('',#3867);
#3513=PLANE('',#3868);
#3514=PLANE('',#3869);
#3515=PLANE('',#3870);
#3516=PLANE('',#3871);
#3517=PLANE('',#3872);
#3518=PLANE('',#3873);
#3519=PLANE('',#3874);
#3520=PLANE('',#3875);
#3521=PLANE('',#3876);
#3522=PLANE('',#3877);
#3523=PLANE('',#3878);
#3524=PLANE('',#3879);
#3525=PLANE('',#3880);
#3526=PLANE('',#3881);
#3527=PLANE('',#3882);
#3528=PLANE('',#3883);
#3529=PLANE('',#3884);
#3530=PLANE('',#3885);
#3531=PLANE('',#3886);
#3532=PLANE('',#3887);
#3533=PLANE('',#3888);
#3534=PLANE('',#3889);
#3535=PLANE('',#3890);
#3536=PLANE('',#3891);
#3537=PLANE('',#3892);
#3538=PLANE('',#3893);
#3539=PLANE('',#3894);
#3540=PLANE('',#3898);
#3541=PLANE('',#3905);
#3542=PLANE('',#3915);
#3543=PLANE('',#3919);
#3544=PLANE('',#3920);
#3545=PLANE('',#3924);
#3546=PLANE('',#3925);
#3547=PLANE('',#3929);
#3548=PLANE('',#3930);
#3549=PLANE('',#3934);
#3550=PLANE('',#3938);
#3551=PLANE('',#3939);
#3552=PLANE('',#3940);
#3553=ADVANCED_FACE('',(#151),#3400,.T.);
#3554=ADVANCED_FACE('',(#152),#3401,.T.);
#3555=ADVANCED_FACE('',(#153),#3402,.T.);
#3556=ADVANCED_FACE('',(#154),#3403,.T.);
#3557=ADVANCED_FACE('',(#155),#3404,.T.);
#3558=ADVANCED_FACE('',(#156),#3405,.T.);
#3559=ADVANCED_FACE('',(#157),#3406,.T.);
#3560=ADVANCED_FACE('',(#158),#3407,.T.);
#3561=ADVANCED_FACE('',(#159),#3408,.T.);
#3562=ADVANCED_FACE('',(#160),#3409,.T.);
#3563=ADVANCED_FACE('',(#161),#3410,.T.);
#3564=ADVANCED_FACE('',(#162),#3411,.T.);
#3565=ADVANCED_FACE('',(#163),#3412,.T.);
#3566=ADVANCED_FACE('',(#164),#3413,.T.);
#3567=ADVANCED_FACE('',(#165),#3414,.T.);
#3568=ADVANCED_FACE('',(#166),#3415,.T.);
#3569=ADVANCED_FACE('',(#167),#3416,.T.);
#3570=ADVANCED_FACE('',(#168),#3417,.T.);
#3571=ADVANCED_FACE('',(#169),#3418,.T.);
#3572=ADVANCED_FACE('',(#170),#3419,.T.);
#3573=ADVANCED_FACE('',(#171),#3420,.T.);
#3574=ADVANCED_FACE('',(#172),#3421,.T.);
#3575=ADVANCED_FACE('',(#173),#3422,.T.);
#3576=ADVANCED_FACE('',(#174),#3423,.T.);
#3577=ADVANCED_FACE('',(#175),#3424,.T.);
#3578=ADVANCED_FACE('',(#176),#3425,.T.);
#3579=ADVANCED_FACE('',(#177),#3426,.T.);
#3580=ADVANCED_FACE('',(#178),#3427,.T.);
#3581=ADVANCED_FACE('',(#179),#3428,.T.);
#3582=ADVANCED_FACE('',(#180),#3429,.T.);
#3583=ADVANCED_FACE('',(#181),#3430,.T.);
#3584=ADVANCED_FACE('',(#182),#3431,.T.);
#3585=ADVANCED_FACE('',(#183),#3432,.T.);
#3586=ADVANCED_FACE('',(#184),#3433,.T.);
#3587=ADVANCED_FACE('',(#185),#3434,.T.);
#3588=ADVANCED_FACE('',(#186),#3435,.T.);
#3589=ADVANCED_FACE('',(#187),#3436,.T.);
#3590=ADVANCED_FACE('',(#188),#3437,.T.);
#3591=ADVANCED_FACE('',(#189),#3438,.T.);
#3592=ADVANCED_FACE('',(#190),#3439,.T.);
#3593=ADVANCED_FACE('',(#191),#3440,.T.);
#3594=ADVANCED_FACE('',(#192),#3441,.T.);
#3595=ADVANCED_FACE('',(#193),#3442,.T.);
#3596=ADVANCED_FACE('',(#194),#3443,.T.);
#3597=ADVANCED_FACE('',(#195),#3444,.T.);
#3598=ADVANCED_FACE('',(#196),#3445,.T.);
#3599=ADVANCED_FACE('',(#197),#3446,.T.);
#3600=ADVANCED_FACE('',(#198),#3447,.T.);
#3601=ADVANCED_FACE('',(#199),#135,.F.);
#3602=ADVANCED_FACE('',(#200),#3448,.T.);
#3603=ADVANCED_FACE('',(#201),#3449,.T.);
#3604=ADVANCED_FACE('',(#202),#3450,.T.);
#3605=ADVANCED_FACE('',(#203),#3451,.T.);
#3606=ADVANCED_FACE('',(#204),#3452,.T.);
#3607=ADVANCED_FACE('',(#205),#3453,.T.);
#3608=ADVANCED_FACE('',(#206),#3454,.T.);
#3609=ADVANCED_FACE('',(#207),#3455,.T.);
#3610=ADVANCED_FACE('',(#208),#3456,.T.);
#3611=ADVANCED_FACE('',(#209),#3457,.T.);
#3612=ADVANCED_FACE('',(#210),#3458,.T.);
#3613=ADVANCED_FACE('',(#211),#3459,.T.);
#3614=ADVANCED_FACE('',(#212),#3460,.T.);
#3615=ADVANCED_FACE('',(#213),#3461,.T.);
#3616=ADVANCED_FACE('',(#214),#3462,.T.);
#3617=ADVANCED_FACE('',(#215),#3463,.T.);
#3618=ADVANCED_FACE('',(#216),#136,.F.);
#3619=ADVANCED_FACE('',(#217),#3464,.T.);
#3620=ADVANCED_FACE('',(#218),#3465,.T.);
#3621=ADVANCED_FACE('',(#219),#3466,.T.);
#3622=ADVANCED_FACE('',(#220),#3467,.T.);
#3623=ADVANCED_FACE('',(#221),#3468,.T.);
#3624=ADVANCED_FACE('',(#222),#3469,.T.);
#3625=ADVANCED_FACE('',(#223),#3470,.T.);
#3626=ADVANCED_FACE('',(#224),#3471,.T.);
#3627=ADVANCED_FACE('',(#225),#3472,.T.);
#3628=ADVANCED_FACE('',(#226),#3473,.T.);
#3629=ADVANCED_FACE('',(#227),#3474,.T.);
#3630=ADVANCED_FACE('',(#228),#3475,.T.);
#3631=ADVANCED_FACE('',(#229),#137,.F.);
#3632=ADVANCED_FACE('',(#230),#138,.F.);
#3633=ADVANCED_FACE('',(#231),#139,.F.);
#3634=ADVANCED_FACE('',(#232),#3476,.T.);
#3635=ADVANCED_FACE('',(#233),#3477,.T.);
#3636=ADVANCED_FACE('',(#234),#3478,.T.);
#3637=ADVANCED_FACE('',(#235),#3479,.T.);
#3638=ADVANCED_FACE('',(#236),#3480,.T.);
#3639=ADVANCED_FACE('',(#237),#3481,.T.);
#3640=ADVANCED_FACE('',(#238),#3482,.T.);
#3641=ADVANCED_FACE('',(#239),#3483,.T.);
#3642=ADVANCED_FACE('',(#240),#3484,.T.);
#3643=ADVANCED_FACE('',(#241),#3485,.T.);
#3644=ADVANCED_FACE('',(#242),#3486,.T.);
#3645=ADVANCED_FACE('',(#243),#3487,.T.);
#3646=ADVANCED_FACE('',(#244),#3488,.T.);
#3647=ADVANCED_FACE('',(#245),#3489,.T.);
#3648=ADVANCED_FACE('',(#246),#3490,.T.);
#3649=ADVANCED_FACE('',(#247),#3491,.T.);
#3650=ADVANCED_FACE('',(#248),#3492,.T.);
#3651=ADVANCED_FACE('',(#249),#3493,.T.);
#3652=ADVANCED_FACE('',(#250),#3494,.T.);
#3653=ADVANCED_FACE('',(#251),#3495,.T.);
#3654=ADVANCED_FACE('',(#252),#3496,.T.);
#3655=ADVANCED_FACE('',(#253),#3497,.T.);
#3656=ADVANCED_FACE('',(#254),#3498,.T.);
#3657=ADVANCED_FACE('',(#255),#3499,.T.);
#3658=ADVANCED_FACE('',(#256),#3500,.T.);
#3659=ADVANCED_FACE('',(#257),#3501,.T.);
#3660=ADVANCED_FACE('',(#258),#3502,.T.);
#3661=ADVANCED_FACE('',(#259),#3503,.T.);
#3662=ADVANCED_FACE('',(#260),#3504,.T.);
#3663=ADVANCED_FACE('',(#261),#3505,.T.);
#3664=ADVANCED_FACE('',(#262),#3506,.T.);
#3665=ADVANCED_FACE('',(#263),#3507,.T.);
#3666=ADVANCED_FACE('',(#264),#3508,.T.);
#3667=ADVANCED_FACE('',(#265),#3509,.T.);
#3668=ADVANCED_FACE('',(#266),#3510,.T.);
#3669=ADVANCED_FACE('',(#267),#3511,.T.);
#3670=ADVANCED_FACE('',(#268),#3512,.T.);
#3671=ADVANCED_FACE('',(#269),#3513,.T.);
#3672=ADVANCED_FACE('',(#270),#3514,.T.);
#3673=ADVANCED_FACE('',(#271),#3515,.T.);
#3674=ADVANCED_FACE('',(#272),#3516,.T.);
#3675=ADVANCED_FACE('',(#273),#3517,.T.);
#3676=ADVANCED_FACE('',(#274),#3518,.T.);
#3677=ADVANCED_FACE('',(#275),#3519,.T.);
#3678=ADVANCED_FACE('',(#276),#3520,.T.);
#3679=ADVANCED_FACE('',(#277),#3521,.T.);
#3680=ADVANCED_FACE('',(#278),#3522,.T.);
#3681=ADVANCED_FACE('',(#279),#3523,.T.);
#3682=ADVANCED_FACE('',(#280),#3524,.T.);
#3683=ADVANCED_FACE('',(#281),#3525,.T.);
#3684=ADVANCED_FACE('',(#282),#3526,.T.);
#3685=ADVANCED_FACE('',(#283),#3527,.T.);
#3686=ADVANCED_FACE('',(#284),#3528,.T.);
#3687=ADVANCED_FACE('',(#285),#3529,.T.);
#3688=ADVANCED_FACE('',(#286),#3530,.T.);
#3689=ADVANCED_FACE('',(#287),#3531,.T.);
#3690=ADVANCED_FACE('',(#288),#3532,.T.);
#3691=ADVANCED_FACE('',(#289),#3533,.T.);
#3692=ADVANCED_FACE('',(#290),#3534,.T.);
#3693=ADVANCED_FACE('',(#291),#3535,.T.);
#3694=ADVANCED_FACE('',(#292),#3536,.T.);
#3695=ADVANCED_FACE('',(#293),#3537,.T.);
#3696=ADVANCED_FACE('',(#294),#3538,.T.);
#3697=ADVANCED_FACE('',(#295),#3539,.T.);
#3698=ADVANCED_FACE('',(#296),#99,.T.);
#3699=ADVANCED_FACE('',(#297),#140,.T.);
#3700=ADVANCED_FACE('',(#298),#3540,.T.);
#3701=ADVANCED_FACE('',(#299),#141,.F.);
#3702=ADVANCED_FACE('',(#300),#100,.T.);
#3703=ADVANCED_FACE('',(#301),#101,.T.);
#3704=ADVANCED_FACE('',(#302),#142,.T.);
#3705=ADVANCED_FACE('',(#303),#3541,.T.);
#3706=ADVANCED_FACE('',(#304),#143,.T.);
#3707=ADVANCED_FACE('',(#305),#144,.F.);
#3708=ADVANCED_FACE('',(#306),#145,.F.);
#3709=ADVANCED_FACE('',(#307),#102,.T.);
#3710=ADVANCED_FACE('',(#308),#3542,.T.);
#3711=ADVANCED_FACE('',(#309),#146,.F.);
#3712=ADVANCED_FACE('',(#310),#3543,.T.);
#3713=ADVANCED_FACE('',(#311),#3544,.T.);
#3714=ADVANCED_FACE('',(#312),#147,.T.);
#3715=ADVANCED_FACE('',(#313),#3545,.T.);
#3716=ADVANCED_FACE('',(#314),#3546,.T.);
#3717=ADVANCED_FACE('',(#315),#148,.T.);
#3718=ADVANCED_FACE('',(#316),#3547,.T.);
#3719=ADVANCED_FACE('',(#317),#3548,.T.);
#3720=ADVANCED_FACE('',(#318),#149,.T.);
#3721=ADVANCED_FACE('',(#319),#3549,.T.);
#3722=ADVANCED_FACE('',(#320),#150,.T.);
#3723=ADVANCED_FACE('',(#321),#3550,.T.);
#3724=ADVANCED_FACE('',(#322,#15,#16,#17,#18,#19,#20,#21,#22,#23,#24,#25,
#26,#27,#28,#29,#30,#31,#32,#33,#34,#35,#36,#37,#38,#39,#40,#41,#42,#43,
#44,#45,#46,#47,#48,#49,#50,#51,#52),#3551,.T.);
#3725=ADVANCED_FACE('',(#323,#53,#54,#55,#56,#57,#58,#59,#60,#61,#62,#63,
#64,#65,#66,#67,#68,#69,#70,#71,#72,#73,#74,#75,#76,#77,#78,#79,#80,#81,
#82,#83,#84,#85,#86,#87,#88,#89,#90),#3552,.F.);
#3726=CLOSED_SHELL('',(#3553,#3554,#3555,#3556,#3557,#3558,#3559,#3560,
#3561,#3562,#3563,#3564,#3565,#3566,#3567,#3568,#3569,#3570,#3571,#3572,
#3573,#3574,#3575,#3576,#3577,#3578,#3579,#3580,#3581,#3582,#3583,#3584,
#3585,#3586,#3587,#3588,#3589,#3590,#3591,#3592,#3593,#3594,#3595,#3596,
#3597,#3598,#3599,#3600,#3601,#3602,#3603,#3604,#3605,#3606,#3607,#3608,
#3609,#3610,#3611,#3612,#3613,#3614,#3615,#3616,#3617,#3618,#3619,#3620,
#3621,#3622,#3623,#3624,#3625,#3626,#3627,#3628,#3629,#3630,#3631,#3632,
#3633,#3634,#3635,#3636,#3637,#3638,#3639,#3640,#3641,#3642,#3643,#3644,
#3645,#3646,#3647,#3648,#3649,#3650,#3651,#3652,#3653,#3654,#3655,#3656,
#3657,#3658,#3659,#3660,#3661,#3662,#3663,#3664,#3665,#3666,#3667,#3668,
#3669,#3670,#3671,#3672,#3673,#3674,#3675,#3676,#3677,#3678,#3679,#3680,
#3681,#3682,#3683,#3684,#3685,#3686,#3687,#3688,#3689,#3690,#3691,#3692,
#3693,#3694,#3695,#3696,#3697,#3698,#3699,#3700,#3701,#3702,#3703,#3704,
#3705,#3706,#3707,#3708,#3709,#3710,#3711,#3712,#3713,#3714,#3715,#3716,
#3717,#3718,#3719,#3720,#3721,#3722,#3723,#3724,#3725));
#3727=DERIVED_UNIT_ELEMENT(#3729,1.);
#3728=DERIVED_UNIT_ELEMENT(#6304,-3.);
#3729=(
MASS_UNIT()
NAMED_UNIT(*)
SI_UNIT(.KILO.,.GRAM.)
);
#3730=DERIVED_UNIT((#3727,#3728));
#3731=MEASURE_REPRESENTATION_ITEM('density measure',
POSITIVE_RATIO_MEASURE(7850.),#3730);
#3732=PROPERTY_DEFINITION_REPRESENTATION(#3737,#3734);
#3733=PROPERTY_DEFINITION_REPRESENTATION(#3738,#3735);
#3734=REPRESENTATION('material name',(#3736),#6301);
#3735=REPRESENTATION('density',(#3731),#6301);
#3736=DESCRIPTIVE_REPRESENTATION_ITEM('Steel','Steel');
#3737=PROPERTY_DEFINITION('material property','material name',#6311);
#3738=PROPERTY_DEFINITION('material property','density of part',#6311);
#3739=AXIS2_PLACEMENT_3D('',#4818,#3941,#3942);
#3740=AXIS2_PLACEMENT_3D('',#4819,#3943,#3944);
#3741=AXIS2_PLACEMENT_3D('',#4828,#3949,#3950);
#3742=AXIS2_PLACEMENT_3D('',#4834,#3954,#3955);
#3743=AXIS2_PLACEMENT_3D('',#4840,#3959,#3960);
#3744=AXIS2_PLACEMENT_3D('',#4843,#3963,#3964);
#3745=AXIS2_PLACEMENT_3D('',#4852,#3969,#3970);
#3746=AXIS2_PLACEMENT_3D('',#4858,#3974,#3975);
#3747=AXIS2_PLACEMENT_3D('',#4864,#3979,#3980);
#3748=AXIS2_PLACEMENT_3D('',#4867,#3983,#3984);
#3749=AXIS2_PLACEMENT_3D('',#4876,#3989,#3990);
#3750=AXIS2_PLACEMENT_3D('',#4882,#3994,#3995);
#3751=AXIS2_PLACEMENT_3D('',#4888,#3999,#4000);
#3752=AXIS2_PLACEMENT_3D('',#4891,#4003,#4004);
#3753=AXIS2_PLACEMENT_3D('',#4900,#4009,#4010);
#3754=AXIS2_PLACEMENT_3D('',#4906,#4014,#4015);
#3755=AXIS2_PLACEMENT_3D('',#4912,#4019,#4020);
#3756=AXIS2_PLACEMENT_3D('',#4915,#4023,#4024);
#3757=AXIS2_PLACEMENT_3D('',#4924,#4029,#4030);
#3758=AXIS2_PLACEMENT_3D('',#4930,#4034,#4035);
#3759=AXIS2_PLACEMENT_3D('',#4936,#4039,#4040);
#3760=AXIS2_PLACEMENT_3D('',#4939,#4043,#4044);
#3761=AXIS2_PLACEMENT_3D('',#4948,#4049,#4050);
#3762=AXIS2_PLACEMENT_3D('',#4954,#4054,#4055);
#3763=AXIS2_PLACEMENT_3D('',#4960,#4059,#4060);
#3764=AXIS2_PLACEMENT_3D('',#4963,#4063,#4064);
#3765=AXIS2_PLACEMENT_3D('',#4972,#4069,#4070);
#3766=AXIS2_PLACEMENT_3D('',#4978,#4074,#4075);
#3767=AXIS2_PLACEMENT_3D('',#4984,#4079,#4080);
#3768=AXIS2_PLACEMENT_3D('',#4987,#4083,#4084);
#3769=AXIS2_PLACEMENT_3D('',#4996,#4089,#4090);
#3770=AXIS2_PLACEMENT_3D('',#5002,#4094,#4095);
#3771=AXIS2_PLACEMENT_3D('',#5008,#4099,#4100);
#3772=AXIS2_PLACEMENT_3D('',#5011,#4103,#4104);
#3773=AXIS2_PLACEMENT_3D('',#5020,#4109,#4110);
#3774=AXIS2_PLACEMENT_3D('',#5026,#4114,#4115);
#3775=AXIS2_PLACEMENT_3D('',#5032,#4119,#4120);
#3776=AXIS2_PLACEMENT_3D('',#5035,#4123,#4124);
#3777=AXIS2_PLACEMENT_3D('',#5044,#4129,#4130);
#3778=AXIS2_PLACEMENT_3D('',#5050,#4134,#4135);
#3779=AXIS2_PLACEMENT_3D('',#5056,#4139,#4140);
#3780=AXIS2_PLACEMENT_3D('',#5059,#4143,#4144);
#3781=AXIS2_PLACEMENT_3D('',#5068,#4149,#4150);
#3782=AXIS2_PLACEMENT_3D('',#5074,#4154,#4155);
#3783=AXIS2_PLACEMENT_3D('',#5080,#4159,#4160);
#3784=AXIS2_PLACEMENT_3D('',#5083,#4163,#4164);
#3785=AXIS2_PLACEMENT_3D('',#5092,#4169,#4170);
#3786=AXIS2_PLACEMENT_3D('',#5098,#4174,#4175);
#3787=AXIS2_PLACEMENT_3D('',#5104,#4179,#4180);
#3788=AXIS2_PLACEMENT_3D('',#5107,#4183,#4184);
#3789=AXIS2_PLACEMENT_3D('',#5109,#4185,#4186);
#3790=AXIS2_PLACEMENT_3D('',#5112,#4188,#4189);
#3791=AXIS2_PLACEMENT_3D('',#5113,#4190,#4191);
#3792=AXIS2_PLACEMENT_3D('',#5122,#4196,#4197);
#3793=AXIS2_PLACEMENT_3D('',#5128,#4201,#4202);
#3794=AXIS2_PLACEMENT_3D('',#5134,#4206,#4207);
#3795=AXIS2_PLACEMENT_3D('',#5137,#4210,#4211);
#3796=AXIS2_PLACEMENT_3D('',#5146,#4216,#4217);
#3797=AXIS2_PLACEMENT_3D('',#5152,#4221,#4222);
#3798=AXIS2_PLACEMENT_3D('',#5158,#4226,#4227);
#3799=AXIS2_PLACEMENT_3D('',#5161,#4230,#4231);
#3800=AXIS2_PLACEMENT_3D('',#5170,#4236,#4237);
#3801=AXIS2_PLACEMENT_3D('',#5176,#4241,#4242);
#3802=AXIS2_PLACEMENT_3D('',#5182,#4246,#4247);
#3803=AXIS2_PLACEMENT_3D('',#5185,#4250,#4251);
#3804=AXIS2_PLACEMENT_3D('',#5194,#4256,#4257);
#3805=AXIS2_PLACEMENT_3D('',#5200,#4261,#4262);
#3806=AXIS2_PLACEMENT_3D('',#5206,#4266,#4267);
#3807=AXIS2_PLACEMENT_3D('',#5209,#4270,#4271);
#3808=AXIS2_PLACEMENT_3D('',#5211,#4272,#4273);
#3809=AXIS2_PLACEMENT_3D('',#5214,#4275,#4276);
#3810=AXIS2_PLACEMENT_3D('',#5215,#4277,#4278);
#3811=AXIS2_PLACEMENT_3D('',#5224,#4283,#4284);
#3812=AXIS2_PLACEMENT_3D('',#5230,#4288,#4289);
#3813=AXIS2_PLACEMENT_3D('',#5236,#4293,#4294);
#3814=AXIS2_PLACEMENT_3D('',#5242,#4298,#4299);
#3815=AXIS2_PLACEMENT_3D('',#5248,#4303,#4304);
#3816=AXIS2_PLACEMENT_3D('',#5254,#4308,#4309);
#3817=AXIS2_PLACEMENT_3D('',#5260,#4313,#4314);
#3818=AXIS2_PLACEMENT_3D('',#5266,#4318,#4319);
#3819=AXIS2_PLACEMENT_3D('',#5272,#4323,#4324);
#3820=AXIS2_PLACEMENT_3D('',#5278,#4328,#4329);
#3821=AXIS2_PLACEMENT_3D('',#5284,#4333,#4334);
#3822=AXIS2_PLACEMENT_3D('',#5287,#4337,#4338);
#3823=AXIS2_PLACEMENT_3D('',#5289,#4339,#4340);
#3824=AXIS2_PLACEMENT_3D('',#5292,#4342,#4343);
#3825=AXIS2_PLACEMENT_3D('',#5293,#4344,#4345);
#3826=AXIS2_PLACEMENT_3D('',#5295,#4346,#4347);
#3827=AXIS2_PLACEMENT_3D('',#5298,#4349,#4350);
#3828=AXIS2_PLACEMENT_3D('',#5299,#4351,#4352);
#3829=AXIS2_PLACEMENT_3D('',#5301,#4353,#4354);
#3830=AXIS2_PLACEMENT_3D('',#5304,#4356,#4357);
#3831=AXIS2_PLACEMENT_3D('',#5305,#4358,#4359);
#3832=AXIS2_PLACEMENT_3D('',#5314,#4364,#4365);
#3833=AXIS2_PLACEMENT_3D('',#5320,#4369,#4370);
#3834=AXIS2_PLACEMENT_3D('',#5326,#4374,#4375);
#3835=AXIS2_PLACEMENT_3D('',#5329,#4378,#4379);
#3836=AXIS2_PLACEMENT_3D('',#5338,#4384,#4385);
#3837=AXIS2_PLACEMENT_3D('',#5344,#4389,#4390);
#3838=AXIS2_PLACEMENT_3D('',#5350,#4394,#4395);
#3839=AXIS2_PLACEMENT_3D('',#5353,#4398,#4399);
#3840=AXIS2_PLACEMENT_3D('',#5362,#4404,#4405);
#3841=AXIS2_PLACEMENT_3D('',#5368,#4409,#4410);
#3842=AXIS2_PLACEMENT_3D('',#5374,#4414,#4415);
#3843=AXIS2_PLACEMENT_3D('',#5377,#4418,#4419);
#3844=AXIS2_PLACEMENT_3D('',#5386,#4424,#4425);
#3845=AXIS2_PLACEMENT_3D('',#5392,#4429,#4430);
#3846=AXIS2_PLACEMENT_3D('',#5398,#4434,#4435);
#3847=AXIS2_PLACEMENT_3D('',#5401,#4438,#4439);
#3848=AXIS2_PLACEMENT_3D('',#5410,#4444,#4445);
#3849=AXIS2_PLACEMENT_3D('',#5416,#4449,#4450);
#3850=AXIS2_PLACEMENT_3D('',#5422,#4454,#4455);
#3851=AXIS2_PLACEMENT_3D('',#5425,#4458,#4459);
#3852=AXIS2_PLACEMENT_3D('',#5434,#4464,#4465);
#3853=AXIS2_PLACEMENT_3D('',#5440,#4469,#4470);
#3854=AXIS2_PLACEMENT_3D('',#5446,#4474,#4475);
#3855=AXIS2_PLACEMENT_3D('',#5449,#4478,#4479);
#3856=AXIS2_PLACEMENT_3D('',#5458,#4484,#4485);
#3857=AXIS2_PLACEMENT_3D('',#5464,#4489,#4490);
#3858=AXIS2_PLACEMENT_3D('',#5470,#4494,#4495);
#3859=AXIS2_PLACEMENT_3D('',#5473,#4498,#4499);
#3860=AXIS2_PLACEMENT_3D('',#5482,#4504,#4505);
#3861=AXIS2_PLACEMENT_3D('',#5488,#4509,#4510);
#3862=AXIS2_PLACEMENT_3D('',#5494,#4514,#4515);
#3863=AXIS2_PLACEMENT_3D('',#5497,#4518,#4519);
#3864=AXIS2_PLACEMENT_3D('',#5506,#4524,#4525);
#3865=AXIS2_PLACEMENT_3D('',#5512,#4529,#4530);
#3866=AXIS2_PLACEMENT_3D('',#5518,#4534,#4535);
#3867=AXIS2_PLACEMENT_3D('',#5521,#4538,#4539);
#3868=AXIS2_PLACEMENT_3D('',#5530,#4544,#4545);
#3869=AXIS2_PLACEMENT_3D('',#5536,#4549,#4550);
#3870=AXIS2_PLACEMENT_3D('',#5542,#4554,#4555);
#3871=AXIS2_PLACEMENT_3D('',#5545,#4558,#4559);
#3872=AXIS2_PLACEMENT_3D('',#5554,#4564,#4565);
#3873=AXIS2_PLACEMENT_3D('',#5560,#4569,#4570);
#3874=AXIS2_PLACEMENT_3D('',#5566,#4574,#4575);
#3875=AXIS2_PLACEMENT_3D('',#5569,#4578,#4579);
#3876=AXIS2_PLACEMENT_3D('',#5578,#4584,#4585);
#3877=AXIS2_PLACEMENT_3D('',#5584,#4589,#4590);
#3878=AXIS2_PLACEMENT_3D('',#5590,#4594,#4595);
#3879=AXIS2_PLACEMENT_3D('',#5593,#4598,#4599);
#3880=AXIS2_PLACEMENT_3D('',#5602,#4604,#4605);
#3881=AXIS2_PLACEMENT_3D('',#5608,#4609,#4610);
#3882=AXIS2_PLACEMENT_3D('',#5614,#4614,#4615);
#3883=AXIS2_PLACEMENT_3D('',#5617,#4618,#4619);
#3884=AXIS2_PLACEMENT_3D('',#5626,#4624,#4625);
#3885=AXIS2_PLACEMENT_3D('',#5632,#4629,#4630);
#3886=AXIS2_PLACEMENT_3D('',#5638,#4634,#4635);
#3887=AXIS2_PLACEMENT_3D('',#5641,#4638,#4639);
#3888=AXIS2_PLACEMENT_3D('',#5650,#4644,#4645);
#3889=AXIS2_PLACEMENT_3D('',#5656,#4649,#4650);
#3890=AXIS2_PLACEMENT_3D('',#5662,#4654,#4655);
#3891=AXIS2_PLACEMENT_3D('',#5665,#4658,#4659);
#3892=AXIS2_PLACEMENT_3D('',#5674,#4664,#4665);
#3893=AXIS2_PLACEMENT_3D('',#5680,#4669,#4670);
#3894=AXIS2_PLACEMENT_3D('',#5686,#4674,#4675);
#3895=AXIS2_PLACEMENT_3D('',#5719,#4680,#4681);
#3896=AXIS2_PLACEMENT_3D('',#5721,#4682,#4683);
#3897=AXIS2_PLACEMENT_3D('',#5723,#4684,#4685);
#3898=AXIS2_PLACEMENT_3D('',#5725,#4687,#4688);
#3899=AXIS2_PLACEMENT_3D('',#5731,#4692,#4693);
#3900=AXIS2_PLACEMENT_3D('',#5733,#4694,#4695);
#3901=AXIS2_PLACEMENT_3D('',#5735,#4696,#4697);
#3902=AXIS2_PLACEMENT_3D('',#5967,#4701,#4702);
#3903=AXIS2_PLACEMENT_3D('',#5969,#4703,#4704);
#3904=AXIS2_PLACEMENT_3D('',#5971,#4705,#4706);
#3905=AXIS2_PLACEMENT_3D('',#5973,#4708,#4709);
#3906=AXIS2_PLACEMENT_3D('',#5979,#4713,#4714);
#3907=AXIS2_PLACEMENT_3D('',#5981,#4715,#4716);
#3908=AXIS2_PLACEMENT_3D('',#5983,#4717,#4718);
#3909=AXIS2_PLACEMENT_3D('',#5985,#4720,#4721);
#3910=AXIS2_PLACEMENT_3D('',#5987,#4722,#4723);
#3911=AXIS2_PLACEMENT_3D('',#5989,#4724,#4725);
#3912=AXIS2_PLACEMENT_3D('',#5991,#4727,#4728);
#3913=AXIS2_PLACEMENT_3D('',#5993,#4729,#4730);
#3914=AXIS2_PLACEMENT_3D('',#5995,#4731,#4732);
#3915=AXIS2_PLACEMENT_3D('',#6216,#4735,#4736);
#3916=AXIS2_PLACEMENT_3D('',#6222,#4740,#4741);
#3917=AXIS2_PLACEMENT_3D('',#6224,#4742,#4743);
#3918=AXIS2_PLACEMENT_3D('',#6226,#4744,#4745);
#3919=AXIS2_PLACEMENT_3D('',#6228,#4747,#4748);
#3920=AXIS2_PLACEMENT_3D('',#6234,#4752,#4753);
#3921=AXIS2_PLACEMENT_3D('',#6240,#4757,#4758);
#3922=AXIS2_PLACEMENT_3D('',#6242,#4759,#4760);
#3923=AXIS2_PLACEMENT_3D('',#6244,#4761,#4762);
#3924=AXIS2_PLACEMENT_3D('',#6246,#4764,#4765);
#3925=AXIS2_PLACEMENT_3D('',#6252,#4769,#4770);
#3926=AXIS2_PLACEMENT_3D('',#6258,#4774,#4775);
#3927=AXIS2_PLACEMENT_3D('',#6260,#4776,#4777);
#3928=AXIS2_PLACEMENT_3D('',#6262,#4778,#4779);
#3929=AXIS2_PLACEMENT_3D('',#6264,#4781,#4782);
#3930=AXIS2_PLACEMENT_3D('',#6270,#4786,#4787);
#3931=AXIS2_PLACEMENT_3D('',#6276,#4791,#4792);
#3932=AXIS2_PLACEMENT_3D('',#6278,#4793,#4794);
#3933=AXIS2_PLACEMENT_3D('',#6280,#4795,#4796);
#3934=AXIS2_PLACEMENT_3D('',#6282,#4798,#4799);
#3935=AXIS2_PLACEMENT_3D('',#6288,#4803,#4804);
#3936=AXIS2_PLACEMENT_3D('',#6290,#4805,#4806);
#3937=AXIS2_PLACEMENT_3D('',#6292,#4807,#4808);
#3938=AXIS2_PLACEMENT_3D('',#6294,#4810,#4811);
#3939=AXIS2_PLACEMENT_3D('',#6297,#4814,#4815);
#3940=AXIS2_PLACEMENT_3D('',#6298,#4816,#4817);
#3941=DIRECTION('axis',(0.,0.,1.));
#3942=DIRECTION('refdir',(1.,0.,0.));
#3943=DIRECTION('center_axis',(1.,0.,0.));
#3944=DIRECTION('ref_axis',(0.,1.,0.));
#3945=DIRECTION('',(0.,1.,0.));
#3946=DIRECTION('',(0.,0.,1.));
#3947=DIRECTION('',(0.,1.,0.));
#3948=DIRECTION('',(0.,0.,1.));
#3949=DIRECTION('center_axis',(0.,1.,0.));
#3950=DIRECTION('ref_axis',(-1.,0.,0.));
#3951=DIRECTION('',(-1.,0.,0.));
#3952=DIRECTION('',(-1.,0.,0.));
#3953=DIRECTION('',(0.,0.,1.));
#3954=DIRECTION('center_axis',(-1.,0.,0.));
#3955=DIRECTION('ref_axis',(0.,-1.,0.));
#3956=DIRECTION('',(0.,-1.,0.));
#3957=DIRECTION('',(0.,-1.,0.));
#3958=DIRECTION('',(0.,0.,1.));
#3959=DIRECTION('center_axis',(0.,-1.,0.));
#3960=DIRECTION('ref_axis',(1.,0.,0.));
#3961=DIRECTION('',(1.,0.,0.));
#3962=DIRECTION('',(1.,0.,0.));
#3963=DIRECTION('center_axis',(1.,0.,0.));
#3964=DIRECTION('ref_axis',(0.,1.,0.));
#3965=DIRECTION('',(0.,1.,0.));
#3966=DIRECTION('',(0.,0.,1.));
#3967=DIRECTION('',(0.,1.,0.));
#3968=DIRECTION('',(0.,0.,1.));
#3969=DIRECTION('center_axis',(-6.2547762172851E-16,1.,0.));
#3970=DIRECTION('ref_axis',(-1.,-6.2547762172851E-16,0.));
#3971=DIRECTION('',(-1.,-6.2547762172851E-16,0.));
#3972=DIRECTION('',(-1.,-6.2547762172851E-16,0.));
#3973=DIRECTION('',(0.,0.,1.));
#3974=DIRECTION('center_axis',(-1.,1.58603225628951E-16,0.));
#3975=DIRECTION('ref_axis',(-1.58603225628951E-16,-1.,0.));
#3976=DIRECTION('',(-1.58603225628951E-16,-1.,0.));
#3977=DIRECTION('',(-1.58603225628951E-16,-1.,0.));
#3978=DIRECTION('',(0.,0.,1.));
#3979=DIRECTION('center_axis',(0.,-1.,0.));
#3980=DIRECTION('ref_axis',(1.,0.,0.));
#3981=DIRECTION('',(1.,0.,0.));
#3982=DIRECTION('',(1.,0.,0.));
#3983=DIRECTION('center_axis',(1.,0.,0.));
#3984=DIRECTION('ref_axis',(0.,1.,0.));
#3985=DIRECTION('',(0.,1.,0.));
#3986=DIRECTION('',(0.,0.,1.));
#3987=DIRECTION('',(0.,1.,0.));
#3988=DIRECTION('',(0.,0.,1.));
#3989=DIRECTION('center_axis',(0.,1.,0.));
#3990=DIRECTION('ref_axis',(-1.,0.,0.));
#3991=DIRECTION('',(-1.,0.,0.));
#3992=DIRECTION('',(-1.,0.,0.));
#3993=DIRECTION('',(0.,0.,1.));
#3994=DIRECTION('center_axis',(-1.,0.,0.));
#3995=DIRECTION('ref_axis',(0.,-1.,0.));
#3996=DIRECTION('',(0.,-1.,0.));
#3997=DIRECTION('',(0.,-1.,0.));
#3998=DIRECTION('',(0.,0.,1.));
#3999=DIRECTION('center_axis',(0.,-1.,0.));
#4000=DIRECTION('ref_axis',(1.,0.,0.));
#4001=DIRECTION('',(1.,0.,0.));
#4002=DIRECTION('',(1.,0.,0.));
#4003=DIRECTION('center_axis',(1.,0.,0.));
#4004=DIRECTION('ref_axis',(0.,1.,0.));
#4005=DIRECTION('',(0.,1.,0.));
#4006=DIRECTION('',(0.,0.,1.));
#4007=DIRECTION('',(0.,1.,0.));
#4008=DIRECTION('',(0.,0.,1.));
#4009=DIRECTION('center_axis',(0.,1.,0.));
#4010=DIRECTION('ref_axis',(-1.,0.,0.));
#4011=DIRECTION('',(-1.,0.,0.));
#4012=DIRECTION('',(-1.,0.,0.));
#4013=DIRECTION('',(0.,0.,1.));
#4014=DIRECTION('center_axis',(-1.,0.,0.));
#4015=DIRECTION('ref_axis',(0.,-1.,0.));
#4016=DIRECTION('',(0.,-1.,0.));
#4017=DIRECTION('',(0.,-1.,0.));
#4018=DIRECTION('',(0.,0.,1.));
#4019=DIRECTION('center_axis',(0.,-1.,0.));
#4020=DIRECTION('ref_axis',(1.,0.,0.));
#4021=DIRECTION('',(1.,0.,0.));
#4022=DIRECTION('',(1.,0.,0.));
#4023=DIRECTION('center_axis',(0.,-1.,0.));
#4024=DIRECTION('ref_axis',(1.,0.,0.));
#4025=DIRECTION('',(1.,0.,0.));
#4026=DIRECTION('',(0.,0.,1.));
#4027=DIRECTION('',(1.,0.,0.));
#4028=DIRECTION('',(0.,0.,1.));
#4029=DIRECTION('center_axis',(1.,0.,0.));
#4030=DIRECTION('ref_axis',(0.,1.,0.));
#4031=DIRECTION('',(0.,1.,0.));
#4032=DIRECTION('',(0.,1.,0.));
#4033=DIRECTION('',(0.,0.,1.));
#4034=DIRECTION('center_axis',(0.,1.,0.));
#4035=DIRECTION('ref_axis',(-1.,0.,0.));
#4036=DIRECTION('',(-1.,0.,0.));
#4037=DIRECTION('',(-1.,0.,0.));
#4038=DIRECTION('',(0.,0.,1.));
#4039=DIRECTION('center_axis',(-1.,0.,0.));
#4040=DIRECTION('ref_axis',(0.,-1.,0.));
#4041=DIRECTION('',(0.,-1.,0.));
#4042=DIRECTION('',(0.,-1.,0.));
#4043=DIRECTION('center_axis',(0.,-1.,0.));
#4044=DIRECTION('ref_axis',(1.,0.,0.));
#4045=DIRECTION('',(1.,0.,0.));
#4046=DIRECTION('',(0.,0.,1.));
#4047=DIRECTION('',(1.,0.,0.));
#4048=DIRECTION('',(0.,0.,1.));
#4049=DIRECTION('center_axis',(1.,0.,0.));
#4050=DIRECTION('ref_axis',(0.,1.,0.));
#4051=DIRECTION('',(0.,1.,0.));
#4052=DIRECTION('',(0.,1.,0.));
#4053=DIRECTION('',(0.,0.,1.));
#4054=DIRECTION('center_axis',(0.,1.,0.));
#4055=DIRECTION('ref_axis',(-1.,0.,0.));
#4056=DIRECTION('',(-1.,0.,0.));
#4057=DIRECTION('',(-1.,0.,0.));
#4058=DIRECTION('',(0.,0.,1.));
#4059=DIRECTION('center_axis',(-1.,0.,0.));
#4060=DIRECTION('ref_axis',(0.,-1.,0.));
#4061=DIRECTION('',(0.,-1.,0.));
#4062=DIRECTION('',(0.,-1.,0.));
#4063=DIRECTION('center_axis',(1.,0.,0.));
#4064=DIRECTION('ref_axis',(0.,1.,0.));
#4065=DIRECTION('',(0.,1.,0.));
#4066=DIRECTION('',(0.,0.,1.));
#4067=DIRECTION('',(0.,1.,0.));
#4068=DIRECTION('',(0.,0.,1.));
#4069=DIRECTION('center_axis',(0.,1.,0.));
#4070=DIRECTION('ref_axis',(-1.,0.,0.));
#4071=DIRECTION('',(-1.,0.,0.));
#4072=DIRECTION('',(-1.,0.,0.));
#4073=DIRECTION('',(0.,0.,1.));
#4074=DIRECTION('center_axis',(-1.,0.,0.));
#4075=DIRECTION('ref_axis',(0.,-1.,0.));
#4076=DIRECTION('',(0.,-1.,0.));
#4077=DIRECTION('',(0.,-1.,0.));
#4078=DIRECTION('',(0.,0.,1.));
#4079=DIRECTION('center_axis',(0.,-1.,0.));
#4080=DIRECTION('ref_axis',(1.,0.,0.));
#4081=DIRECTION('',(1.,0.,0.));
#4082=DIRECTION('',(1.,0.,0.));
#4083=DIRECTION('center_axis',(1.,0.,0.));
#4084=DIRECTION('ref_axis',(0.,1.,0.));
#4085=DIRECTION('',(0.,1.,0.));
#4086=DIRECTION('',(0.,0.,1.));
#4087=DIRECTION('',(0.,1.,0.));
#4088=DIRECTION('',(0.,0.,1.));
#4089=DIRECTION('center_axis',(0.,1.,0.));
#4090=DIRECTION('ref_axis',(-1.,0.,0.));
#4091=DIRECTION('',(-1.,0.,0.));
#4092=DIRECTION('',(-1.,0.,0.));
#4093=DIRECTION('',(0.,0.,1.));
#4094=DIRECTION('center_axis',(-1.,0.,0.));
#4095=DIRECTION('ref_axis',(0.,-1.,0.));
#4096=DIRECTION('',(0.,-1.,0.));
#4097=DIRECTION('',(0.,-1.,0.));
#4098=DIRECTION('',(0.,0.,1.));
#4099=DIRECTION('center_axis',(0.,-1.,0.));
#4100=DIRECTION('ref_axis',(1.,0.,0.));
#4101=DIRECTION('',(1.,0.,0.));
#4102=DIRECTION('',(1.,0.,0.));
#4103=DIRECTION('center_axis',(0.,-1.,0.));
#4104=DIRECTION('ref_axis',(1.,0.,0.));
#4105=DIRECTION('',(1.,0.,0.));
#4106=DIRECTION('',(0.,0.,1.));
#4107=DIRECTION('',(1.,0.,0.));
#4108=DIRECTION('',(0.,0.,1.));
#4109=DIRECTION('center_axis',(1.,0.,0.));
#4110=DIRECTION('ref_axis',(0.,1.,0.));
#4111=DIRECTION('',(0.,1.,0.));
#4112=DIRECTION('',(0.,1.,0.));
#4113=DIRECTION('',(0.,0.,1.));
#4114=DIRECTION('center_axis',(0.,1.,0.));
#4115=DIRECTION('ref_axis',(-1.,0.,0.));
#4116=DIRECTION('',(-1.,0.,0.));
#4117=DIRECTION('',(-1.,0.,0.));
#4118=DIRECTION('',(0.,0.,1.));
#4119=DIRECTION('center_axis',(-1.,0.,0.));
#4120=DIRECTION('ref_axis',(0.,-1.,0.));
#4121=DIRECTION('',(0.,-1.,0.));
#4122=DIRECTION('',(0.,-1.,0.));
#4123=DIRECTION('center_axis',(0.,-1.,0.));
#4124=DIRECTION('ref_axis',(1.,0.,0.));
#4125=DIRECTION('',(1.,0.,0.));
#4126=DIRECTION('',(0.,0.,1.));
#4127=DIRECTION('',(1.,0.,0.));
#4128=DIRECTION('',(0.,0.,1.));
#4129=DIRECTION('center_axis',(1.,0.,0.));
#4130=DIRECTION('ref_axis',(0.,1.,0.));
#4131=DIRECTION('',(0.,1.,0.));
#4132=DIRECTION('',(0.,1.,0.));
#4133=DIRECTION('',(0.,0.,1.));
#4134=DIRECTION('center_axis',(0.,1.,0.));
#4135=DIRECTION('ref_axis',(-1.,0.,0.));
#4136=DIRECTION('',(-1.,0.,0.));
#4137=DIRECTION('',(-1.,0.,0.));
#4138=DIRECTION('',(0.,0.,1.));
#4139=DIRECTION('center_axis',(-1.,0.,0.));
#4140=DIRECTION('ref_axis',(0.,-1.,0.));
#4141=DIRECTION('',(0.,-1.,0.));
#4142=DIRECTION('',(0.,-1.,0.));
#4143=DIRECTION('center_axis',(1.,0.,0.));
#4144=DIRECTION('ref_axis',(0.,1.,0.));
#4145=DIRECTION('',(0.,1.,0.));
#4146=DIRECTION('',(0.,0.,1.));
#4147=DIRECTION('',(0.,1.,0.));
#4148=DIRECTION('',(0.,0.,1.));
#4149=DIRECTION('center_axis',(0.,1.,0.));
#4150=DIRECTION('ref_axis',(-1.,0.,0.));
#4151=DIRECTION('',(-1.,0.,0.));
#4152=DIRECTION('',(-1.,0.,0.));
#4153=DIRECTION('',(0.,0.,1.));
#4154=DIRECTION('center_axis',(-1.,0.,0.));
#4155=DIRECTION('ref_axis',(0.,-1.,0.));
#4156=DIRECTION('',(0.,-1.,0.));
#4157=DIRECTION('',(0.,-1.,0.));
#4158=DIRECTION('',(0.,0.,1.));
#4159=DIRECTION('center_axis',(0.,-1.,0.));
#4160=DIRECTION('ref_axis',(1.,0.,0.));
#4161=DIRECTION('',(1.,0.,0.));
#4162=DIRECTION('',(1.,0.,0.));
#4163=DIRECTION('center_axis',(0.,-1.,0.));
#4164=DIRECTION('ref_axis',(1.,0.,0.));
#4165=DIRECTION('',(1.,0.,0.));
#4166=DIRECTION('',(0.,0.,1.));
#4167=DIRECTION('',(1.,0.,0.));
#4168=DIRECTION('',(0.,0.,1.));
#4169=DIRECTION('center_axis',(1.,0.,0.));
#4170=DIRECTION('ref_axis',(0.,1.,0.));
#4171=DIRECTION('',(0.,1.,0.));
#4172=DIRECTION('',(0.,1.,0.));
#4173=DIRECTION('',(0.,0.,1.));
#4174=DIRECTION('center_axis',(-6.2547762172851E-16,1.,0.));
#4175=DIRECTION('ref_axis',(-1.,-6.2547762172851E-16,0.));
#4176=DIRECTION('',(-1.,-6.2547762172851E-16,0.));
#4177=DIRECTION('',(-1.,-6.2547762172851E-16,0.));
#4178=DIRECTION('',(0.,0.,1.));
#4179=DIRECTION('center_axis',(-1.,0.,0.));
#4180=DIRECTION('ref_axis',(0.,-1.,0.));
#4181=DIRECTION('',(0.,-1.,0.));
#4182=DIRECTION('',(0.,-1.,0.));
#4183=DIRECTION('center_axis',(0.,0.,1.));
#4184=DIRECTION('ref_axis',(-1.,0.,0.));
#4185=DIRECTION('center_axis',(0.,0.,-1.));
#4186=DIRECTION('ref_axis',(-1.,0.,0.));
#4187=DIRECTION('',(0.,0.,-1.));
#4188=DIRECTION('center_axis',(0.,0.,-1.));
#4189=DIRECTION('ref_axis',(-1.,0.,0.));
#4190=DIRECTION('center_axis',(1.,0.,0.));
#4191=DIRECTION('ref_axis',(0.,1.,0.));
#4192=DIRECTION('',(0.,1.,0.));
#4193=DIRECTION('',(0.,0.,1.));
#4194=DIRECTION('',(0.,1.,0.));
#4195=DIRECTION('',(0.,0.,1.));
#4196=DIRECTION('center_axis',(0.,1.,0.));
#4197=DIRECTION('ref_axis',(-1.,0.,0.));
#4198=DIRECTION('',(-1.,0.,0.));
#4199=DIRECTION('',(-1.,0.,0.));
#4200=DIRECTION('',(0.,0.,1.));
#4201=DIRECTION('center_axis',(-1.,0.,0.));
#4202=DIRECTION('ref_axis',(0.,-1.,0.));
#4203=DIRECTION('',(0.,-1.,0.));
#4204=DIRECTION('',(0.,-1.,0.));
#4205=DIRECTION('',(0.,0.,1.));
#4206=DIRECTION('center_axis',(0.,-1.,0.));
#4207=DIRECTION('ref_axis',(1.,0.,0.));
#4208=DIRECTION('',(1.,0.,0.));
#4209=DIRECTION('',(1.,0.,0.));
#4210=DIRECTION('center_axis',(1.,0.,0.));
#4211=DIRECTION('ref_axis',(0.,1.,0.));
#4212=DIRECTION('',(0.,1.,0.));
#4213=DIRECTION('',(0.,0.,1.));
#4214=DIRECTION('',(0.,1.,0.));
#4215=DIRECTION('',(0.,0.,1.));
#4216=DIRECTION('center_axis',(0.,1.,0.));
#4217=DIRECTION('ref_axis',(-1.,0.,0.));
#4218=DIRECTION('',(-1.,0.,0.));
#4219=DIRECTION('',(-1.,0.,0.));
#4220=DIRECTION('',(0.,0.,1.));
#4221=DIRECTION('center_axis',(-1.,0.,0.));
#4222=DIRECTION('ref_axis',(0.,-1.,0.));
#4223=DIRECTION('',(0.,-1.,0.));
#4224=DIRECTION('',(0.,-1.,0.));
#4225=DIRECTION('',(0.,0.,1.));
#4226=DIRECTION('center_axis',(0.,-1.,0.));
#4227=DIRECTION('ref_axis',(1.,0.,0.));
#4228=DIRECTION('',(1.,0.,0.));
#4229=DIRECTION('',(1.,0.,0.));
#4230=DIRECTION('center_axis',(1.,0.,0.));
#4231=DIRECTION('ref_axis',(0.,1.,0.));
#4232=DIRECTION('',(0.,1.,0.));
#4233=DIRECTION('',(0.,0.,1.));
#4234=DIRECTION('',(0.,1.,0.));
#4235=DIRECTION('',(0.,0.,1.));
#4236=DIRECTION('center_axis',(0.,1.,0.));
#4237=DIRECTION('ref_axis',(-1.,0.,0.));
#4238=DIRECTION('',(-1.,0.,0.));
#4239=DIRECTION('',(-1.,0.,0.));
#4240=DIRECTION('',(0.,0.,1.));
#4241=DIRECTION('center_axis',(-1.,0.,0.));
#4242=DIRECTION('ref_axis',(0.,-1.,0.));
#4243=DIRECTION('',(0.,-1.,0.));
#4244=DIRECTION('',(0.,-1.,0.));
#4245=DIRECTION('',(0.,0.,1.));
#4246=DIRECTION('center_axis',(0.,-1.,0.));
#4247=DIRECTION('ref_axis',(1.,0.,0.));
#4248=DIRECTION('',(1.,0.,0.));
#4249=DIRECTION('',(1.,0.,0.));
#4250=DIRECTION('center_axis',(0.,-1.,0.));
#4251=DIRECTION('ref_axis',(1.,0.,0.));
#4252=DIRECTION('',(1.,0.,0.));
#4253=DIRECTION('',(0.,0.,1.));
#4254=DIRECTION('',(1.,0.,0.));
#4255=DIRECTION('',(0.,0.,1.));
#4256=DIRECTION('center_axis',(1.,0.,0.));
#4257=DIRECTION('ref_axis',(0.,1.,0.));
#4258=DIRECTION('',(0.,1.,0.));
#4259=DIRECTION('',(0.,1.,0.));
#4260=DIRECTION('',(0.,0.,1.));
#4261=DIRECTION('center_axis',(-6.2547762172851E-16,1.,0.));
#4262=DIRECTION('ref_axis',(-1.,-6.2547762172851E-16,0.));
#4263=DIRECTION('',(-1.,-6.2547762172851E-16,0.));
#4264=DIRECTION('',(-1.,-6.2547762172851E-16,0.));
#4265=DIRECTION('',(0.,0.,1.));
#4266=DIRECTION('center_axis',(-1.,0.,0.));
#4267=DIRECTION('ref_axis',(0.,-1.,0.));
#4268=DIRECTION('',(0.,-1.,0.));
#4269=DIRECTION('',(0.,-1.,0.));
#4270=DIRECTION('center_axis',(0.,0.,1.));
#4271=DIRECTION('ref_axis',(-1.,0.,0.));
#4272=DIRECTION('center_axis',(0.,0.,-1.));
#4273=DIRECTION('ref_axis',(-1.,0.,0.));
#4274=DIRECTION('',(0.,0.,-1.));
#4275=DIRECTION('center_axis',(0.,0.,-1.));
#4276=DIRECTION('ref_axis',(-1.,0.,0.));
#4277=DIRECTION('center_axis',(0.866025025557081,-0.500000655108429,0.));
#4278=DIRECTION('ref_axis',(0.500000655108429,0.86602502555708,0.));
#4279=DIRECTION('',(0.500000655108429,0.86602502555708,0.));
#4280=DIRECTION('',(0.,0.,1.));
#4281=DIRECTION('',(0.500000655108429,0.86602502555708,0.));
#4282=DIRECTION('',(0.,0.,1.));
#4283=DIRECTION('center_axis',(0.500000174559936,0.86602530300219,0.));
#4284=DIRECTION('ref_axis',(-0.866025303002189,0.500000174559935,0.));
#4285=DIRECTION('',(-0.866025303002189,0.500000174559935,0.));
#4286=DIRECTION('',(-0.866025303002189,0.500000174559935,0.));
#4287=DIRECTION('',(0.,0.,1.));
#4288=DIRECTION('center_axis',(0.866025468244924,-0.499999888351148,0.));
#4289=DIRECTION('ref_axis',(0.499999888351148,0.866025468244924,0.));
#4290=DIRECTION('',(0.499999888351148,0.866025468244924,0.));
#4291=DIRECTION('',(0.499999888351148,0.866025468244924,0.));
#4292=DIRECTION('',(0.,0.,1.));
#4293=DIRECTION('center_axis',(0.500000718970503,0.866024988686227,0.));
#4294=DIRECTION('ref_axis',(-0.866024988686227,0.500000718970503,0.));
#4295=DIRECTION('',(-0.866024988686227,0.500000718970503,0.));
#4296=DIRECTION('',(-0.866024988686227,0.500000718970503,0.));
#4297=DIRECTION('',(0.,0.,1.));
#4298=DIRECTION('center_axis',(-0.866025026200713,0.500000653993628,0.));
#4299=DIRECTION('ref_axis',(-0.500000653993628,-0.866025026200713,0.));
#4300=DIRECTION('',(-0.500000653993628,-0.866025026200712,0.));
#4301=DIRECTION('',(-0.500000653993628,-0.866025026200712,0.));
#4302=DIRECTION('',(0.,0.,1.));
#4303=DIRECTION('center_axis',(-0.500000360141757,-0.866025195856399,0.));
#4304=DIRECTION('ref_axis',(0.866025195856398,-0.500000360141757,0.));
#4305=DIRECTION('',(0.866025195856398,-0.500000360141757,0.));
#4306=DIRECTION('',(0.866025195856398,-0.500000360141757,0.));
#4307=DIRECTION('',(0.,0.,1.));
#4308=DIRECTION('center_axis',(0.866029449333822,-0.499992992837458,0.));
#4309=DIRECTION('ref_axis',(0.499992992837458,0.866029449333822,0.));
#4310=DIRECTION('',(0.499992992837458,0.866029449333822,0.));
#4311=DIRECTION('',(0.499992992837458,0.866029449333822,0.));
#4312=DIRECTION('',(0.,0.,1.));
#4313=DIRECTION('center_axis',(-0.500004921555374,-0.866022562304473,0.));
#4314=DIRECTION('ref_axis',(0.866022562304473,-0.500004921555374,0.));
#4315=DIRECTION('',(0.866022562304473,-0.500004921555374,0.));
#4316=DIRECTION('',(0.866022562304473,-0.500004921555374,0.));
#4317=DIRECTION('',(0.,0.,1.));
#4318=DIRECTION('center_axis',(0.866024015989486,-0.500002403723664,0.));
#4319=DIRECTION('ref_axis',(0.500002403723664,0.866024015989486,0.));
#4320=DIRECTION('',(0.500002403723664,0.866024015989486,0.));
#4321=DIRECTION('',(0.500002403723664,0.866024015989486,0.));
#4322=DIRECTION('',(0.,0.,1.));
#4323=DIRECTION('center_axis',(0.499997215721153,0.866027011282613,0.));
#4324=DIRECTION('ref_axis',(-0.866027011282613,0.499997215721153,0.));
#4325=DIRECTION('',(-0.866027011282613,0.499997215721153,0.));
#4326=DIRECTION('',(-0.866027011282613,0.499997215721153,0.));
#4327=DIRECTION('',(0.,0.,1.));
#4328=DIRECTION('center_axis',(0.866024982210477,-0.50000073018681,0.));
#4329=DIRECTION('ref_axis',(0.50000073018681,0.866024982210477,0.));
#4330=DIRECTION('',(0.50000073018681,0.866024982210477,0.));
#4331=DIRECTION('',(0.50000073018681,0.866024982210477,0.));
#4332=DIRECTION('',(0.,0.,1.));
#4333=DIRECTION('center_axis',(-0.500000174559936,-0.86602530300219,0.));
#4334=DIRECTION('ref_axis',(0.866025303002189,-0.500000174559935,0.));
#4335=DIRECTION('',(0.866025303002189,-0.500000174559935,0.));
#4336=DIRECTION('',(0.866025303002189,-0.500000174559935,0.));
#4337=DIRECTION('center_axis',(0.,0.,1.));
#4338=DIRECTION('ref_axis',(-1.,0.,0.));
#4339=DIRECTION('center_axis',(0.,0.,-1.));
#4340=DIRECTION('ref_axis',(-1.,0.,0.));
#4341=DIRECTION('',(0.,0.,-1.));
#4342=DIRECTION('center_axis',(0.,0.,-1.));
#4343=DIRECTION('ref_axis',(-1.,0.,0.));
#4344=DIRECTION('center_axis',(0.,0.,1.));
#4345=DIRECTION('ref_axis',(-1.,0.,0.));
#4346=DIRECTION('center_axis',(0.,0.,-1.));
#4347=DIRECTION('ref_axis',(-1.,0.,0.));
#4348=DIRECTION('',(0.,0.,-1.));
#4349=DIRECTION('center_axis',(0.,0.,-1.));
#4350=DIRECTION('ref_axis',(-1.,0.,0.));
#4351=DIRECTION('center_axis',(0.,0.,1.));
#4352=DIRECTION('ref_axis',(-1.,0.,0.));
#4353=DIRECTION('center_axis',(0.,0.,-1.));
#4354=DIRECTION('ref_axis',(-1.,0.,0.));
#4355=DIRECTION('',(0.,0.,-1.));
#4356=DIRECTION('center_axis',(0.,0.,-1.));
#4357=DIRECTION('ref_axis',(-1.,0.,0.));
#4358=DIRECTION('center_axis',(0.,-1.,0.));
#4359=DIRECTION('ref_axis',(1.,0.,0.));
#4360=DIRECTION('',(1.,0.,0.));
#4361=DIRECTION('',(0.,0.,1.));
#4362=DIRECTION('',(1.,0.,0.));
#4363=DIRECTION('',(0.,0.,1.));
#4364=DIRECTION('center_axis',(1.,0.,0.));
#4365=DIRECTION('ref_axis',(0.,1.,0.));
#4366=DIRECTION('',(0.,1.,0.));
#4367=DIRECTION('',(0.,1.,0.));
#4368=DIRECTION('',(0.,0.,1.));
#4369=DIRECTION('center_axis',(0.,1.,0.));
#4370=DIRECTION('ref_axis',(-1.,0.,0.));
#4371=DIRECTION('',(-1.,0.,0.));
#4372=DIRECTION('',(-1.,0.,0.));
#4373=DIRECTION('',(0.,0.,1.));
#4374=DIRECTION('center_axis',(-1.,0.,0.));
#4375=DIRECTION('ref_axis',(0.,-1.,0.));
#4376=DIRECTION('',(0.,-1.,0.));
#4377=DIRECTION('',(0.,-1.,0.));
#4378=DIRECTION('center_axis',(1.,0.,0.));
#4379=DIRECTION('ref_axis',(0.,1.,0.));
#4380=DIRECTION('',(0.,1.,0.));
#4381=DIRECTION('',(0.,0.,1.));
#4382=DIRECTION('',(0.,1.,0.));
#4383=DIRECTION('',(0.,0.,1.));
#4384=DIRECTION('center_axis',(0.,1.,0.));
#4385=DIRECTION('ref_axis',(-1.,0.,0.));
#4386=DIRECTION('',(-1.,0.,0.));
#4387=DIRECTION('',(-1.,0.,0.));
#4388=DIRECTION('',(0.,0.,1.));
#4389=DIRECTION('center_axis',(-1.,0.,0.));
#4390=DIRECTION('ref_axis',(0.,-1.,0.));
#4391=DIRECTION('',(0.,-1.,0.));
#4392=DIRECTION('',(0.,-1.,0.));
#4393=DIRECTION('',(0.,0.,1.));
#4394=DIRECTION('center_axis',(0.,-1.,0.));
#4395=DIRECTION('ref_axis',(1.,0.,0.));
#4396=DIRECTION('',(1.,0.,0.));
#4397=DIRECTION('',(1.,0.,0.));
#4398=DIRECTION('center_axis',(1.,0.,0.));
#4399=DIRECTION('ref_axis',(0.,1.,0.));
#4400=DIRECTION('',(0.,1.,0.));
#4401=DIRECTION('',(0.,0.,1.));
#4402=DIRECTION('',(0.,1.,0.));
#4403=DIRECTION('',(0.,0.,1.));
#4404=DIRECTION('center_axis',(0.,1.,0.));
#4405=DIRECTION('ref_axis',(-1.,0.,0.));
#4406=DIRECTION('',(-1.,0.,0.));
#4407=DIRECTION('',(-1.,0.,0.));
#4408=DIRECTION('',(0.,0.,1.));
#4409=DIRECTION('center_axis',(-1.,0.,0.));
#4410=DIRECTION('ref_axis',(0.,-1.,0.));
#4411=DIRECTION('',(0.,-1.,0.));
#4412=DIRECTION('',(0.,-1.,0.));
#4413=DIRECTION('',(0.,0.,1.));
#4414=DIRECTION('center_axis',(0.,-1.,0.));
#4415=DIRECTION('ref_axis',(1.,0.,0.));
#4416=DIRECTION('',(1.,0.,0.));
#4417=DIRECTION('',(1.,0.,0.));
#4418=DIRECTION('center_axis',(1.,0.,0.));
#4419=DIRECTION('ref_axis',(0.,1.,0.));
#4420=DIRECTION('',(0.,1.,0.));
#4421=DIRECTION('',(0.,0.,1.));
#4422=DIRECTION('',(0.,1.,0.));
#4423=DIRECTION('',(0.,0.,1.));
#4424=DIRECTION('center_axis',(0.,1.,0.));
#4425=DIRECTION('ref_axis',(-1.,0.,0.));
#4426=DIRECTION('',(-1.,0.,0.));
#4427=DIRECTION('',(-1.,0.,0.));
#4428=DIRECTION('',(0.,0.,1.));
#4429=DIRECTION('center_axis',(-1.,0.,0.));
#4430=DIRECTION('ref_axis',(0.,-1.,0.));
#4431=DIRECTION('',(0.,-1.,0.));
#4432=DIRECTION('',(0.,-1.,0.));
#4433=DIRECTION('',(0.,0.,1.));
#4434=DIRECTION('center_axis',(0.,-1.,0.));
#4435=DIRECTION('ref_axis',(1.,0.,0.));
#4436=DIRECTION('',(1.,0.,0.));
#4437=DIRECTION('',(1.,0.,0.));
#4438=DIRECTION('center_axis',(1.,0.,0.));
#4439=DIRECTION('ref_axis',(0.,1.,0.));
#4440=DIRECTION('',(0.,1.,0.));
#4441=DIRECTION('',(0.,0.,1.));
#4442=DIRECTION('',(0.,1.,0.));
#4443=DIRECTION('',(0.,0.,1.));
#4444=DIRECTION('center_axis',(0.,1.,0.));
#4445=DIRECTION('ref_axis',(-1.,0.,0.));
#4446=DIRECTION('',(-1.,0.,0.));
#4447=DIRECTION('',(-1.,0.,0.));
#4448=DIRECTION('',(0.,0.,1.));
#4449=DIRECTION('center_axis',(-1.,0.,0.));
#4450=DIRECTION('ref_axis',(0.,-1.,0.));
#4451=DIRECTION('',(0.,-1.,0.));
#4452=DIRECTION('',(0.,-1.,0.));
#4453=DIRECTION('',(0.,0.,1.));
#4454=DIRECTION('center_axis',(0.,-1.,0.));
#4455=DIRECTION('ref_axis',(1.,0.,0.));
#4456=DIRECTION('',(1.,0.,0.));
#4457=DIRECTION('',(1.,0.,0.));
#4458=DIRECTION('center_axis',(1.,0.,0.));
#4459=DIRECTION('ref_axis',(0.,1.,0.));
#4460=DIRECTION('',(0.,1.,0.));
#4461=DIRECTION('',(0.,0.,1.));
#4462=DIRECTION('',(0.,1.,0.));
#4463=DIRECTION('',(0.,0.,1.));
#4464=DIRECTION('center_axis',(0.,1.,0.));
#4465=DIRECTION('ref_axis',(-1.,0.,0.));
#4466=DIRECTION('',(-1.,0.,0.));
#4467=DIRECTION('',(-1.,0.,0.));
#4468=DIRECTION('',(0.,0.,1.));
#4469=DIRECTION('center_axis',(-1.,0.,0.));
#4470=DIRECTION('ref_axis',(0.,-1.,0.));
#4471=DIRECTION('',(0.,-1.,0.));
#4472=DIRECTION('',(0.,-1.,0.));
#4473=DIRECTION('',(0.,0.,1.));
#4474=DIRECTION('center_axis',(0.,-1.,0.));
#4475=DIRECTION('ref_axis',(1.,0.,0.));
#4476=DIRECTION('',(1.,0.,0.));
#4477=DIRECTION('',(1.,0.,0.));
#4478=DIRECTION('center_axis',(1.,0.,0.));
#4479=DIRECTION('ref_axis',(0.,1.,0.));
#4480=DIRECTION('',(0.,1.,0.));
#4481=DIRECTION('',(0.,0.,1.));
#4482=DIRECTION('',(0.,1.,0.));
#4483=DIRECTION('',(0.,0.,1.));
#4484=DIRECTION('center_axis',(0.,1.,0.));
#4485=DIRECTION('ref_axis',(-1.,0.,0.));
#4486=DIRECTION('',(-1.,0.,0.));
#4487=DIRECTION('',(-1.,0.,0.));
#4488=DIRECTION('',(0.,0.,1.));
#4489=DIRECTION('center_axis',(-1.,0.,0.));
#4490=DIRECTION('ref_axis',(0.,-1.,0.));
#4491=DIRECTION('',(0.,-1.,0.));
#4492=DIRECTION('',(0.,-1.,0.));
#4493=DIRECTION('',(0.,0.,1.));
#4494=DIRECTION('center_axis',(0.,-1.,0.));
#4495=DIRECTION('ref_axis',(1.,0.,0.));
#4496=DIRECTION('',(1.,0.,0.));
#4497=DIRECTION('',(1.,0.,0.));
#4498=DIRECTION('center_axis',(-1.,0.,0.));
#4499=DIRECTION('ref_axis',(0.,-1.,0.));
#4500=DIRECTION('',(0.,-1.,0.));
#4501=DIRECTION('',(0.,0.,1.));
#4502=DIRECTION('',(0.,-1.,0.));
#4503=DIRECTION('',(0.,0.,1.));
#4504=DIRECTION('center_axis',(0.,-1.,0.));
#4505=DIRECTION('ref_axis',(1.,0.,0.));
#4506=DIRECTION('',(1.,0.,0.));
#4507=DIRECTION('',(1.,0.,0.));
#4508=DIRECTION('',(0.,0.,1.));
#4509=DIRECTION('center_axis',(1.,0.,0.));
#4510=DIRECTION('ref_axis',(0.,1.,0.));
#4511=DIRECTION('',(0.,1.,0.));
#4512=DIRECTION('',(0.,1.,0.));
#4513=DIRECTION('',(0.,0.,1.));
#4514=DIRECTION('center_axis',(-1.25095524345702E-15,1.,0.));
#4515=DIRECTION('ref_axis',(-1.,-1.25095524345702E-15,0.));
#4516=DIRECTION('',(-1.,-1.25095524345702E-15,0.));
#4517=DIRECTION('',(-1.,-1.25095524345702E-15,0.));
#4518=DIRECTION('center_axis',(1.,0.,0.));
#4519=DIRECTION('ref_axis',(0.,1.,0.));
#4520=DIRECTION('',(0.,1.,0.));
#4521=DIRECTION('',(0.,0.,1.));
#4522=DIRECTION('',(0.,1.,0.));
#4523=DIRECTION('',(0.,0.,1.));
#4524=DIRECTION('center_axis',(0.,1.,0.));
#4525=DIRECTION('ref_axis',(-1.,0.,0.));
#4526=DIRECTION('',(-1.,0.,0.));
#4527=DIRECTION('',(-1.,0.,0.));
#4528=DIRECTION('',(0.,0.,1.));
#4529=DIRECTION('center_axis',(-1.,0.,0.));
#4530=DIRECTION('ref_axis',(0.,-1.,0.));
#4531=DIRECTION('',(0.,-1.,0.));
#4532=DIRECTION('',(0.,-1.,0.));
#4533=DIRECTION('',(0.,0.,1.));
#4534=DIRECTION('center_axis',(0.,-1.,0.));
#4535=DIRECTION('ref_axis',(1.,0.,0.));
#4536=DIRECTION('',(1.,0.,0.));
#4537=DIRECTION('',(1.,0.,0.));
#4538=DIRECTION('center_axis',(1.,0.,0.));
#4539=DIRECTION('ref_axis',(0.,1.,0.));
#4540=DIRECTION('',(0.,1.,0.));
#4541=DIRECTION('',(0.,0.,1.));
#4542=DIRECTION('',(0.,1.,0.));
#4543=DIRECTION('',(0.,0.,1.));
#4544=DIRECTION('center_axis',(0.,1.,0.));
#4545=DIRECTION('ref_axis',(-1.,0.,0.));
#4546=DIRECTION('',(-1.,0.,0.));
#4547=DIRECTION('',(-1.,0.,0.));
#4548=DIRECTION('',(0.,0.,1.));
#4549=DIRECTION('center_axis',(-1.,0.,0.));
#4550=DIRECTION('ref_axis',(0.,-1.,0.));
#4551=DIRECTION('',(0.,-1.,0.));
#4552=DIRECTION('',(0.,-1.,0.));
#4553=DIRECTION('',(0.,0.,1.));
#4554=DIRECTION('center_axis',(0.,-1.,0.));
#4555=DIRECTION('ref_axis',(1.,0.,0.));
#4556=DIRECTION('',(1.,0.,0.));
#4557=DIRECTION('',(1.,0.,0.));
#4558=DIRECTION('center_axis',(1.,0.,0.));
#4559=DIRECTION('ref_axis',(0.,1.,0.));
#4560=DIRECTION('',(0.,1.,0.));
#4561=DIRECTION('',(0.,0.,1.));
#4562=DIRECTION('',(0.,1.,0.));
#4563=DIRECTION('',(0.,0.,1.));
#4564=DIRECTION('center_axis',(0.,1.,0.));
#4565=DIRECTION('ref_axis',(-1.,0.,0.));
#4566=DIRECTION('',(-1.,0.,0.));
#4567=DIRECTION('',(-1.,0.,0.));
#4568=DIRECTION('',(0.,0.,1.));
#4569=DIRECTION('center_axis',(-1.,0.,0.));
#4570=DIRECTION('ref_axis',(0.,-1.,0.));
#4571=DIRECTION('',(0.,-1.,0.));
#4572=DIRECTION('',(0.,-1.,0.));
#4573=DIRECTION('',(0.,0.,1.));
#4574=DIRECTION('center_axis',(0.,-1.,0.));
#4575=DIRECTION('ref_axis',(1.,0.,0.));
#4576=DIRECTION('',(1.,0.,0.));
#4577=DIRECTION('',(1.,0.,0.));
#4578=DIRECTION('center_axis',(1.,0.,0.));
#4579=DIRECTION('ref_axis',(0.,1.,0.));
#4580=DIRECTION('',(0.,1.,0.));
#4581=DIRECTION('',(0.,0.,1.));
#4582=DIRECTION('',(0.,1.,0.));
#4583=DIRECTION('',(0.,0.,1.));
#4584=DIRECTION('center_axis',(0.,1.,0.));
#4585=DIRECTION('ref_axis',(-1.,0.,0.));
#4586=DIRECTION('',(-1.,0.,0.));
#4587=DIRECTION('',(-1.,0.,0.));
#4588=DIRECTION('',(0.,0.,1.));
#4589=DIRECTION('center_axis',(-1.,0.,0.));
#4590=DIRECTION('ref_axis',(0.,-1.,0.));
#4591=DIRECTION('',(0.,-1.,0.));
#4592=DIRECTION('',(0.,-1.,0.));
#4593=DIRECTION('',(0.,0.,1.));
#4594=DIRECTION('center_axis',(0.,-1.,0.));
#4595=DIRECTION('ref_axis',(1.,0.,0.));
#4596=DIRECTION('',(1.,0.,0.));
#4597=DIRECTION('',(1.,0.,0.));
#4598=DIRECTION('center_axis',(1.,0.,0.));
#4599=DIRECTION('ref_axis',(0.,1.,0.));
#4600=DIRECTION('',(0.,1.,0.));
#4601=DIRECTION('',(0.,0.,1.));
#4602=DIRECTION('',(0.,1.,0.));
#4603=DIRECTION('',(0.,0.,1.));
#4604=DIRECTION('center_axis',(0.,1.,0.));
#4605=DIRECTION('ref_axis',(-1.,0.,0.));
#4606=DIRECTION('',(-1.,0.,0.));
#4607=DIRECTION('',(-1.,0.,0.));
#4608=DIRECTION('',(0.,0.,1.));
#4609=DIRECTION('center_axis',(-1.,0.,0.));
#4610=DIRECTION('ref_axis',(0.,-1.,0.));
#4611=DIRECTION('',(0.,-1.,0.));
#4612=DIRECTION('',(0.,-1.,0.));
#4613=DIRECTION('',(0.,0.,1.));
#4614=DIRECTION('center_axis',(0.,-1.,0.));
#4615=DIRECTION('ref_axis',(1.,0.,0.));
#4616=DIRECTION('',(1.,0.,0.));
#4617=DIRECTION('',(1.,0.,0.));
#4618=DIRECTION('center_axis',(0.,-1.,0.));
#4619=DIRECTION('ref_axis',(1.,0.,0.));
#4620=DIRECTION('',(1.,0.,0.));
#4621=DIRECTION('',(0.,0.,1.));
#4622=DIRECTION('',(1.,0.,0.));
#4623=DIRECTION('',(0.,0.,1.));
#4624=DIRECTION('center_axis',(1.,0.,0.));
#4625=DIRECTION('ref_axis',(0.,1.,0.));
#4626=DIRECTION('',(0.,1.,0.));
#4627=DIRECTION('',(0.,1.,0.));
#4628=DIRECTION('',(0.,0.,1.));
#4629=DIRECTION('center_axis',(-6.2547762172851E-16,1.,0.));
#4630=DIRECTION('ref_axis',(-1.,-6.2547762172851E-16,0.));
#4631=DIRECTION('',(-1.,-6.2547762172851E-16,0.));
#4632=DIRECTION('',(-1.,-6.2547762172851E-16,0.));
#4633=DIRECTION('',(0.,0.,1.));
#4634=DIRECTION('center_axis',(-1.,0.,0.));
#4635=DIRECTION('ref_axis',(0.,-1.,0.));
#4636=DIRECTION('',(0.,-1.,0.));
#4637=DIRECTION('',(0.,-1.,0.));
#4638=DIRECTION('center_axis',(1.,0.,0.));
#4639=DIRECTION('ref_axis',(0.,1.,0.));
#4640=DIRECTION('',(0.,1.,0.));
#4641=DIRECTION('',(0.,0.,1.));
#4642=DIRECTION('',(0.,1.,0.));
#4643=DIRECTION('',(0.,0.,1.));
#4644=DIRECTION('center_axis',(0.,1.,0.));
#4645=DIRECTION('ref_axis',(-1.,0.,0.));
#4646=DIRECTION('',(-1.,0.,0.));
#4647=DIRECTION('',(-1.,0.,0.));
#4648=DIRECTION('',(0.,0.,1.));
#4649=DIRECTION('center_axis',(-1.,0.,0.));
#4650=DIRECTION('ref_axis',(0.,-1.,0.));
#4651=DIRECTION('',(0.,-1.,0.));
#4652=DIRECTION('',(0.,-1.,0.));
#4653=DIRECTION('',(0.,0.,1.));
#4654=DIRECTION('center_axis',(0.,-1.,0.));
#4655=DIRECTION('ref_axis',(1.,0.,0.));
#4656=DIRECTION('',(1.,0.,0.));
#4657=DIRECTION('',(1.,0.,0.));
#4658=DIRECTION('center_axis',(1.,0.,0.));
#4659=DIRECTION('ref_axis',(0.,1.,0.));
#4660=DIRECTION('',(0.,1.,0.));
#4661=DIRECTION('',(0.,0.,1.));
#4662=DIRECTION('',(0.,1.,0.));
#4663=DIRECTION('',(0.,0.,1.));
#4664=DIRECTION('center_axis',(0.,1.,0.));
#4665=DIRECTION('ref_axis',(-1.,0.,0.));
#4666=DIRECTION('',(-1.,0.,0.));
#4667=DIRECTION('',(-1.,0.,0.));
#4668=DIRECTION('',(0.,0.,1.));
#4669=DIRECTION('center_axis',(-1.,0.,0.));
#4670=DIRECTION('ref_axis',(0.,-1.,0.));
#4671=DIRECTION('',(0.,-1.,0.));
#4672=DIRECTION('',(0.,-1.,0.));
#4673=DIRECTION('',(0.,0.,1.));
#4674=DIRECTION('center_axis',(0.,-1.,0.));
#4675=DIRECTION('ref_axis',(1.,0.,0.));
#4676=DIRECTION('',(1.,0.,0.));
#4677=DIRECTION('',(1.,0.,0.));
#4678=DIRECTION('',(0.,0.,1.));
#4679=DIRECTION('',(0.,0.,1.));
#4680=DIRECTION('center_axis',(0.,0.,1.));
#4681=DIRECTION('ref_axis',(0.99995519352731,-0.00946630539120391,0.));
#4682=DIRECTION('center_axis',(0.,0.,1.));
#4683=DIRECTION('ref_axis',(0.99995519352731,-0.00946630539120391,0.));
#4684=DIRECTION('center_axis',(0.,0.,1.));
#4685=DIRECTION('ref_axis',(0.99995519352731,-0.00946630539120391,0.));
#4686=DIRECTION('',(0.,0.,1.));
#4687=DIRECTION('center_axis',(0.999999664190866,-0.000819523127368812,
0.));
#4688=DIRECTION('ref_axis',(0.000819523127368812,0.999999664190865,0.));
#4689=DIRECTION('',(0.000819523127368812,0.999999664190865,0.));
#4690=DIRECTION('',(0.000819523127368812,0.999999664190865,0.));
#4691=DIRECTION('',(0.,0.,1.));
#4692=DIRECTION('center_axis',(0.,0.,1.));
#4693=DIRECTION('ref_axis',(-0.997466227827232,-0.0711415795728013,0.));
#4694=DIRECTION('center_axis',(0.,0.,1.));
#4695=DIRECTION('ref_axis',(-0.997466227827232,-0.0711415795728013,0.));
#4696=DIRECTION('center_axis',(0.,0.,-1.));
#4697=DIRECTION('ref_axis',(-0.997466227827232,-0.0711415795728013,0.));
#4698=DIRECTION('',(0.,0.,1.));
#4699=DIRECTION('',(0.,0.,1.));
#4700=DIRECTION('',(0.,0.,1.));
#4701=DIRECTION('center_axis',(0.,0.,1.));
#4702=DIRECTION('ref_axis',(0.925196768797232,-0.379487732353973,0.));
#4703=DIRECTION('center_axis',(0.,0.,1.));
#4704=DIRECTION('ref_axis',(0.925196768797232,-0.379487732353973,0.));
#4705=DIRECTION('center_axis',(0.,0.,1.));
#4706=DIRECTION('ref_axis',(0.925196768797232,-0.379487732353973,0.));
#4707=DIRECTION('',(0.,0.,1.));
#4708=DIRECTION('center_axis',(0.866025474853075,-0.49999987690549,0.));
#4709=DIRECTION('ref_axis',(0.49999987690549,0.866025474853075,0.));
#4710=DIRECTION('',(0.49999987690549,0.866025474853075,0.));
#4711=DIRECTION('',(0.49999987690549,0.866025474853075,0.));
#4712=DIRECTION('',(0.,0.,1.));
#4713=DIRECTION('center_axis',(0.,0.,1.));
#4714=DIRECTION('ref_axis',(-0.400032003419027,-0.91650117088881,0.));
#4715=DIRECTION('center_axis',(0.,0.,1.));
#4716=DIRECTION('ref_axis',(-0.400032003419027,-0.91650117088881,0.));
#4717=DIRECTION('center_axis',(0.,0.,1.));
#4718=DIRECTION('ref_axis',(-0.400032003419027,-0.91650117088881,0.));
#4719=DIRECTION('',(0.,0.,1.));
#4720=DIRECTION('center_axis',(0.,0.,1.));
#4721=DIRECTION('ref_axis',(0.517550920334512,0.855652408902645,0.));
#4722=DIRECTION('center_axis',(0.,0.,1.));
#4723=DIRECTION('ref_axis',(0.517550920334512,0.855652408902645,0.));
#4724=DIRECTION('center_axis',(0.,0.,-1.));
#4725=DIRECTION('ref_axis',(0.517550920334512,0.855652408902645,0.));
#4726=DIRECTION('',(0.,0.,1.));
#4727=DIRECTION('center_axis',(0.,0.,1.));
#4728=DIRECTION('ref_axis',(0.406640539395801,0.913588239700956,0.));
#4729=DIRECTION('center_axis',(0.,0.,1.));
#4730=DIRECTION('ref_axis',(0.406640539395801,0.913588239700956,0.));
#4731=DIRECTION('center_axis',(0.,0.,-1.));
#4732=DIRECTION('ref_axis',(0.406640539395801,0.913588239700956,0.));
#4733=DIRECTION('',(0.,0.,1.));
#4734=DIRECTION('',(0.,0.,1.));
#4735=DIRECTION('center_axis',(-1.,0.,0.));
#4736=DIRECTION('ref_axis',(0.,-1.,-2.0054186384444E-30));
#4737=DIRECTION('',(0.,-1.,-2.0054186384444E-30));
#4738=DIRECTION('',(0.,-1.,-2.0054186384444E-30));
#4739=DIRECTION('',(0.,0.,1.));
#4740=DIRECTION('center_axis',(0.,0.,1.));
#4741=DIRECTION('ref_axis',(1.,0.,0.));
#4742=DIRECTION('center_axis',(0.,0.,1.));
#4743=DIRECTION('ref_axis',(1.,0.,0.));
#4744=DIRECTION('center_axis',(0.,0.,-1.));
#4745=DIRECTION('ref_axis',(1.,0.,0.));
#4746=DIRECTION('',(0.,0.,1.));
#4747=DIRECTION('center_axis',(0.168963815110846,-0.985622254813267,0.));
#4748=DIRECTION('ref_axis',(0.985622254813266,0.168963815110846,0.));
#4749=DIRECTION('',(0.985622254813266,0.168963815110846,0.));
#4750=DIRECTION('',(0.985622254813266,0.168963815110846,0.));
#4751=DIRECTION('',(0.,0.,1.));
#4752=DIRECTION('center_axis',(0.,-1.,0.));
#4753=DIRECTION('ref_axis',(1.,0.,0.));
#4754=DIRECTION('',(1.,0.,0.));
#4755=DIRECTION('',(1.,0.,0.));
#4756=DIRECTION('',(0.,0.,1.));
#4757=DIRECTION('center_axis',(0.,0.,1.));
#4758=DIRECTION('ref_axis',(-1.,0.,0.));
#4759=DIRECTION('center_axis',(0.,0.,1.));
#4760=DIRECTION('ref_axis',(-1.,0.,0.));
#4761=DIRECTION('center_axis',(0.,0.,1.));
#4762=DIRECTION('ref_axis',(-1.,0.,0.));
#4763=DIRECTION('',(0.,0.,1.));
#4764=DIRECTION('center_axis',(-1.,-2.81906892086721E-17,0.));
#4765=DIRECTION('ref_axis',(2.81906892086721E-17,-1.,0.));
#4766=DIRECTION('',(2.81906892086721E-17,-1.,0.));
#4767=DIRECTION('',(2.81906892086721E-17,-1.,0.));
#4768=DIRECTION('',(0.,0.,1.));
#4769=DIRECTION('center_axis',(0.203941870322804,-0.978982999611963,0.));
#4770=DIRECTION('ref_axis',(0.978982999611963,0.203941870322804,0.));
#4771=DIRECTION('',(-0.978982999611963,-0.203941870322804,0.));
#4772=DIRECTION('',(0.978982999611963,0.203941870322804,0.));
#4773=DIRECTION('',(0.,0.,1.));
#4774=DIRECTION('center_axis',(0.,0.,1.));
#4775=DIRECTION('ref_axis',(-1.,9.05980623855386E-9,0.));
#4776=DIRECTION('center_axis',(0.,0.,1.));
#4777=DIRECTION('ref_axis',(-1.,9.05980623855386E-9,0.));
#4778=DIRECTION('center_axis',(0.,0.,1.));
#4779=DIRECTION('ref_axis',(-1.,9.05980623855386E-9,0.));
#4780=DIRECTION('',(0.,0.,1.));
#4781=DIRECTION('center_axis',(-1.,9.05980514445849E-9,0.));
#4782=DIRECTION('ref_axis',(-9.05980514445849E-9,-1.,0.));
#4783=DIRECTION('',(-9.05980514445849E-9,-1.,0.));
#4784=DIRECTION('',(-9.05980514445849E-9,-1.,0.));
#4785=DIRECTION('',(0.,0.,1.));
#4786=DIRECTION('center_axis',(-0.20394189097896,0.978982995308869,0.));
#4787=DIRECTION('ref_axis',(-0.97898299530887,-0.20394189097896,0.));
#4788=DIRECTION('',(-0.97898299530887,-0.20394189097896,0.));
#4789=DIRECTION('',(-0.97898299530887,-0.20394189097896,0.));
#4790=DIRECTION('',(0.,0.,1.));
#4791=DIRECTION('center_axis',(0.,0.,1.));
#4792=DIRECTION('ref_axis',(0.,1.,0.));
#4793=DIRECTION('center_axis',(0.,0.,1.));
#4794=DIRECTION('ref_axis',(0.,1.,0.));
#4795=DIRECTION('center_axis',(0.,0.,1.));
#4796=DIRECTION('ref_axis',(0.,1.,0.));
#4797=DIRECTION('',(0.,0.,1.));
#4798=DIRECTION('center_axis',(0.,1.,0.));
#4799=DIRECTION('ref_axis',(-1.,0.,0.));
#4800=DIRECTION('',(-1.,0.,0.));
#4801=DIRECTION('',(-1.,0.,0.));
#4802=DIRECTION('',(0.,0.,1.));
#4803=DIRECTION('center_axis',(0.,0.,1.));
#4804=DIRECTION('ref_axis',(0.468084010537967,0.883683970137906,0.));
#4805=DIRECTION('center_axis',(0.,0.,1.));
#4806=DIRECTION('ref_axis',(0.468084010537967,0.883683970137906,0.));
#4807=DIRECTION('center_axis',(0.,0.,1.));
#4808=DIRECTION('ref_axis',(0.468084010537967,0.883683970137906,0.));
#4809=DIRECTION('',(0.,0.,1.));
#4810=DIRECTION('center_axis',(0.468084010537963,0.883683970137909,0.));
#4811=DIRECTION('ref_axis',(-0.883683970137909,0.468084010537963,0.));
#4812=DIRECTION('',(-0.883683970137909,0.468084010537963,0.));
#4813=DIRECTION('',(-0.883683970137909,0.468084010537963,0.));
#4814=DIRECTION('center_axis',(0.,0.,1.));
#4815=DIRECTION('ref_axis',(-1.,0.,0.));
#4816=DIRECTION('center_axis',(0.,0.,1.));
#4817=DIRECTION('ref_axis',(-1.,0.,0.));
#4818=CARTESIAN_POINT('',(0.,0.,0.));
#4819=CARTESIAN_POINT('Origin',(66.4881658554077,88.3917140960693,15.5000007152557));
#4820=CARTESIAN_POINT('',(66.4881658554077,88.3917140960693,15.5000007152557));
#4821=CARTESIAN_POINT('',(66.4881658554077,102.391719818115,15.5000007152557));
#4822=CARTESIAN_POINT('',(66.4881658554077,88.3917140960693,15.5000007152557));
#4823=CARTESIAN_POINT('',(66.4881658554077,102.391719818115,17.0000007152557));
#4824=CARTESIAN_POINT('',(66.4881658554077,102.391719818115,15.5000007152557));
#4825=CARTESIAN_POINT('',(66.4881658554077,88.3917140960693,17.0000007152557));
#4826=CARTESIAN_POINT('',(66.4881658554077,88.3917140960693,17.0000007152557));
#4827=CARTESIAN_POINT('',(66.4881658554077,88.3917140960693,15.5000007152557));
#4828=CARTESIAN_POINT('Origin',(80.6881713867188,88.3917140960693,15.5000007152557));
#4829=CARTESIAN_POINT('',(80.6881713867188,88.3917140960693,15.5000007152557));
#4830=CARTESIAN_POINT('',(80.6881713867188,88.3917140960693,15.5000007152557));
#4831=CARTESIAN_POINT('',(80.6881713867188,88.3917140960693,17.0000007152557));
#4832=CARTESIAN_POINT('',(80.6881713867188,88.3917140960693,17.0000007152557));
#4833=CARTESIAN_POINT('',(80.6881713867188,88.3917140960693,15.5000007152557));
#4834=CARTESIAN_POINT('Origin',(80.6881713867188,102.391719818115,15.5000007152557));
#4835=CARTESIAN_POINT('',(80.6881713867188,102.391719818115,15.5000007152557));
#4836=CARTESIAN_POINT('',(80.6881713867188,102.391719818115,15.5000007152557));
#4837=CARTESIAN_POINT('',(80.6881713867188,102.391719818115,17.0000007152557));
#4838=CARTESIAN_POINT('',(80.6881713867188,102.391719818115,17.0000007152557));
#4839=CARTESIAN_POINT('',(80.6881713867188,102.391719818115,15.5000007152557));
#4840=CARTESIAN_POINT('Origin',(66.4881658554077,102.391719818115,15.5000007152557));
#4841=CARTESIAN_POINT('',(66.4881658554077,102.391719818115,15.5000007152557));
#4842=CARTESIAN_POINT('',(66.4881658554077,102.391719818115,17.0000007152557));
#4843=CARTESIAN_POINT('Origin',(-28.7618338180812,68.8669661111707,15.5000007152557));
#4844=CARTESIAN_POINT('',(-28.7618338180812,68.8669661111707,15.5000007152557));
#4845=CARTESIAN_POINT('',(-28.7618338180812,82.8669717254639,15.5000007152557));
#4846=CARTESIAN_POINT('',(-28.7618338180812,82.8669717254639,15.5000007152557));
#4847=CARTESIAN_POINT('',(-28.7618338180812,82.8669717254639,17.0000007152557));
#4848=CARTESIAN_POINT('',(-28.7618338180812,82.8669717254639,15.5000007152557));
#4849=CARTESIAN_POINT('',(-28.7618338180812,68.8669661111707,17.0000007152557));
#4850=CARTESIAN_POINT('',(-28.7618338180812,82.8669717254639,17.0000007152557));
#4851=CARTESIAN_POINT('',(-28.7618338180812,68.8669661111707,15.5000007152557));
#4852=CARTESIAN_POINT('Origin',(-14.5618306709559,68.8669661111707,15.5000007152557));
#4853=CARTESIAN_POINT('',(-14.5618306709559,68.8669661111707,15.5000007152557));
#4854=CARTESIAN_POINT('',(-28.7618338180812,68.8669661111707,15.5000007152557));
#4855=CARTESIAN_POINT('',(-14.5618306709559,68.8669661111707,17.0000007152557));
#4856=CARTESIAN_POINT('',(-28.7618338180812,68.8669661111707,17.0000007152557));
#4857=CARTESIAN_POINT('',(-14.5618306709559,68.8669661111707,15.5000007152557));
#4858=CARTESIAN_POINT('Origin',(-14.5618306709559,82.8669717254639,15.5000007152557));
#4859=CARTESIAN_POINT('',(-14.5618306709559,82.8669717254639,15.5000007152557));
#4860=CARTESIAN_POINT('',(-14.5618306709559,68.8669661111707,15.5000007152557));
#4861=CARTESIAN_POINT('',(-14.5618306709559,82.8669717254639,17.0000007152557));
#4862=CARTESIAN_POINT('',(-14.5618306709559,68.8669661111707,17.0000007152557));
#4863=CARTESIAN_POINT('',(-14.5618306709559,82.8669717254639,15.5000007152557));
#4864=CARTESIAN_POINT('Origin',(-28.7618338180812,82.8669717254639,15.5000007152557));
#4865=CARTESIAN_POINT('',(-14.5618306709559,82.8669717254639,15.5000007152557));
#4866=CARTESIAN_POINT('',(-14.5618306709559,82.8669717254639,17.0000007152557));
#4867=CARTESIAN_POINT('Origin',(66.4881658554077,69.341721534729,15.5000007152557));
#4868=CARTESIAN_POINT('',(66.4881658554077,69.341721534729,15.5000007152557));
#4869=CARTESIAN_POINT('',(66.4881658554077,83.3417224884033,15.5000007152557));
#4870=CARTESIAN_POINT('',(66.4881658554077,69.341721534729,15.5000007152557));
#4871=CARTESIAN_POINT('',(66.4881658554077,83.3417224884033,17.0000007152557));
#4872=CARTESIAN_POINT('',(66.4881658554077,83.3417224884033,15.5000007152557));
#4873=CARTESIAN_POINT('',(66.4881658554077,69.341721534729,17.0000007152557));
#4874=CARTESIAN_POINT('',(66.4881658554077,69.341721534729,17.0000007152557));
#4875=CARTESIAN_POINT('',(66.4881658554077,69.341721534729,15.5000007152557));
#4876=CARTESIAN_POINT('Origin',(80.6881713867188,69.341721534729,15.5000007152557));
#4877=CARTESIAN_POINT('',(80.6881713867188,69.341721534729,15.5000007152557));
#4878=CARTESIAN_POINT('',(80.6881713867188,69.341721534729,15.5000007152557));
#4879=CARTESIAN_POINT('',(80.6881713867188,69.341721534729,17.0000007152557));
#4880=CARTESIAN_POINT('',(80.6881713867188,69.341721534729,17.0000007152557));
#4881=CARTESIAN_POINT('',(80.6881713867188,69.341721534729,15.5000007152557));
#4882=CARTESIAN_POINT('Origin',(80.6881713867188,83.3417224884033,15.5000007152557));
#4883=CARTESIAN_POINT('',(80.6881713867188,83.3417224884033,15.5000007152557));
#4884=CARTESIAN_POINT('',(80.6881713867188,83.3417224884033,15.5000007152557));
#4885=CARTESIAN_POINT('',(80.6881713867188,83.3417224884033,17.0000007152557));
#4886=CARTESIAN_POINT('',(80.6881713867188,83.3417224884033,17.0000007152557));
#4887=CARTESIAN_POINT('',(80.6881713867188,83.3417224884033,15.5000007152557));
#4888=CARTESIAN_POINT('Origin',(66.4881658554077,83.3417224884033,15.5000007152557));
#4889=CARTESIAN_POINT('',(66.4881658554077,83.3417224884033,15.5000007152557));
#4890=CARTESIAN_POINT('',(66.4881658554077,83.3417224884033,17.0000007152557));
#4891=CARTESIAN_POINT('Origin',(28.3881688117981,62.1979665756226,15.5000007152557));
#4892=CARTESIAN_POINT('',(28.3881688117981,62.1979665756226,15.5000007152557));
#4893=CARTESIAN_POINT('',(28.3881688117981,76.1979675292969,15.5000007152557));
#4894=CARTESIAN_POINT('',(28.3881688117981,62.1979665756226,15.5000007152557));
#4895=CARTESIAN_POINT('',(28.3881688117981,76.1979675292969,17.0000007152557));
#4896=CARTESIAN_POINT('',(28.3881688117981,76.1979675292969,15.5000007152557));
#4897=CARTESIAN_POINT('',(28.3881688117981,62.1979665756226,17.0000007152557));
#4898=CARTESIAN_POINT('',(28.3881688117981,62.1979665756226,17.0000007152557));
#4899=CARTESIAN_POINT('',(28.3881688117981,62.1979665756226,15.5000007152557));
#4900=CARTESIAN_POINT('Origin',(42.5881719589233,62.1979665756226,15.5000007152557));
#4901=CARTESIAN_POINT('',(42.5881719589233,62.1979665756226,15.5000007152557));
#4902=CARTESIAN_POINT('',(42.5881719589233,62.1979665756226,15.5000007152557));
#4903=CARTESIAN_POINT('',(42.5881719589233,62.1979665756226,17.0000007152557));
#4904=CARTESIAN_POINT('',(42.5881719589233,62.1979665756226,17.0000007152557));
#4905=CARTESIAN_POINT('',(42.5881719589233,62.1979665756226,15.5000007152557));
#4906=CARTESIAN_POINT('Origin',(42.5881719589233,76.1979675292969,15.5000007152557));
#4907=CARTESIAN_POINT('',(42.5881719589233,76.1979675292969,15.5000007152557));
#4908=CARTESIAN_POINT('',(42.5881719589233,76.1979675292969,15.5000007152557));
#4909=CARTESIAN_POINT('',(42.5881719589233,76.1979675292969,17.0000007152557));
#4910=CARTESIAN_POINT('',(42.5881719589233,76.1979675292969,17.0000007152557));
#4911=CARTESIAN_POINT('',(42.5881719589233,76.1979675292969,15.5000007152557));
#4912=CARTESIAN_POINT('Origin',(28.3881688117981,76.1979675292969,15.5000007152557));
#4913=CARTESIAN_POINT('',(28.3881688117981,76.1979675292969,15.5000007152557));
#4914=CARTESIAN_POINT('',(28.3881688117981,76.1979675292969,17.0000007152557));
#4915=CARTESIAN_POINT('Origin',(-9.71183144283996,88.1049717254639,15.5000007152557));
#4916=CARTESIAN_POINT('',(-9.71183144283996,88.1049717254639,15.5000007152557));
#4917=CARTESIAN_POINT('',(4.48816618191885,88.1049717254639,15.5000007152557));
#4918=CARTESIAN_POINT('',(4.48816618191885,88.1049717254639,15.5000007152557));
#4919=CARTESIAN_POINT('',(4.48816618191884,88.1049717254639,17.0000007152557));
#4920=CARTESIAN_POINT('',(4.48816618191885,88.1049717254639,15.5000007152557));
#4921=CARTESIAN_POINT('',(-9.71183144283996,88.1049717254639,17.0000007152557));
#4922=CARTESIAN_POINT('',(4.48816618191885,88.1049717254639,17.0000007152557));
#4923=CARTESIAN_POINT('',(-9.71183144283996,88.1049717254639,15.5000007152557));
#4924=CARTESIAN_POINT('Origin',(-9.71183144283996,74.104966003418,15.5000007152557));
#4925=CARTESIAN_POINT('',(-9.71183144283996,74.104966003418,15.5000007152557));
#4926=CARTESIAN_POINT('',(-9.71183144283996,88.1049717254639,15.5000007152557));
#4927=CARTESIAN_POINT('',(-9.71183144283996,74.104966003418,17.0000007152557));
#4928=CARTESIAN_POINT('',(-9.71183144283996,88.1049717254639,17.0000007152557));
#4929=CARTESIAN_POINT('',(-9.71183144283996,74.104966003418,15.5000007152557));
#4930=CARTESIAN_POINT('Origin',(4.48816618191885,74.104966003418,15.5000007152557));
#4931=CARTESIAN_POINT('',(4.48816618191885,74.104966003418,15.5000007152557));
#4932=CARTESIAN_POINT('',(-9.71183144283996,74.104966003418,15.5000007152557));
#4933=CARTESIAN_POINT('',(4.48816618191884,74.104966003418,17.0000007152557));
#4934=CARTESIAN_POINT('',(-9.71183144283996,74.104966003418,17.0000007152557));
#4935=CARTESIAN_POINT('',(4.48816618191885,74.104966003418,15.5000007152557));
#4936=CARTESIAN_POINT('Origin',(4.48816618191885,88.1049717254639,15.5000007152557));
#4937=CARTESIAN_POINT('',(4.48816618191885,74.104966003418,15.5000007152557));
#4938=CARTESIAN_POINT('',(4.48816618191885,74.104966003418,17.0000007152557));
#4939=CARTESIAN_POINT('Origin',(-9.71183144283996,50.0049717254639,15.5000007152557));
#4940=CARTESIAN_POINT('',(-9.71183144283996,50.0049717254639,15.5000007152557));
#4941=CARTESIAN_POINT('',(4.48816618191885,50.0049717254639,15.5000007152557));
#4942=CARTESIAN_POINT('',(4.48816618191885,50.0049717254639,15.5000007152557));
#4943=CARTESIAN_POINT('',(4.48816618191884,50.0049717254639,17.0000007152557));
#4944=CARTESIAN_POINT('',(4.48816618191885,50.0049717254639,15.5000007152557));
#4945=CARTESIAN_POINT('',(-9.71183144283996,50.0049717254639,17.0000007152557));
#4946=CARTESIAN_POINT('',(4.48816618191885,50.0049717254639,17.0000007152557));
#4947=CARTESIAN_POINT('',(-9.71183144283996,50.0049717254639,15.5000007152557));
#4948=CARTESIAN_POINT('Origin',(-9.71183144283996,36.004966003418,15.5000007152557));
#4949=CARTESIAN_POINT('',(-9.71183144283996,36.004966003418,15.5000007152557));
#4950=CARTESIAN_POINT('',(-9.71183144283996,50.0049717254639,15.5000007152557));
#4951=CARTESIAN_POINT('',(-9.71183144283996,36.004966003418,17.0000007152557));
#4952=CARTESIAN_POINT('',(-9.71183144283996,50.0049717254639,17.0000007152557));
#4953=CARTESIAN_POINT('',(-9.71183144283996,36.004966003418,15.5000007152557));
#4954=CARTESIAN_POINT('Origin',(4.48816618191885,36.004966003418,15.5000007152557));
#4955=CARTESIAN_POINT('',(4.48816618191885,36.004966003418,15.5000007152557));
#4956=CARTESIAN_POINT('',(-9.71183144283996,36.004966003418,15.5000007152557));
#4957=CARTESIAN_POINT('',(4.48816618191884,36.004966003418,17.0000007152557));
#4958=CARTESIAN_POINT('',(-9.71183144283996,36.004966003418,17.0000007152557));
#4959=CARTESIAN_POINT('',(4.48816618191885,36.004966003418,15.5000007152557));
#4960=CARTESIAN_POINT('Origin',(4.48816618191885,50.0049717254639,15.5000007152557));
#4961=CARTESIAN_POINT('',(4.48816618191885,36.004966003418,15.5000007152557));
#4962=CARTESIAN_POINT('',(4.48816618191885,36.004966003418,17.0000007152557));
#4963=CARTESIAN_POINT('Origin',(47.4381685256958,86.0104656219482,15.5000007152557));
#4964=CARTESIAN_POINT('',(47.4381685256958,86.0104656219482,15.5000007152557));
#4965=CARTESIAN_POINT('',(47.4381685256958,100.010471343994,15.5000007152557));
#4966=CARTESIAN_POINT('',(47.4381685256958,86.0104656219482,15.5000007152557));
#4967=CARTESIAN_POINT('',(47.4381685256958,100.010471343994,17.0000007152557));
#4968=CARTESIAN_POINT('',(47.4381685256958,100.010471343994,15.5000007152557));
#4969=CARTESIAN_POINT('',(47.4381685256958,86.0104656219482,17.0000007152557));
#4970=CARTESIAN_POINT('',(47.4381685256958,86.0104656219482,17.0000007152557));
#4971=CARTESIAN_POINT('',(47.4381685256958,86.0104656219482,15.5000007152557));
#4972=CARTESIAN_POINT('Origin',(61.6381692886353,86.0104656219482,15.5000007152557));
#4973=CARTESIAN_POINT('',(61.6381692886353,86.0104656219482,15.5000007152557));
#4974=CARTESIAN_POINT('',(61.6381692886353,86.0104656219482,15.5000007152557));
#4975=CARTESIAN_POINT('',(61.6381692886353,86.0104656219482,17.0000007152557));
#4976=CARTESIAN_POINT('',(61.6381692886353,86.0104656219482,17.0000007152557));
#4977=CARTESIAN_POINT('',(61.6381692886353,86.0104656219482,15.5000007152557));
#4978=CARTESIAN_POINT('Origin',(61.6381692886353,100.010471343994,15.5000007152557));
#4979=CARTESIAN_POINT('',(61.6381692886353,100.010471343994,15.5000007152557));
#4980=CARTESIAN_POINT('',(61.6381692886353,100.010471343994,15.5000007152557));
#4981=CARTESIAN_POINT('',(61.6381692886353,100.010471343994,17.0000007152557));
#4982=CARTESIAN_POINT('',(61.6381692886353,100.010471343994,17.0000007152557));
#4983=CARTESIAN_POINT('',(61.6381692886353,100.010471343994,15.5000007152557));
#4984=CARTESIAN_POINT('Origin',(47.4381685256958,100.010471343994,15.5000007152557));
#4985=CARTESIAN_POINT('',(47.4381685256958,100.010471343994,15.5000007152557));
#4986=CARTESIAN_POINT('',(47.4381685256958,100.010471343994,17.0000007152557));
#4987=CARTESIAN_POINT('Origin',(28.3881688117981,43.1479692459106,15.5000007152557));
#4988=CARTESIAN_POINT('',(28.3881688117981,43.1479692459106,15.5000007152557));
#4989=CARTESIAN_POINT('',(28.3881688117981,57.147970199585,15.5000007152557));
#4990=CARTESIAN_POINT('',(28.3881688117981,43.1479692459106,15.5000007152557));
#4991=CARTESIAN_POINT('',(28.3881688117981,57.147970199585,17.0000007152557));
#4992=CARTESIAN_POINT('',(28.3881688117981,57.147970199585,15.5000007152557));
#4993=CARTESIAN_POINT('',(28.3881688117981,43.1479692459106,17.0000007152557));
#4994=CARTESIAN_POINT('',(28.3881688117981,43.1479692459106,17.0000007152557));
#4995=CARTESIAN_POINT('',(28.3881688117981,43.1479692459106,15.5000007152557));
#4996=CARTESIAN_POINT('Origin',(42.5881719589233,43.1479692459106,15.5000007152557));
#4997=CARTESIAN_POINT('',(42.5881719589233,43.1479692459106,15.5000007152557));
#4998=CARTESIAN_POINT('',(42.5881719589233,43.1479692459106,15.5000007152557));
#4999=CARTESIAN_POINT('',(42.5881719589233,43.1479692459106,17.0000007152557));
#5000=CARTESIAN_POINT('',(42.5881719589233,43.1479692459106,17.0000007152557));
#5001=CARTESIAN_POINT('',(42.5881719589233,43.1479692459106,15.5000007152557));
#5002=CARTESIAN_POINT('Origin',(42.5881719589233,57.147970199585,15.5000007152557));
#5003=CARTESIAN_POINT('',(42.5881719589233,57.147970199585,15.5000007152557));
#5004=CARTESIAN_POINT('',(42.5881719589233,57.147970199585,15.5000007152557));
#5005=CARTESIAN_POINT('',(42.5881719589233,57.147970199585,17.0000007152557));
#5006=CARTESIAN_POINT('',(42.5881719589233,57.147970199585,17.0000007152557));
#5007=CARTESIAN_POINT('',(42.5881719589233,57.147970199585,15.5000007152557));
#5008=CARTESIAN_POINT('Origin',(28.3881688117981,57.147970199585,15.5000007152557));
#5009=CARTESIAN_POINT('',(28.3881688117981,57.147970199585,15.5000007152557));
#5010=CARTESIAN_POINT('',(28.3881688117981,57.147970199585,17.0000007152557));
#5011=CARTESIAN_POINT('Origin',(-9.71183144283996,107.154971725464,15.5000007152557));
#5012=CARTESIAN_POINT('',(-9.71183144283996,107.154971725464,15.5000007152557));
#5013=CARTESIAN_POINT('',(4.48816618191885,107.154971725464,15.5000007152557));
#5014=CARTESIAN_POINT('',(4.48816618191885,107.154971725464,15.5000007152557));
#5015=CARTESIAN_POINT('',(4.48816618191884,107.154971725464,17.0000007152557));
#5016=CARTESIAN_POINT('',(4.48816618191885,107.154971725464,15.5000007152557));
#5017=CARTESIAN_POINT('',(-9.71183144283996,107.154971725464,17.0000007152557));
#5018=CARTESIAN_POINT('',(4.48816618191885,107.154971725464,17.0000007152557));
#5019=CARTESIAN_POINT('',(-9.71183144283996,107.154971725464,15.5000007152557));
#5020=CARTESIAN_POINT('Origin',(-9.71183144283996,93.154966003418,15.5000007152557));
#5021=CARTESIAN_POINT('',(-9.71183144283996,93.154966003418,15.5000007152557));
#5022=CARTESIAN_POINT('',(-9.71183144283996,107.154971725464,15.5000007152557));
#5023=CARTESIAN_POINT('',(-9.71183144283996,93.154966003418,17.0000007152557));
#5024=CARTESIAN_POINT('',(-9.71183144283996,107.154971725464,17.0000007152557));
#5025=CARTESIAN_POINT('',(-9.71183144283996,93.154966003418,15.5000007152557));
#5026=CARTESIAN_POINT('Origin',(4.48816618191885,93.154966003418,15.5000007152557));
#5027=CARTESIAN_POINT('',(4.48816618191885,93.154966003418,15.5000007152557));
#5028=CARTESIAN_POINT('',(-9.71183144283996,93.154966003418,15.5000007152557));
#5029=CARTESIAN_POINT('',(4.48816618191884,93.154966003418,17.0000007152557));
#5030=CARTESIAN_POINT('',(-9.71183144283996,93.154966003418,17.0000007152557));
#5031=CARTESIAN_POINT('',(4.48816618191885,93.154966003418,15.5000007152557));
#5032=CARTESIAN_POINT('Origin',(4.48816618191885,107.154971725464,15.5000007152557));
#5033=CARTESIAN_POINT('',(4.48816618191885,93.154966003418,15.5000007152557));
#5034=CARTESIAN_POINT('',(4.48816618191885,93.154966003418,17.0000007152557));
#5035=CARTESIAN_POINT('Origin',(-9.71183144283996,69.0549717254639,15.5000007152557));
#5036=CARTESIAN_POINT('',(-9.71183144283996,69.0549717254639,15.5000007152557));
#5037=CARTESIAN_POINT('',(4.48816618191885,69.0549717254639,15.5000007152557));
#5038=CARTESIAN_POINT('',(4.48816618191885,69.0549717254639,15.5000007152557));
#5039=CARTESIAN_POINT('',(4.48816618191884,69.0549717254639,17.0000007152557));
#5040=CARTESIAN_POINT('',(4.48816618191885,69.0549717254639,15.5000007152557));
#5041=CARTESIAN_POINT('',(-9.71183144283996,69.0549717254639,17.0000007152557));
#5042=CARTESIAN_POINT('',(4.48816618191885,69.0549717254639,17.0000007152557));
#5043=CARTESIAN_POINT('',(-9.71183144283996,69.0549717254639,15.5000007152557));
#5044=CARTESIAN_POINT('Origin',(-9.71183144283996,55.054966003418,15.5000007152557));
#5045=CARTESIAN_POINT('',(-9.71183144283996,55.054966003418,15.5000007152557));
#5046=CARTESIAN_POINT('',(-9.71183144283996,69.0549717254639,15.5000007152557));
#5047=CARTESIAN_POINT('',(-9.71183144283996,55.054966003418,17.0000007152557));
#5048=CARTESIAN_POINT('',(-9.71183144283996,69.0549717254639,17.0000007152557));
#5049=CARTESIAN_POINT('',(-9.71183144283996,55.054966003418,15.5000007152557));
#5050=CARTESIAN_POINT('Origin',(4.48816618191885,55.054966003418,15.5000007152557));
#5051=CARTESIAN_POINT('',(4.48816618191885,55.054966003418,15.5000007152557));
#5052=CARTESIAN_POINT('',(-9.71183144283996,55.054966003418,15.5000007152557));
#5053=CARTESIAN_POINT('',(4.48816618191884,55.054966003418,17.0000007152557));
#5054=CARTESIAN_POINT('',(-9.71183144283996,55.054966003418,17.0000007152557));
#5055=CARTESIAN_POINT('',(4.48816618191885,55.054966003418,15.5000007152557));
#5056=CARTESIAN_POINT('Origin',(4.48816618191885,69.0549717254639,15.5000007152557));
#5057=CARTESIAN_POINT('',(4.48816618191885,55.054966003418,15.5000007152557));
#5058=CARTESIAN_POINT('',(4.48816618191885,55.054966003418,17.0000007152557));
#5059=CARTESIAN_POINT('Origin',(66.4881658554077,107.441720962524,15.5000007152557));
#5060=CARTESIAN_POINT('',(66.4881658554077,107.441720962524,15.5000007152557));
#5061=CARTESIAN_POINT('',(66.4881658554077,121.441717147827,15.5000007152557));
#5062=CARTESIAN_POINT('',(66.4881658554077,107.441720962524,15.5000007152557));
#5063=CARTESIAN_POINT('',(66.4881658554077,121.441717147827,17.0000007152557));
#5064=CARTESIAN_POINT('',(66.4881658554077,121.441717147827,15.5000007152557));
#5065=CARTESIAN_POINT('',(66.4881658554077,107.441720962524,17.0000007152557));
#5066=CARTESIAN_POINT('',(66.4881658554077,107.441720962524,17.0000007152557));
#5067=CARTESIAN_POINT('',(66.4881658554077,107.441720962524,15.5000007152557));
#5068=CARTESIAN_POINT('Origin',(80.6881713867188,107.441720962524,15.5000007152557));
#5069=CARTESIAN_POINT('',(80.6881713867188,107.441720962524,15.5000007152557));
#5070=CARTESIAN_POINT('',(80.6881713867188,107.441720962524,15.5000007152557));
#5071=CARTESIAN_POINT('',(80.6881713867188,107.441720962524,17.0000007152557));
#5072=CARTESIAN_POINT('',(80.6881713867188,107.441720962524,17.0000007152557));
#5073=CARTESIAN_POINT('',(80.6881713867188,107.441720962524,15.5000007152557));
#5074=CARTESIAN_POINT('Origin',(80.6881713867188,121.441717147827,15.5000007152557));
#5075=CARTESIAN_POINT('',(80.6881713867188,121.441717147827,15.5000007152557));
#5076=CARTESIAN_POINT('',(80.6881713867188,121.441717147827,15.5000007152557));
#5077=CARTESIAN_POINT('',(80.6881713867188,121.441717147827,17.0000007152557));
#5078=CARTESIAN_POINT('',(80.6881713867188,121.441717147827,17.0000007152557));
#5079=CARTESIAN_POINT('',(80.6881713867188,121.441717147827,15.5000007152557));
#5080=CARTESIAN_POINT('Origin',(66.4881658554077,121.441717147827,15.5000007152557));
#5081=CARTESIAN_POINT('',(66.4881658554077,121.441717147827,15.5000007152557));
#5082=CARTESIAN_POINT('',(66.4881658554077,121.441717147827,17.0000007152557));
#5083=CARTESIAN_POINT('Origin',(9.33816618191885,54.7669717254639,15.5000007152557));
#5084=CARTESIAN_POINT('',(9.33816618191885,54.7669717254639,15.5000007152557));
#5085=CARTESIAN_POINT('',(23.5381693290441,54.7669717254639,15.5000007152557));
#5086=CARTESIAN_POINT('',(23.5381693290441,54.7669717254639,15.5000007152557));
#5087=CARTESIAN_POINT('',(23.5381693290441,54.7669717254639,17.0000007152557));
#5088=CARTESIAN_POINT('',(23.5381693290441,54.7669717254639,15.5000007152557));
#5089=CARTESIAN_POINT('',(9.33816618191885,54.7669717254639,17.0000007152557));
#5090=CARTESIAN_POINT('',(23.5381693290441,54.7669717254639,17.0000007152557));
#5091=CARTESIAN_POINT('',(9.33816618191885,54.7669717254639,15.5000007152557));
#5092=CARTESIAN_POINT('Origin',(9.33816618191885,40.7669661111707,15.5000007152557));
#5093=CARTESIAN_POINT('',(9.33816618191885,40.7669661111707,15.5000007152557));
#5094=CARTESIAN_POINT('',(9.33816618191885,54.7669717254639,15.5000007152557));
#5095=CARTESIAN_POINT('',(9.33816618191885,40.7669661111707,17.0000007152557));
#5096=CARTESIAN_POINT('',(9.33816618191885,54.7669717254639,17.0000007152557));
#5097=CARTESIAN_POINT('',(9.33816618191885,40.7669661111707,15.5000007152557));
#5098=CARTESIAN_POINT('Origin',(23.5381693290441,40.7669661111707,15.5000007152557));
#5099=CARTESIAN_POINT('',(23.5381693290441,40.7669661111707,15.5000007152557));
#5100=CARTESIAN_POINT('',(9.33816618191885,40.7669661111707,15.5000007152557));
#5101=CARTESIAN_POINT('',(23.5381693290441,40.7669661111707,17.0000007152557));
#5102=CARTESIAN_POINT('',(9.33816618191885,40.7669661111707,17.0000007152557));
#5103=CARTESIAN_POINT('',(23.5381693290441,40.7669661111707,15.5000007152557));
#5104=CARTESIAN_POINT('Origin',(23.5381693290441,54.7669717254639,15.5000007152557));
#5105=CARTESIAN_POINT('',(23.5381693290441,40.7669661111707,15.5000007152557));
#5106=CARTESIAN_POINT('',(23.5381693290441,40.7669661111707,17.0000007152557));
#5107=CARTESIAN_POINT('Origin',(119.129489262901,36.3808411625971,15.5000007152557));
#5108=CARTESIAN_POINT('',(120.229489791043,36.3808411625971,17.0000007152557));
#5109=CARTESIAN_POINT('Origin',(119.129489262901,36.3808411625971,17.0000007152557));
#5110=CARTESIAN_POINT('',(120.229489791043,36.3808411625971,15.5000007152557));
#5111=CARTESIAN_POINT('',(120.229489791043,36.3808411625971,15.5000007152557));
#5112=CARTESIAN_POINT('Origin',(119.129489262901,36.3808411625971,15.5000007152557));
#5113=CARTESIAN_POINT('Origin',(85.5381679534912,86.0104656219482,15.5000007152557));
#5114=CARTESIAN_POINT('',(85.5381679534912,86.0104656219482,15.5000007152557));
#5115=CARTESIAN_POINT('',(85.5381679534912,100.010471343994,15.5000007152557));
#5116=CARTESIAN_POINT('',(85.5381679534912,86.0104656219482,15.5000007152557));
#5117=CARTESIAN_POINT('',(85.5381679534912,100.010471343994,17.0000007152557));
#5118=CARTESIAN_POINT('',(85.5381679534912,100.010471343994,15.5000007152557));
#5119=CARTESIAN_POINT('',(85.5381679534912,86.0104656219482,17.0000007152557));
#5120=CARTESIAN_POINT('',(85.5381679534912,86.0104656219482,17.0000007152557));
#5121=CARTESIAN_POINT('',(85.5381679534912,86.0104656219482,15.5000007152557));
#5122=CARTESIAN_POINT('Origin',(99.7381687164307,86.0104656219482,15.5000007152557));
#5123=CARTESIAN_POINT('',(99.7381687164307,86.0104656219482,15.5000007152557));
#5124=CARTESIAN_POINT('',(99.7381687164307,86.0104656219482,15.5000007152557));
#5125=CARTESIAN_POINT('',(99.7381687164307,86.0104656219482,17.0000007152557));
#5126=CARTESIAN_POINT('',(99.7381687164307,86.0104656219482,17.0000007152557));
#5127=CARTESIAN_POINT('',(99.7381687164307,86.0104656219482,15.5000007152557));
#5128=CARTESIAN_POINT('Origin',(99.7381687164307,100.010471343994,15.5000007152557));
#5129=CARTESIAN_POINT('',(99.7381687164307,100.010471343994,15.5000007152557));
#5130=CARTESIAN_POINT('',(99.7381687164307,100.010471343994,15.5000007152557));
#5131=CARTESIAN_POINT('',(99.7381687164307,100.010471343994,17.0000007152557));
#5132=CARTESIAN_POINT('',(99.7381687164307,100.010471343994,17.0000007152557));
#5133=CARTESIAN_POINT('',(99.7381687164307,100.010471343994,15.5000007152557));
#5134=CARTESIAN_POINT('Origin',(85.5381679534912,100.010471343994,15.5000007152557));
#5135=CARTESIAN_POINT('',(85.5381679534912,100.010471343994,15.5000007152557));
#5136=CARTESIAN_POINT('',(85.5381679534912,100.010471343994,17.0000007152557));
#5137=CARTESIAN_POINT('Origin',(104.588165283203,102.679224014282,15.5000007152557));
#5138=CARTESIAN_POINT('',(104.588165283203,102.679224014282,15.5000007152557));
#5139=CARTESIAN_POINT('',(104.588165283203,116.679220199585,15.5000007152557));
#5140=CARTESIAN_POINT('',(104.588165283203,102.679224014282,15.5000007152557));
#5141=CARTESIAN_POINT('',(104.588165283203,116.679220199585,17.0000007152557));
#5142=CARTESIAN_POINT('',(104.588165283203,116.679220199585,15.5000007152557));
#5143=CARTESIAN_POINT('',(104.588165283203,102.679224014282,17.0000007152557));
#5144=CARTESIAN_POINT('',(104.588165283203,102.679224014282,17.0000007152557));
#5145=CARTESIAN_POINT('',(104.588165283203,102.679224014282,15.5000007152557));
#5146=CARTESIAN_POINT('Origin',(118.788175582886,102.679224014282,15.5000007152557));
#5147=CARTESIAN_POINT('',(118.788175582886,102.679224014282,15.5000007152557));
#5148=CARTESIAN_POINT('',(118.788175582886,102.679224014282,15.5000007152557));
#5149=CARTESIAN_POINT('',(118.788175582886,102.679224014282,17.0000007152557));
#5150=CARTESIAN_POINT('',(118.788175582886,102.679224014282,17.0000007152557));
#5151=CARTESIAN_POINT('',(118.788175582886,102.679224014282,15.5000007152557));
#5152=CARTESIAN_POINT('Origin',(118.788175582886,116.679220199585,15.5000007152557));
#5153=CARTESIAN_POINT('',(118.788175582886,116.679220199585,15.5000007152557));
#5154=CARTESIAN_POINT('',(118.788175582886,116.679220199585,15.5000007152557));
#5155=CARTESIAN_POINT('',(118.788175582886,116.679220199585,17.0000007152557));
#5156=CARTESIAN_POINT('',(118.788175582886,116.679220199585,17.0000007152557));
#5157=CARTESIAN_POINT('',(118.788175582886,116.679220199585,15.5000007152557));
#5158=CARTESIAN_POINT('Origin',(104.588165283203,116.679220199585,15.5000007152557));
#5159=CARTESIAN_POINT('',(104.588165283203,116.679220199585,15.5000007152557));
#5160=CARTESIAN_POINT('',(104.588165283203,116.679220199585,17.0000007152557));
#5161=CARTESIAN_POINT('Origin',(104.588165283203,83.6292171478271,15.5000007152557));
#5162=CARTESIAN_POINT('',(104.588165283203,83.6292171478271,15.5000007152557));
#5163=CARTESIAN_POINT('',(104.588165283203,97.629222869873,15.5000007152557));
#5164=CARTESIAN_POINT('',(104.588165283203,83.6292171478271,15.5000007152557));
#5165=CARTESIAN_POINT('',(104.588165283203,97.629222869873,17.0000007152557));
#5166=CARTESIAN_POINT('',(104.588165283203,97.629222869873,15.5000007152557));
#5167=CARTESIAN_POINT('',(104.588165283203,83.6292171478271,17.0000007152557));
#5168=CARTESIAN_POINT('',(104.588165283203,83.6292171478271,17.0000007152557));
#5169=CARTESIAN_POINT('',(104.588165283203,83.6292171478271,15.5000007152557));
#5170=CARTESIAN_POINT('Origin',(118.788175582886,83.6292171478271,15.5000007152557));
#5171=CARTESIAN_POINT('',(118.788175582886,83.6292171478271,15.5000007152557));
#5172=CARTESIAN_POINT('',(118.788175582886,83.6292171478271,15.5000007152557));
#5173=CARTESIAN_POINT('',(118.788175582886,83.6292171478271,17.0000007152557));
#5174=CARTESIAN_POINT('',(118.788175582886,83.6292171478271,17.0000007152557));
#5175=CARTESIAN_POINT('',(118.788175582886,83.6292171478271,15.5000007152557));
#5176=CARTESIAN_POINT('Origin',(118.788175582886,97.629222869873,15.5000007152557));
#5177=CARTESIAN_POINT('',(118.788175582886,97.629222869873,15.5000007152557));
#5178=CARTESIAN_POINT('',(118.788175582886,97.629222869873,15.5000007152557));
#5179=CARTESIAN_POINT('',(118.788175582886,97.629222869873,17.0000007152557));
#5180=CARTESIAN_POINT('',(118.788175582886,97.629222869873,17.0000007152557));
#5181=CARTESIAN_POINT('',(118.788175582886,97.629222869873,15.5000007152557));
#5182=CARTESIAN_POINT('Origin',(104.588165283203,97.629222869873,15.5000007152557));
#5183=CARTESIAN_POINT('',(104.588165283203,97.629222869873,15.5000007152557));
#5184=CARTESIAN_POINT('',(104.588165283203,97.629222869873,17.0000007152557));
#5185=CARTESIAN_POINT('Origin',(9.33816618191885,73.8169717254639,15.5000007152557));
#5186=CARTESIAN_POINT('',(9.33816618191885,73.8169717254639,15.5000007152557));
#5187=CARTESIAN_POINT('',(23.5381693290441,73.8169717254639,15.5000007152557));
#5188=CARTESIAN_POINT('',(23.5381693290441,73.8169717254639,15.5000007152557));
#5189=CARTESIAN_POINT('',(23.5381693290441,73.8169717254639,17.0000007152557));
#5190=CARTESIAN_POINT('',(23.5381693290441,73.8169717254639,15.5000007152557));
#5191=CARTESIAN_POINT('',(9.33816618191885,73.8169717254639,17.0000007152557));
#5192=CARTESIAN_POINT('',(23.5381693290441,73.8169717254639,17.0000007152557));
#5193=CARTESIAN_POINT('',(9.33816618191885,73.8169717254639,15.5000007152557));
#5194=CARTESIAN_POINT('Origin',(9.33816618191885,59.8169661111707,15.5000007152557));
#5195=CARTESIAN_POINT('',(9.33816618191885,59.8169661111707,15.5000007152557));
#5196=CARTESIAN_POINT('',(9.33816618191885,73.8169717254639,15.5000007152557));
#5197=CARTESIAN_POINT('',(9.33816618191885,59.8169661111707,17.0000007152557));
#5198=CARTESIAN_POINT('',(9.33816618191885,73.8169717254639,17.0000007152557));
#5199=CARTESIAN_POINT('',(9.33816618191885,59.8169661111707,15.5000007152557));
#5200=CARTESIAN_POINT('Origin',(23.5381693290441,59.8169661111707,15.5000007152557));
#5201=CARTESIAN_POINT('',(23.5381693290441,59.8169661111707,15.5000007152557));
#5202=CARTESIAN_POINT('',(9.33816618191885,59.8169661111707,15.5000007152557));
#5203=CARTESIAN_POINT('',(23.5381693290441,59.8169661111707,17.0000007152557));
#5204=CARTESIAN_POINT('',(9.33816618191885,59.8169661111707,17.0000007152557));
#5205=CARTESIAN_POINT('',(23.5381693290441,59.8169661111707,15.5000007152557));
#5206=CARTESIAN_POINT('Origin',(23.5381693290441,73.8169717254639,15.5000007152557));
#5207=CARTESIAN_POINT('',(23.5381693290441,59.8169661111707,15.5000007152557));
#5208=CARTESIAN_POINT('',(23.5381693290441,59.8169661111707,17.0000007152557));
#5209=CARTESIAN_POINT('Origin',(102.163098255798,63.1698825494378,15.5000007152557));
#5210=CARTESIAN_POINT('',(103.263098857026,63.1698825494378,17.0000007152557));
#5211=CARTESIAN_POINT('Origin',(102.163098255798,63.1698825494378,17.0000007152557));
#5212=CARTESIAN_POINT('',(103.263098857026,63.1698825494378,15.5000007152557));
#5213=CARTESIAN_POINT('',(103.263098857026,63.1698825494378,15.5000007152557));
#5214=CARTESIAN_POINT('Origin',(102.163098255798,63.1698825494378,15.5000007152557));
#5215=CARTESIAN_POINT('Origin',(112.81551361084,22.2175312042236,15.5000007152557));
#5216=CARTESIAN_POINT('',(112.81551361084,22.2175312042236,15.5000007152557));
#5217=CARTESIAN_POINT('',(116.315517425537,28.2797050476074,15.5000007152557));
#5218=CARTESIAN_POINT('',(116.315517425537,28.2797050476074,15.5000007152557));
#5219=CARTESIAN_POINT('',(116.315517425537,28.2797050476074,17.0000007152557));
#5220=CARTESIAN_POINT('',(116.315517425537,28.2797050476074,15.5000007152557));
#5221=CARTESIAN_POINT('',(112.81551361084,22.2175312042236,17.0000007152557));
#5222=CARTESIAN_POINT('',(116.315517425537,28.2797050476074,17.0000007152557));
#5223=CARTESIAN_POINT('',(112.81551361084,22.2175312042236,15.5000007152557));
#5224=CARTESIAN_POINT('Origin',(114.547557830811,21.2175345420837,15.5000007152557));
#5225=CARTESIAN_POINT('',(114.547557830811,21.2175345420837,15.5000007152557));
#5226=CARTESIAN_POINT('',(112.81551361084,22.2175312042236,15.5000007152557));
#5227=CARTESIAN_POINT('',(114.547557830811,21.2175345420837,17.0000007152557));
#5228=CARTESIAN_POINT('',(112.81551361084,22.2175312042236,17.0000007152557));
#5229=CARTESIAN_POINT('',(114.547557830811,21.2175345420837,15.5000007152557));
#5230=CARTESIAN_POINT('Origin',(113.954057693481,20.1895618438721,15.5000007152557));
#5231=CARTESIAN_POINT('',(113.954057693481,20.1895618438721,15.5000007152557));
#5232=CARTESIAN_POINT('',(114.547557830811,21.2175345420837,15.5000007152557));
#5233=CARTESIAN_POINT('',(113.954057693481,20.1895618438721,17.0000007152557));
#5234=CARTESIAN_POINT('',(114.547557830811,21.2175345420837,17.0000007152557));
#5235=CARTESIAN_POINT('',(113.954057693481,20.1895618438721,15.5000007152557));
#5236=CARTESIAN_POINT('Origin',(126.078405380249,13.1895530223846,15.5000007152557));
#5237=CARTESIAN_POINT('',(126.078405380249,13.1895530223846,15.5000007152557));
#5238=CARTESIAN_POINT('',(126.078405380249,13.1895530223846,15.5000007152557));
#5239=CARTESIAN_POINT('',(126.078405380249,13.1895530223846,17.0000007152557));
#5240=CARTESIAN_POINT('',(126.078405380249,13.1895530223846,17.0000007152557));
#5241=CARTESIAN_POINT('',(126.078405380249,13.1895530223846,15.5000007152557));
#5242=CARTESIAN_POINT('Origin',(142.703428268433,41.9848871231079,15.5000007152557));
#5243=CARTESIAN_POINT('',(142.703428268433,41.9848871231079,15.5000007152557));
#5244=CARTESIAN_POINT('',(142.703428268433,41.9848871231079,15.5000007152557));
#5245=CARTESIAN_POINT('',(142.703428268433,41.9848871231079,17.0000007152557));
#5246=CARTESIAN_POINT('',(142.703428268433,41.9848871231079,17.0000007152557));
#5247=CARTESIAN_POINT('',(142.703428268433,41.9848871231079,15.5000007152557));
#5248=CARTESIAN_POINT('Origin',(130.579071044922,48.9848947525024,15.5000007152557));
#5249=CARTESIAN_POINT('',(130.579071044922,48.9848947525024,15.5000007152557));
#5250=CARTESIAN_POINT('',(130.579071044922,48.9848947525024,15.5000007152557));
#5251=CARTESIAN_POINT('',(130.579071044922,48.9848947525024,17.0000007152557));
#5252=CARTESIAN_POINT('',(130.579071044922,48.9848947525024,17.0000007152557));
#5253=CARTESIAN_POINT('',(130.579071044922,48.9848947525024,15.5000007152557));
#5254=CARTESIAN_POINT('Origin',(129.985580444336,47.956919670105,15.5000007152557));
#5255=CARTESIAN_POINT('',(129.985580444336,47.956919670105,15.5000007152557));
#5256=CARTESIAN_POINT('',(130.579071044922,48.9848947525024,15.5000007152557));
#5257=CARTESIAN_POINT('',(129.985580444336,47.956919670105,17.0000007152557));
#5258=CARTESIAN_POINT('',(130.579071044922,48.9848947525024,17.0000007152557));
#5259=CARTESIAN_POINT('',(129.985580444336,47.956919670105,15.5000007152557));
#5260=CARTESIAN_POINT('Origin',(128.253545761108,48.9569234848022,15.5000007152557));
#5261=CARTESIAN_POINT('',(128.253545761108,48.9569234848022,15.5000007152557));
#5262=CARTESIAN_POINT('',(129.985580444336,47.956919670105,15.5000007152557));
#5263=CARTESIAN_POINT('',(128.253545761108,48.9569234848022,17.0000007152557));
#5264=CARTESIAN_POINT('',(129.985580444336,47.956919670105,17.0000007152557));
#5265=CARTESIAN_POINT('',(128.253545761108,48.9569234848022,15.5000007152557));
#5266=CARTESIAN_POINT('Origin',(124.753522872925,42.8947448730469,15.5000007152557));
#5267=CARTESIAN_POINT('',(124.753522872925,42.8947448730469,15.5000007152557));
#5268=CARTESIAN_POINT('',(128.253545761108,48.9569234848022,15.5000007152557));
#5269=CARTESIAN_POINT('',(124.753522872925,42.8947448730469,17.0000007152557));
#5270=CARTESIAN_POINT('',(128.253545761108,48.9569234848022,17.0000007152557));
#5271=CARTESIAN_POINT('',(124.753522872925,42.8947448730469,15.5000007152557));
#5272=CARTESIAN_POINT('Origin',(126.485576629639,41.8947505950928,15.5000007152557));
#5273=CARTESIAN_POINT('',(126.485576629639,41.8947505950928,15.5000007152557));
#5274=CARTESIAN_POINT('',(124.753522872925,42.8947448730469,15.5000007152557));
#5275=CARTESIAN_POINT('',(126.485576629639,41.8947505950928,17.0000007152557));
#5276=CARTESIAN_POINT('',(124.753522872925,42.8947448730469,17.0000007152557));
#5277=CARTESIAN_POINT('',(126.485576629639,41.8947505950928,15.5000007152557));
#5278=CARTESIAN_POINT('Origin',(118.047561645508,27.2797083854675,15.5000007152557));
#5279=CARTESIAN_POINT('',(118.047561645508,27.2797083854675,15.5000007152557));
#5280=CARTESIAN_POINT('',(118.047561645508,27.2797083854675,15.5000007152557));
#5281=CARTESIAN_POINT('',(118.047561645508,27.2797083854675,17.0000007152557));
#5282=CARTESIAN_POINT('',(118.047561645508,27.2797083854675,17.0000007152557));
#5283=CARTESIAN_POINT('',(118.047561645508,27.2797083854675,15.5000007152557));
#5284=CARTESIAN_POINT('Origin',(116.315517425537,28.2797050476074,15.5000007152557));
#5285=CARTESIAN_POINT('',(118.047561645508,27.2797083854675,15.5000007152557));
#5286=CARTESIAN_POINT('',(118.047561645508,27.2797083854675,17.0000007152557));
#5287=CARTESIAN_POINT('Origin',(25.9631607929864,59.5980103810615,15.5000007152557));
#5288=CARTESIAN_POINT('',(27.0631604173671,59.5980103810615,17.0000007152557));
#5289=CARTESIAN_POINT('Origin',(25.9631607929864,59.5980103810615,17.0000007152557));
#5290=CARTESIAN_POINT('',(27.0631604173672,59.5980103810615,15.5000007152557));
#5291=CARTESIAN_POINT('',(27.0631604173672,59.5980103810615,15.5000007152557));
#5292=CARTESIAN_POINT('Origin',(25.9631607929864,59.5980103810615,15.5000007152557));
#5293=CARTESIAN_POINT('Origin',(102.163098255795,101.269851525623,15.5000007152557));
#5294=CARTESIAN_POINT('',(103.263099446539,101.269851525623,17.0000007152557));
#5295=CARTESIAN_POINT('Origin',(102.163098255795,101.269851525623,17.0000007152557));
#5296=CARTESIAN_POINT('',(103.263099446539,101.269851525623,15.5000007152557));
#5297=CARTESIAN_POINT('',(103.263099446539,101.269851525623,15.5000007152557));
#5298=CARTESIAN_POINT('Origin',(102.163098255795,101.269851525623,15.5000007152557));
#5299=CARTESIAN_POINT('Origin',(25.9631607929867,97.6979788144421,15.5000007152557));
#5300=CARTESIAN_POINT('',(27.0631604805188,97.6979788144421,17.0000007152557));
#5301=CARTESIAN_POINT('Origin',(25.9631607929867,97.6979788144421,17.0000007152557));
#5302=CARTESIAN_POINT('',(27.0631604805188,97.6979788144421,15.5000007152557));
#5303=CARTESIAN_POINT('',(27.0631604805188,97.6979788144421,15.5000007152557));
#5304=CARTESIAN_POINT('Origin',(25.9631607929867,97.6979788144421,15.5000007152557));
#5305=CARTESIAN_POINT('Origin',(9.33816618191885,111.916971725464,15.5000007152557));
#5306=CARTESIAN_POINT('',(9.33816618191885,111.916971725464,15.5000007152557));
#5307=CARTESIAN_POINT('',(23.5381693290441,111.916971725464,15.5000007152557));
#5308=CARTESIAN_POINT('',(23.5381693290441,111.916971725464,15.5000007152557));
#5309=CARTESIAN_POINT('',(23.5381693290441,111.916971725464,17.0000007152557));
#5310=CARTESIAN_POINT('',(23.5381693290441,111.916971725464,15.5000007152557));
#5311=CARTESIAN_POINT('',(9.33816618191885,111.916971725464,17.0000007152557));
#5312=CARTESIAN_POINT('',(23.5381693290441,111.916971725464,17.0000007152557));
#5313=CARTESIAN_POINT('',(9.33816618191885,111.916971725464,15.5000007152557));
#5314=CARTESIAN_POINT('Origin',(9.33816618191885,97.9169661111707,15.5000007152557));
#5315=CARTESIAN_POINT('',(9.33816618191885,97.9169661111707,15.5000007152557));
#5316=CARTESIAN_POINT('',(9.33816618191885,111.916971725464,15.5000007152557));
#5317=CARTESIAN_POINT('',(9.33816618191885,97.9169661111707,17.0000007152557));
#5318=CARTESIAN_POINT('',(9.33816618191885,111.916971725464,17.0000007152557));
#5319=CARTESIAN_POINT('',(9.33816618191885,97.9169661111707,15.5000007152557));
#5320=CARTESIAN_POINT('Origin',(23.5381693290441,97.9169661111707,15.5000007152557));
#5321=CARTESIAN_POINT('',(23.5381693290441,97.9169661111707,15.5000007152557));
#5322=CARTESIAN_POINT('',(9.33816618191885,97.9169661111707,15.5000007152557));
#5323=CARTESIAN_POINT('',(23.5381693290441,97.9169661111707,17.0000007152557));
#5324=CARTESIAN_POINT('',(9.33816618191885,97.9169661111707,17.0000007152557));
#5325=CARTESIAN_POINT('',(23.5381693290441,97.9169661111707,15.5000007152557));
#5326=CARTESIAN_POINT('Origin',(23.5381693290441,111.916971725464,15.5000007152557));
#5327=CARTESIAN_POINT('',(23.5381693290441,97.9169661111707,15.5000007152557));
#5328=CARTESIAN_POINT('',(23.5381693290441,97.9169661111707,17.0000007152557));
#5329=CARTESIAN_POINT('Origin',(85.5381679534912,105.060472488403,15.5000007152557));
#5330=CARTESIAN_POINT('',(85.5381679534912,105.060472488403,15.5000007152557));
#5331=CARTESIAN_POINT('',(85.5381679534912,119.060468673706,15.5000007152557));
#5332=CARTESIAN_POINT('',(85.5381679534912,105.060472488403,15.5000007152557));
#5333=CARTESIAN_POINT('',(85.5381679534912,119.060468673706,17.0000007152557));
#5334=CARTESIAN_POINT('',(85.5381679534912,119.060468673706,15.5000007152557));
#5335=CARTESIAN_POINT('',(85.5381679534912,105.060472488403,17.0000007152557));
#5336=CARTESIAN_POINT('',(85.5381679534912,105.060472488403,17.0000007152557));
#5337=CARTESIAN_POINT('',(85.5381679534912,105.060472488403,15.5000007152557));
#5338=CARTESIAN_POINT('Origin',(99.7381687164307,105.060472488403,15.5000007152557));
#5339=CARTESIAN_POINT('',(99.7381687164307,105.060472488403,15.5000007152557));
#5340=CARTESIAN_POINT('',(99.7381687164307,105.060472488403,15.5000007152557));
#5341=CARTESIAN_POINT('',(99.7381687164307,105.060472488403,17.0000007152557));
#5342=CARTESIAN_POINT('',(99.7381687164307,105.060472488403,17.0000007152557));
#5343=CARTESIAN_POINT('',(99.7381687164307,105.060472488403,15.5000007152557));
#5344=CARTESIAN_POINT('Origin',(99.7381687164307,119.060468673706,15.5000007152557));
#5345=CARTESIAN_POINT('',(99.7381687164307,119.060468673706,15.5000007152557));
#5346=CARTESIAN_POINT('',(99.7381687164307,119.060468673706,15.5000007152557));
#5347=CARTESIAN_POINT('',(99.7381687164307,119.060468673706,17.0000007152557));
#5348=CARTESIAN_POINT('',(99.7381687164307,119.060468673706,17.0000007152557));
#5349=CARTESIAN_POINT('',(99.7381687164307,119.060468673706,15.5000007152557));
#5350=CARTESIAN_POINT('Origin',(85.5381679534912,119.060468673706,15.5000007152557));
#5351=CARTESIAN_POINT('',(85.5381679534912,119.060468673706,15.5000007152557));
#5352=CARTESIAN_POINT('',(85.5381679534912,119.060468673706,17.0000007152557));
#5353=CARTESIAN_POINT('Origin',(104.588165283203,64.5792150497437,15.5000007152557));
#5354=CARTESIAN_POINT('',(104.588165283203,64.5792150497437,15.5000007152557));
#5355=CARTESIAN_POINT('',(104.588165283203,78.579216003418,15.5000007152557));
#5356=CARTESIAN_POINT('',(104.588165283203,64.5792150497437,15.5000007152557));
#5357=CARTESIAN_POINT('',(104.588165283203,78.579216003418,17.0000007152557));
#5358=CARTESIAN_POINT('',(104.588165283203,78.579216003418,15.5000007152557));
#5359=CARTESIAN_POINT('',(104.588165283203,64.5792150497437,17.0000007152557));
#5360=CARTESIAN_POINT('',(104.588165283203,64.5792150497437,17.0000007152557));
#5361=CARTESIAN_POINT('',(104.588165283203,64.5792150497437,15.5000007152557));
#5362=CARTESIAN_POINT('Origin',(118.788175582886,64.5792150497437,15.5000007152557));
#5363=CARTESIAN_POINT('',(118.788175582886,64.5792150497437,15.5000007152557));
#5364=CARTESIAN_POINT('',(118.788175582886,64.5792150497437,15.5000007152557));
#5365=CARTESIAN_POINT('',(118.788175582886,64.5792150497437,17.0000007152557));
#5366=CARTESIAN_POINT('',(118.788175582886,64.5792150497437,17.0000007152557));
#5367=CARTESIAN_POINT('',(118.788175582886,64.5792150497437,15.5000007152557));
#5368=CARTESIAN_POINT('Origin',(118.788175582886,78.579216003418,15.5000007152557));
#5369=CARTESIAN_POINT('',(118.788175582886,78.579216003418,15.5000007152557));
#5370=CARTESIAN_POINT('',(118.788175582886,78.579216003418,15.5000007152557));
#5371=CARTESIAN_POINT('',(118.788175582886,78.579216003418,17.0000007152557));
#5372=CARTESIAN_POINT('',(118.788175582886,78.579216003418,17.0000007152557));
#5373=CARTESIAN_POINT('',(118.788175582886,78.579216003418,15.5000007152557));
#5374=CARTESIAN_POINT('Origin',(104.588165283203,78.579216003418,15.5000007152557));
#5375=CARTESIAN_POINT('',(104.588165283203,78.579216003418,15.5000007152557));
#5376=CARTESIAN_POINT('',(104.588165283203,78.579216003418,17.0000007152557));
#5377=CARTESIAN_POINT('Origin',(104.588165283203,45.5292224884033,15.5000007152557));
#5378=CARTESIAN_POINT('',(104.588165283203,45.5292224884033,15.5000007152557));
#5379=CARTESIAN_POINT('',(104.588165283203,59.5292234420776,15.5000007152557));
#5380=CARTESIAN_POINT('',(104.588165283203,45.5292224884033,15.5000007152557));
#5381=CARTESIAN_POINT('',(104.588165283203,59.5292234420776,17.0000007152557));
#5382=CARTESIAN_POINT('',(104.588165283203,59.5292234420776,15.5000007152557));
#5383=CARTESIAN_POINT('',(104.588165283203,45.5292224884033,17.0000007152557));
#5384=CARTESIAN_POINT('',(104.588165283203,45.5292224884033,17.0000007152557));
#5385=CARTESIAN_POINT('',(104.588165283203,45.5292224884033,15.5000007152557));
#5386=CARTESIAN_POINT('Origin',(118.788175582886,45.5292224884033,15.5000007152557));
#5387=CARTESIAN_POINT('',(118.788175582886,45.5292224884033,15.5000007152557));
#5388=CARTESIAN_POINT('',(118.788175582886,45.5292224884033,15.5000007152557));
#5389=CARTESIAN_POINT('',(118.788175582886,45.5292224884033,17.0000007152557));
#5390=CARTESIAN_POINT('',(118.788175582886,45.5292224884033,17.0000007152557));
#5391=CARTESIAN_POINT('',(118.788175582886,45.5292224884033,15.5000007152557));
#5392=CARTESIAN_POINT('Origin',(118.788175582886,59.5292234420776,15.5000007152557));
#5393=CARTESIAN_POINT('',(118.788175582886,59.5292234420776,15.5000007152557));
#5394=CARTESIAN_POINT('',(118.788175582886,59.5292234420776,15.5000007152557));
#5395=CARTESIAN_POINT('',(118.788175582886,59.5292234420776,17.0000007152557));
#5396=CARTESIAN_POINT('',(118.788175582886,59.5292234420776,17.0000007152557));
#5397=CARTESIAN_POINT('',(118.788175582886,59.5292234420776,15.5000007152557));
#5398=CARTESIAN_POINT('Origin',(104.588165283203,59.5292234420776,15.5000007152557));
#5399=CARTESIAN_POINT('',(104.588165283203,59.5292234420776,15.5000007152557));
#5400=CARTESIAN_POINT('',(104.588165283203,59.5292234420776,17.0000007152557));
#5401=CARTESIAN_POINT('Origin',(95.0631713867188,24.0979695320129,15.5000007152557));
#5402=CARTESIAN_POINT('',(95.0631713867188,24.0979695320129,15.5000007152557));
#5403=CARTESIAN_POINT('',(95.0631713867188,38.0979704856873,15.5000007152557));
#5404=CARTESIAN_POINT('',(95.0631713867188,24.0979695320129,15.5000007152557));
#5405=CARTESIAN_POINT('',(95.0631713867188,38.0979704856873,17.0000007152557));
#5406=CARTESIAN_POINT('',(95.0631713867188,38.0979704856873,15.5000007152557));
#5407=CARTESIAN_POINT('',(95.0631713867188,24.0979695320129,17.0000007152557));
#5408=CARTESIAN_POINT('',(95.0631713867188,24.0979695320129,17.0000007152557));
#5409=CARTESIAN_POINT('',(95.0631713867188,24.0979695320129,15.5000007152557));
#5410=CARTESIAN_POINT('Origin',(109.263172149658,24.0979695320129,15.5000007152557));
#5411=CARTESIAN_POINT('',(109.263172149658,24.0979695320129,15.5000007152557));
#5412=CARTESIAN_POINT('',(109.263172149658,24.0979695320129,15.5000007152557));
#5413=CARTESIAN_POINT('',(109.263172149658,24.0979695320129,17.0000007152557));
#5414=CARTESIAN_POINT('',(109.263172149658,24.0979695320129,17.0000007152557));
#5415=CARTESIAN_POINT('',(109.263172149658,24.0979695320129,15.5000007152557));
#5416=CARTESIAN_POINT('Origin',(109.263172149658,38.0979704856873,15.5000007152557));
#5417=CARTESIAN_POINT('',(109.263172149658,38.0979704856873,15.5000007152557));
#5418=CARTESIAN_POINT('',(109.263172149658,38.0979704856873,15.5000007152557));
#5419=CARTESIAN_POINT('',(109.263172149658,38.0979704856873,17.0000007152557));
#5420=CARTESIAN_POINT('',(109.263172149658,38.0979704856873,17.0000007152557));
#5421=CARTESIAN_POINT('',(109.263172149658,38.0979704856873,15.5000007152557));
#5422=CARTESIAN_POINT('Origin',(95.0631713867188,38.0979704856873,15.5000007152557));
#5423=CARTESIAN_POINT('',(95.0631713867188,38.0979704856873,15.5000007152557));
#5424=CARTESIAN_POINT('',(95.0631713867188,38.0979704856873,17.0000007152557));
#5425=CARTESIAN_POINT('Origin',(47.4381685256958,66.9604730606079,15.5000007152557));
#5426=CARTESIAN_POINT('',(47.4381685256958,66.9604730606079,15.5000007152557));
#5427=CARTESIAN_POINT('',(47.4381685256958,80.9604740142822,15.5000007152557));
#5428=CARTESIAN_POINT('',(47.4381685256958,66.9604730606079,15.5000007152557));
#5429=CARTESIAN_POINT('',(47.4381685256958,80.9604740142822,17.0000007152557));
#5430=CARTESIAN_POINT('',(47.4381685256958,80.9604740142822,15.5000007152557));
#5431=CARTESIAN_POINT('',(47.4381685256958,66.9604730606079,17.0000007152557));
#5432=CARTESIAN_POINT('',(47.4381685256958,66.9604730606079,17.0000007152557));
#5433=CARTESIAN_POINT('',(47.4381685256958,66.9604730606079,15.5000007152557));
#5434=CARTESIAN_POINT('Origin',(61.6381692886353,66.9604730606079,15.5000007152557));
#5435=CARTESIAN_POINT('',(61.6381692886353,66.9604730606079,15.5000007152557));
#5436=CARTESIAN_POINT('',(61.6381692886353,66.9604730606079,15.5000007152557));
#5437=CARTESIAN_POINT('',(61.6381692886353,66.9604730606079,17.0000007152557));
#5438=CARTESIAN_POINT('',(61.6381692886353,66.9604730606079,17.0000007152557));
#5439=CARTESIAN_POINT('',(61.6381692886353,66.9604730606079,15.5000007152557));
#5440=CARTESIAN_POINT('Origin',(61.6381692886353,80.9604740142822,15.5000007152557));
#5441=CARTESIAN_POINT('',(61.6381692886353,80.9604740142822,15.5000007152557));
#5442=CARTESIAN_POINT('',(61.6381692886353,80.9604740142822,15.5000007152557));
#5443=CARTESIAN_POINT('',(61.6381692886353,80.9604740142822,17.0000007152557));
#5444=CARTESIAN_POINT('',(61.6381692886353,80.9604740142822,17.0000007152557));
#5445=CARTESIAN_POINT('',(61.6381692886353,80.9604740142822,15.5000007152557));
#5446=CARTESIAN_POINT('Origin',(47.4381685256958,80.9604740142822,15.5000007152557));
#5447=CARTESIAN_POINT('',(47.4381685256958,80.9604740142822,15.5000007152557));
#5448=CARTESIAN_POINT('',(47.4381685256958,80.9604740142822,17.0000007152557));
#5449=CARTESIAN_POINT('Origin',(76.0131692886353,26.4792203903198,15.5000007152557));
#5450=CARTESIAN_POINT('',(76.0131692886353,26.4792203903198,15.5000007152557));
#5451=CARTESIAN_POINT('',(76.0131692886353,40.4792165756226,15.5000007152557));
#5452=CARTESIAN_POINT('',(76.0131692886353,26.4792203903198,15.5000007152557));
#5453=CARTESIAN_POINT('',(76.0131692886353,40.4792165756226,17.0000007152557));
#5454=CARTESIAN_POINT('',(76.0131692886353,40.4792165756226,15.5000007152557));
#5455=CARTESIAN_POINT('',(76.0131692886353,26.4792203903198,17.0000007152557));
#5456=CARTESIAN_POINT('',(76.0131692886353,26.4792203903198,17.0000007152557));
#5457=CARTESIAN_POINT('',(76.0131692886353,26.4792203903198,15.5000007152557));
#5458=CARTESIAN_POINT('Origin',(90.2131652832031,26.4792203903198,15.5000007152557));
#5459=CARTESIAN_POINT('',(90.2131652832031,26.4792203903198,15.5000007152557));
#5460=CARTESIAN_POINT('',(90.2131652832031,26.4792203903198,15.5000007152557));
#5461=CARTESIAN_POINT('',(90.2131652832031,26.4792203903198,17.0000007152557));
#5462=CARTESIAN_POINT('',(90.2131652832031,26.4792203903198,17.0000007152557));
#5463=CARTESIAN_POINT('',(90.2131652832031,26.4792203903198,15.5000007152557));
#5464=CARTESIAN_POINT('Origin',(90.2131652832031,40.4792165756226,15.5000007152557));
#5465=CARTESIAN_POINT('',(90.2131652832031,40.4792165756226,15.5000007152557));
#5466=CARTESIAN_POINT('',(90.2131652832031,40.4792165756226,15.5000007152557));
#5467=CARTESIAN_POINT('',(90.2131652832031,40.4792165756226,17.0000007152557));
#5468=CARTESIAN_POINT('',(90.2131652832031,40.4792165756226,17.0000007152557));
#5469=CARTESIAN_POINT('',(90.2131652832031,40.4792165756226,15.5000007152557));
#5470=CARTESIAN_POINT('Origin',(76.0131692886353,40.4792165756226,15.5000007152557));
#5471=CARTESIAN_POINT('',(76.0131692886353,40.4792165756226,15.5000007152557));
#5472=CARTESIAN_POINT('',(76.0131692886353,40.4792165756226,17.0000007152557));
#5473=CARTESIAN_POINT('Origin',(-14.5618306709559,101.916971725464,15.5000007152557));
#5474=CARTESIAN_POINT('',(-14.5618306709559,101.916971725464,15.5000007152557));
#5475=CARTESIAN_POINT('',(-14.5618306709559,87.9169661111707,15.5000007152557));
#5476=CARTESIAN_POINT('',(-14.5618306709559,87.9169661111707,15.5000007152557));
#5477=CARTESIAN_POINT('',(-14.5618306709559,87.9169661111707,17.0000007152557));
#5478=CARTESIAN_POINT('',(-14.5618306709559,87.9169661111707,15.5000007152557));
#5479=CARTESIAN_POINT('',(-14.5618306709559,101.916971725464,17.0000007152557));
#5480=CARTESIAN_POINT('',(-14.5618306709559,87.9169661111707,17.0000007152557));
#5481=CARTESIAN_POINT('',(-14.5618306709559,101.916971725464,15.5000007152557));
#5482=CARTESIAN_POINT('Origin',(-28.7618338180812,101.916971725464,15.5000007152557));
#5483=CARTESIAN_POINT('',(-28.7618338180812,101.916971725464,15.5000007152557));
#5484=CARTESIAN_POINT('',(-14.5618306709559,101.916971725464,15.5000007152557));
#5485=CARTESIAN_POINT('',(-28.7618338180812,101.916971725464,17.0000007152557));
#5486=CARTESIAN_POINT('',(-14.5618306709559,101.916971725464,17.0000007152557));
#5487=CARTESIAN_POINT('',(-28.7618338180812,101.916971725464,15.5000007152557));
#5488=CARTESIAN_POINT('Origin',(-28.7618338180812,87.9169661111707,15.5000007152557));
#5489=CARTESIAN_POINT('',(-28.7618338180812,87.9169661111707,15.5000007152557));
#5490=CARTESIAN_POINT('',(-28.7618338180812,101.916971725464,15.5000007152557));
#5491=CARTESIAN_POINT('',(-28.7618338180812,87.9169661111707,17.0000007152557));
#5492=CARTESIAN_POINT('',(-28.7618338180812,101.916971725464,17.0000007152557));
#5493=CARTESIAN_POINT('',(-28.7618338180812,87.9169661111707,15.5000007152557));
#5494=CARTESIAN_POINT('Origin',(-14.5618306709559,87.9169661111707,15.5000007152557));
#5495=CARTESIAN_POINT('',(-28.7618338180812,87.9169661111707,15.5000007152557));
#5496=CARTESIAN_POINT('',(-28.7618338180812,87.9169661111707,17.0000007152557));
#5497=CARTESIAN_POINT('Origin',(28.3881688117981,81.2479686737061,15.5000007152557));
#5498=CARTESIAN_POINT('',(28.3881688117981,81.2479686737061,15.5000007152557));
#5499=CARTESIAN_POINT('',(28.3881688117981,95.247974395752,15.5000007152557));
#5500=CARTESIAN_POINT('',(28.3881688117981,81.2479686737061,15.5000007152557));
#5501=CARTESIAN_POINT('',(28.3881688117981,95.247974395752,17.0000007152557));
#5502=CARTESIAN_POINT('',(28.3881688117981,95.247974395752,15.5000007152557));
#5503=CARTESIAN_POINT('',(28.3881688117981,81.2479686737061,17.0000007152557));
#5504=CARTESIAN_POINT('',(28.3881688117981,81.2479686737061,17.0000007152557));
#5505=CARTESIAN_POINT('',(28.3881688117981,81.2479686737061,15.5000007152557));
#5506=CARTESIAN_POINT('Origin',(42.5881719589233,81.2479686737061,15.5000007152557));
#5507=CARTESIAN_POINT('',(42.5881719589233,81.2479686737061,15.5000007152557));
#5508=CARTESIAN_POINT('',(42.5881719589233,81.2479686737061,15.5000007152557));
#5509=CARTESIAN_POINT('',(42.5881719589233,81.2479686737061,17.0000007152557));
#5510=CARTESIAN_POINT('',(42.5881719589233,81.2479686737061,17.0000007152557));
#5511=CARTESIAN_POINT('',(42.5881719589233,81.2479686737061,15.5000007152557));
#5512=CARTESIAN_POINT('Origin',(42.5881719589233,95.247974395752,15.5000007152557));
#5513=CARTESIAN_POINT('',(42.5881719589233,95.247974395752,15.5000007152557));
#5514=CARTESIAN_POINT('',(42.5881719589233,95.247974395752,15.5000007152557));
#5515=CARTESIAN_POINT('',(42.5881719589233,95.247974395752,17.0000007152557));
#5516=CARTESIAN_POINT('',(42.5881719589233,95.247974395752,17.0000007152557));
#5517=CARTESIAN_POINT('',(42.5881719589233,95.247974395752,15.5000007152557));
#5518=CARTESIAN_POINT('Origin',(28.3881688117981,95.247974395752,15.5000007152557));
#5519=CARTESIAN_POINT('',(28.3881688117981,95.247974395752,15.5000007152557));
#5520=CARTESIAN_POINT('',(28.3881688117981,95.247974395752,17.0000007152557));
#5521=CARTESIAN_POINT('Origin',(47.4381685256958,47.9104709625244,15.5000007152557));
#5522=CARTESIAN_POINT('',(47.4381685256958,47.9104709625244,15.5000007152557));
#5523=CARTESIAN_POINT('',(47.4381685256958,61.9104719161987,15.5000007152557));
#5524=CARTESIAN_POINT('',(47.4381685256958,47.9104709625244,15.5000007152557));
#5525=CARTESIAN_POINT('',(47.4381685256958,61.9104719161987,17.0000007152557));
#5526=CARTESIAN_POINT('',(47.4381685256958,61.9104719161987,15.5000007152557));
#5527=CARTESIAN_POINT('',(47.4381685256958,47.9104709625244,17.0000007152557));
#5528=CARTESIAN_POINT('',(47.4381685256958,47.9104709625244,17.0000007152557));
#5529=CARTESIAN_POINT('',(47.4381685256958,47.9104709625244,15.5000007152557));
#5530=CARTESIAN_POINT('Origin',(61.6381692886353,47.9104709625244,15.5000007152557));
#5531=CARTESIAN_POINT('',(61.6381692886353,47.9104709625244,15.5000007152557));
#5532=CARTESIAN_POINT('',(61.6381692886353,47.9104709625244,15.5000007152557));
#5533=CARTESIAN_POINT('',(61.6381692886353,47.9104709625244,17.0000007152557));
#5534=CARTESIAN_POINT('',(61.6381692886353,47.9104709625244,17.0000007152557));
#5535=CARTESIAN_POINT('',(61.6381692886353,47.9104709625244,15.5000007152557));
#5536=CARTESIAN_POINT('Origin',(61.6381692886353,61.9104719161987,15.5000007152557));
#5537=CARTESIAN_POINT('',(61.6381692886353,61.9104719161987,15.5000007152557));
#5538=CARTESIAN_POINT('',(61.6381692886353,61.9104719161987,15.5000007152557));
#5539=CARTESIAN_POINT('',(61.6381692886353,61.9104719161987,17.0000007152557));
#5540=CARTESIAN_POINT('',(61.6381692886353,61.9104719161987,17.0000007152557));
#5541=CARTESIAN_POINT('',(61.6381692886353,61.9104719161987,15.5000007152557));
#5542=CARTESIAN_POINT('Origin',(47.4381685256958,61.9104719161987,15.5000007152557));
#5543=CARTESIAN_POINT('',(47.4381685256958,61.9104719161987,15.5000007152557));
#5544=CARTESIAN_POINT('',(47.4381685256958,61.9104719161987,17.0000007152557));
#5545=CARTESIAN_POINT('Origin',(66.4881658554077,50.2917194366455,15.5000007152557));
#5546=CARTESIAN_POINT('',(66.4881658554077,50.2917194366455,15.5000007152557));
#5547=CARTESIAN_POINT('',(66.4881658554077,64.2917203903198,15.5000007152557));
#5548=CARTESIAN_POINT('',(66.4881658554077,50.2917194366455,15.5000007152557));
#5549=CARTESIAN_POINT('',(66.4881658554077,64.2917203903198,17.0000007152557));
#5550=CARTESIAN_POINT('',(66.4881658554077,64.2917203903198,15.5000007152557));
#5551=CARTESIAN_POINT('',(66.4881658554077,50.2917194366455,17.0000007152557));
#5552=CARTESIAN_POINT('',(66.4881658554077,50.2917194366455,17.0000007152557));
#5553=CARTESIAN_POINT('',(66.4881658554077,50.2917194366455,15.5000007152557));
#5554=CARTESIAN_POINT('Origin',(80.6881713867188,50.2917194366455,15.5000007152557));
#5555=CARTESIAN_POINT('',(80.6881713867188,50.2917194366455,15.5000007152557));
#5556=CARTESIAN_POINT('',(80.6881713867188,50.2917194366455,15.5000007152557));
#5557=CARTESIAN_POINT('',(80.6881713867188,50.2917194366455,17.0000007152557));
#5558=CARTESIAN_POINT('',(80.6881713867188,50.2917194366455,17.0000007152557));
#5559=CARTESIAN_POINT('',(80.6881713867188,50.2917194366455,15.5000007152557));
#5560=CARTESIAN_POINT('Origin',(80.6881713867188,64.2917203903198,15.5000007152557));
#5561=CARTESIAN_POINT('',(80.6881713867188,64.2917203903198,15.5000007152557));
#5562=CARTESIAN_POINT('',(80.6881713867188,64.2917203903198,15.5000007152557));
#5563=CARTESIAN_POINT('',(80.6881713867188,64.2917203903198,17.0000007152557));
#5564=CARTESIAN_POINT('',(80.6881713867188,64.2917203903198,17.0000007152557));
#5565=CARTESIAN_POINT('',(80.6881713867188,64.2917203903198,15.5000007152557));
#5566=CARTESIAN_POINT('Origin',(66.4881658554077,64.2917203903198,15.5000007152557));
#5567=CARTESIAN_POINT('',(66.4881658554077,64.2917203903198,15.5000007152557));
#5568=CARTESIAN_POINT('',(66.4881658554077,64.2917203903198,17.0000007152557));
#5569=CARTESIAN_POINT('Origin',(47.4381685256958,105.060472488403,15.5000007152557));
#5570=CARTESIAN_POINT('',(47.4381685256958,105.060472488403,15.5000007152557));
#5571=CARTESIAN_POINT('',(47.4381685256958,119.060468673706,15.5000007152557));
#5572=CARTESIAN_POINT('',(47.4381685256958,105.060472488403,15.5000007152557));
#5573=CARTESIAN_POINT('',(47.4381685256958,119.060468673706,17.0000007152557));
#5574=CARTESIAN_POINT('',(47.4381685256958,119.060468673706,15.5000007152557));
#5575=CARTESIAN_POINT('',(47.4381685256958,105.060472488403,17.0000007152557));
#5576=CARTESIAN_POINT('',(47.4381685256958,105.060472488403,17.0000007152557));
#5577=CARTESIAN_POINT('',(47.4381685256958,105.060472488403,15.5000007152557));
#5578=CARTESIAN_POINT('Origin',(61.6381692886353,105.060472488403,15.5000007152557));
#5579=CARTESIAN_POINT('',(61.6381692886353,105.060472488403,15.5000007152557));
#5580=CARTESIAN_POINT('',(61.6381692886353,105.060472488403,15.5000007152557));
#5581=CARTESIAN_POINT('',(61.6381692886353,105.060472488403,17.0000007152557));
#5582=CARTESIAN_POINT('',(61.6381692886353,105.060472488403,17.0000007152557));
#5583=CARTESIAN_POINT('',(61.6381692886353,105.060472488403,15.5000007152557));
#5584=CARTESIAN_POINT('Origin',(61.6381692886353,119.060468673706,15.5000007152557));
#5585=CARTESIAN_POINT('',(61.6381692886353,119.060468673706,15.5000007152557));
#5586=CARTESIAN_POINT('',(61.6381692886353,119.060468673706,15.5000007152557));
#5587=CARTESIAN_POINT('',(61.6381692886353,119.060468673706,17.0000007152557));
#5588=CARTESIAN_POINT('',(61.6381692886353,119.060468673706,17.0000007152557));
#5589=CARTESIAN_POINT('',(61.6381692886353,119.060468673706,15.5000007152557));
#5590=CARTESIAN_POINT('Origin',(47.4381685256958,119.060468673706,15.5000007152557));
#5591=CARTESIAN_POINT('',(47.4381685256958,119.060468673706,15.5000007152557));
#5592=CARTESIAN_POINT('',(47.4381685256958,119.060468673706,17.0000007152557));
#5593=CARTESIAN_POINT('Origin',(85.5381679534912,66.9604730606079,15.5000007152557));
#5594=CARTESIAN_POINT('',(85.5381679534912,66.9604730606079,15.5000007152557));
#5595=CARTESIAN_POINT('',(85.5381679534912,80.9604740142822,15.5000007152557));
#5596=CARTESIAN_POINT('',(85.5381679534912,66.9604730606079,15.5000007152557));
#5597=CARTESIAN_POINT('',(85.5381679534912,80.9604740142822,17.0000007152557));
#5598=CARTESIAN_POINT('',(85.5381679534912,80.9604740142822,15.5000007152557));
#5599=CARTESIAN_POINT('',(85.5381679534912,66.9604730606079,17.0000007152557));
#5600=CARTESIAN_POINT('',(85.5381679534912,66.9604730606079,17.0000007152557));
#5601=CARTESIAN_POINT('',(85.5381679534912,66.9604730606079,15.5000007152557));
#5602=CARTESIAN_POINT('Origin',(99.7381687164307,66.9604730606079,15.5000007152557));
#5603=CARTESIAN_POINT('',(99.7381687164307,66.9604730606079,15.5000007152557));
#5604=CARTESIAN_POINT('',(99.7381687164307,66.9604730606079,15.5000007152557));
#5605=CARTESIAN_POINT('',(99.7381687164307,66.9604730606079,17.0000007152557));
#5606=CARTESIAN_POINT('',(99.7381687164307,66.9604730606079,17.0000007152557));
#5607=CARTESIAN_POINT('',(99.7381687164307,66.9604730606079,15.5000007152557));
#5608=CARTESIAN_POINT('Origin',(99.7381687164307,80.9604740142822,15.5000007152557));
#5609=CARTESIAN_POINT('',(99.7381687164307,80.9604740142822,15.5000007152557));
#5610=CARTESIAN_POINT('',(99.7381687164307,80.9604740142822,15.5000007152557));
#5611=CARTESIAN_POINT('',(99.7381687164307,80.9604740142822,17.0000007152557));
#5612=CARTESIAN_POINT('',(99.7381687164307,80.9604740142822,17.0000007152557));
#5613=CARTESIAN_POINT('',(99.7381687164307,80.9604740142822,15.5000007152557));
#5614=CARTESIAN_POINT('Origin',(85.5381679534912,80.9604740142822,15.5000007152557));
#5615=CARTESIAN_POINT('',(85.5381679534912,80.9604740142822,15.5000007152557));
#5616=CARTESIAN_POINT('',(85.5381679534912,80.9604740142822,17.0000007152557));
#5617=CARTESIAN_POINT('Origin',(9.33816618191885,92.8669717254639,15.5000007152557));
#5618=CARTESIAN_POINT('',(9.33816618191885,92.8669717254639,15.5000007152557));
#5619=CARTESIAN_POINT('',(23.5381693290441,92.8669717254639,15.5000007152557));
#5620=CARTESIAN_POINT('',(23.5381693290441,92.8669717254639,15.5000007152557));
#5621=CARTESIAN_POINT('',(23.5381693290441,92.8669717254639,17.0000007152557));
#5622=CARTESIAN_POINT('',(23.5381693290441,92.8669717254639,15.5000007152557));
#5623=CARTESIAN_POINT('',(9.33816618191885,92.8669717254639,17.0000007152557));
#5624=CARTESIAN_POINT('',(23.5381693290441,92.8669717254639,17.0000007152557));
#5625=CARTESIAN_POINT('',(9.33816618191885,92.8669717254639,15.5000007152557));
#5626=CARTESIAN_POINT('Origin',(9.33816618191885,78.8669661111707,15.5000007152557));
#5627=CARTESIAN_POINT('',(9.33816618191885,78.8669661111707,15.5000007152557));
#5628=CARTESIAN_POINT('',(9.33816618191885,92.8669717254639,15.5000007152557));
#5629=CARTESIAN_POINT('',(9.33816618191885,78.8669661111707,17.0000007152557));
#5630=CARTESIAN_POINT('',(9.33816618191885,92.8669717254639,17.0000007152557));
#5631=CARTESIAN_POINT('',(9.33816618191885,78.8669661111707,15.5000007152557));
#5632=CARTESIAN_POINT('Origin',(23.5381693290441,78.8669661111707,15.5000007152557));
#5633=CARTESIAN_POINT('',(23.5381693290441,78.8669661111707,15.5000007152557));
#5634=CARTESIAN_POINT('',(9.33816618191885,78.8669661111707,15.5000007152557));
#5635=CARTESIAN_POINT('',(23.5381693290441,78.8669661111707,17.0000007152557));
#5636=CARTESIAN_POINT('',(9.33816618191885,78.8669661111707,17.0000007152557));
#5637=CARTESIAN_POINT('',(23.5381693290441,78.8669661111707,15.5000007152557));
#5638=CARTESIAN_POINT('Origin',(23.5381693290441,92.8669717254639,15.5000007152557));
#5639=CARTESIAN_POINT('',(23.5381693290441,78.8669661111707,15.5000007152557));
#5640=CARTESIAN_POINT('',(23.5381693290441,78.8669661111707,17.0000007152557));
#5641=CARTESIAN_POINT('Origin',(28.3881688117981,100.297966003418,15.5000007152557));
#5642=CARTESIAN_POINT('',(28.3881688117981,100.297966003418,15.5000007152557));
#5643=CARTESIAN_POINT('',(28.3881688117981,114.297971725464,15.5000007152557));
#5644=CARTESIAN_POINT('',(28.3881688117981,100.297966003418,15.5000007152557));
#5645=CARTESIAN_POINT('',(28.3881688117981,114.297971725464,17.0000007152557));
#5646=CARTESIAN_POINT('',(28.3881688117981,114.297971725464,15.5000007152557));
#5647=CARTESIAN_POINT('',(28.3881688117981,100.297966003418,17.0000007152557));
#5648=CARTESIAN_POINT('',(28.3881688117981,100.297966003418,17.0000007152557));
#5649=CARTESIAN_POINT('',(28.3881688117981,100.297966003418,15.5000007152557));
#5650=CARTESIAN_POINT('Origin',(42.5881719589233,100.297966003418,15.5000007152557));
#5651=CARTESIAN_POINT('',(42.5881719589233,100.297966003418,15.5000007152557));
#5652=CARTESIAN_POINT('',(42.5881719589233,100.297966003418,15.5000007152557));
#5653=CARTESIAN_POINT('',(42.5881719589233,100.297966003418,17.0000007152557));
#5654=CARTESIAN_POINT('',(42.5881719589233,100.297966003418,17.0000007152557));
#5655=CARTESIAN_POINT('',(42.5881719589233,100.297966003418,15.5000007152557));
#5656=CARTESIAN_POINT('Origin',(42.5881719589233,114.297971725464,15.5000007152557));
#5657=CARTESIAN_POINT('',(42.5881719589233,114.297971725464,15.5000007152557));
#5658=CARTESIAN_POINT('',(42.5881719589233,114.297971725464,15.5000007152557));
#5659=CARTESIAN_POINT('',(42.5881719589233,114.297971725464,17.0000007152557));
#5660=CARTESIAN_POINT('',(42.5881719589233,114.297971725464,17.0000007152557));
#5661=CARTESIAN_POINT('',(42.5881719589233,114.297971725464,15.5000007152557));
#5662=CARTESIAN_POINT('Origin',(28.3881688117981,114.297971725464,15.5000007152557));
#5663=CARTESIAN_POINT('',(28.3881688117981,114.297971725464,15.5000007152557));
#5664=CARTESIAN_POINT('',(28.3881688117981,114.297971725464,17.0000007152557));
#5665=CARTESIAN_POINT('Origin',(85.5381679534912,47.9104709625244,15.5000007152557));
#5666=CARTESIAN_POINT('',(85.5381679534912,47.9104709625244,15.5000007152557));
#5667=CARTESIAN_POINT('',(85.5381679534912,61.9104719161987,15.5000007152557));
#5668=CARTESIAN_POINT('',(85.5381679534912,47.9104709625244,15.5000007152557));
#5669=CARTESIAN_POINT('',(85.5381679534912,61.9104719161987,17.0000007152557));
#5670=CARTESIAN_POINT('',(85.5381679534912,61.9104719161987,15.5000007152557));
#5671=CARTESIAN_POINT('',(85.5381679534912,47.9104709625244,17.0000007152557));
#5672=CARTESIAN_POINT('',(85.5381679534912,47.9104709625244,17.0000007152557));
#5673=CARTESIAN_POINT('',(85.5381679534912,47.9104709625244,15.5000007152557));
#5674=CARTESIAN_POINT('Origin',(99.7381687164307,47.9104709625244,15.5000007152557));
#5675=CARTESIAN_POINT('',(99.7381687164307,47.9104709625244,15.5000007152557));
#5676=CARTESIAN_POINT('',(99.7381687164307,47.9104709625244,15.5000007152557));
#5677=CARTESIAN_POINT('',(99.7381687164307,47.9104709625244,17.0000007152557));
#5678=CARTESIAN_POINT('',(99.7381687164307,47.9104709625244,17.0000007152557));
#5679=CARTESIAN_POINT('',(99.7381687164307,47.9104709625244,15.5000007152557));
#5680=CARTESIAN_POINT('Origin',(99.7381687164307,61.9104719161987,15.5000007152557));
#5681=CARTESIAN_POINT('',(99.7381687164307,61.9104719161987,15.5000007152557));
#5682=CARTESIAN_POINT('',(99.7381687164307,61.9104719161987,15.5000007152557));
#5683=CARTESIAN_POINT('',(99.7381687164307,61.9104719161987,17.0000007152557));
#5684=CARTESIAN_POINT('',(99.7381687164307,61.9104719161987,17.0000007152557));
#5685=CARTESIAN_POINT('',(99.7381687164307,61.9104719161987,15.5000007152557));
#5686=CARTESIAN_POINT('Origin',(85.5381679534912,61.9104719161987,15.5000007152557));
#5687=CARTESIAN_POINT('',(85.5381679534912,61.9104719161987,15.5000007152557));
#5688=CARTESIAN_POINT('',(85.5381679534912,61.9104719161987,17.0000007152557));
#5689=CARTESIAN_POINT('Ctrl Pts',(124.559537064354,121.644552377029,15.5000007152557));
#5690=CARTESIAN_POINT('Ctrl Pts',(124.559537064354,121.644552377029,17.0000007152557));
#5691=CARTESIAN_POINT('Ctrl Pts',(124.532609563316,121.658752082618,15.5000007152557));
#5692=CARTESIAN_POINT('Ctrl Pts',(124.532609563316,121.658752082618,17.0000007152557));
#5693=CARTESIAN_POINT('Ctrl Pts',(124.505696157273,121.672977584409,15.5000007152557));
#5694=CARTESIAN_POINT('Ctrl Pts',(124.505696157273,121.672977584409,17.0000007152557));
#5695=CARTESIAN_POINT('Ctrl Pts',(124.478796245469,121.687227782583,15.5000007152557));
#5696=CARTESIAN_POINT('Ctrl Pts',(124.478796245469,121.687227782583,17.0000007152557));
#5697=CARTESIAN_POINT('Ctrl Pts',(124.451909227145,121.701501577322,15.5000007152557));
#5698=CARTESIAN_POINT('Ctrl Pts',(124.451909227145,121.701501577322,17.0000007152557));
#5699=CARTESIAN_POINT('Ctrl Pts',(124.425034501542,121.715797868806,15.5000007152557));
#5700=CARTESIAN_POINT('Ctrl Pts',(124.425034501542,121.715797868806,17.0000007152557));
#5701=CARTESIAN_POINT('',(124.425034501542,121.715797868807,15.5000007152557));
#5702=CARTESIAN_POINT('',(124.559537064354,121.644552377029,15.5000007152557));
#5703=CARTESIAN_POINT('Ctrl Pts',(124.425034501542,121.715797868807,15.5000007152557));
#5704=CARTESIAN_POINT('Ctrl Pts',(124.451909227144,121.701501577322,15.5000007152557));
#5705=CARTESIAN_POINT('Ctrl Pts',(124.478796245469,121.687227782583,15.5000007152557));
#5706=CARTESIAN_POINT('Ctrl Pts',(124.505696157273,121.672977584409,15.5000007152557));
#5707=CARTESIAN_POINT('Ctrl Pts',(124.532609563316,121.658752082618,15.5000007152557));
#5708=CARTESIAN_POINT('Ctrl Pts',(124.559537064354,121.644552377029,15.5000007152557));
#5709=CARTESIAN_POINT('',(124.425034501542,121.715797868807,17.0000007152557));
#5710=CARTESIAN_POINT('',(124.425034501542,121.715797868807,15.5000007152557));
#5711=CARTESIAN_POINT('',(124.559537064354,121.644552377029,17.0000007152557));
#5712=CARTESIAN_POINT('Ctrl Pts',(124.559537064354,121.644552377029,17.0000007152557));
#5713=CARTESIAN_POINT('Ctrl Pts',(124.532609563316,121.658752082618,17.0000007152557));
#5714=CARTESIAN_POINT('Ctrl Pts',(124.505696157273,121.672977584409,17.0000007152557));
#5715=CARTESIAN_POINT('Ctrl Pts',(124.478796245469,121.687227782583,17.0000007152557));
#5716=CARTESIAN_POINT('Ctrl Pts',(124.451909227145,121.701501577322,17.0000007152557));
#5717=CARTESIAN_POINT('Ctrl Pts',(124.425034501542,121.715797868806,17.0000007152557));
#5718=CARTESIAN_POINT('',(124.559537064354,121.644552377029,15.5000007152557));
#5719=CARTESIAN_POINT('Origin',(124.214059639246,120.99233427998,15.5000007152557));
#5720=CARTESIAN_POINT('',(124.952093705152,120.98534751107,15.5000007152557));
#5721=CARTESIAN_POINT('Origin',(124.214059639246,120.99233427998,15.5000007152557));
#5722=CARTESIAN_POINT('',(124.952093705152,120.98534751107,17.0000007152557));
#5723=CARTESIAN_POINT('Origin',(124.214059639246,120.99233427998,17.0000007152557));
#5724=CARTESIAN_POINT('',(124.952093705152,120.98534751107,15.5000007152557));
#5725=CARTESIAN_POINT('Origin',(124.911594732994,71.5676346897772,15.5000007152557));
#5726=CARTESIAN_POINT('',(124.911594732994,71.5676346897772,15.5000007152557));
#5727=CARTESIAN_POINT('',(124.911594732994,71.5676346897772,15.5000007152557));
#5728=CARTESIAN_POINT('',(124.911594732994,71.5676346897772,17.0000007152557));
#5729=CARTESIAN_POINT('',(124.911594732994,71.5676346897772,17.0000007152557));
#5730=CARTESIAN_POINT('',(124.911594732994,71.5676346897772,15.5000007152557));
#5731=CARTESIAN_POINT('Origin',(140.411709140313,72.6731384068282,15.5000007152557));
#5732=CARTESIAN_POINT('',(131.288992257238,60.0933243470077,15.5000007152557));
#5733=CARTESIAN_POINT('Origin',(140.411709140313,72.6731384068282,15.5000007152557));
#5734=CARTESIAN_POINT('',(131.288992257238,60.0933243470077,17.0000007152557));
#5735=CARTESIAN_POINT('Origin',(140.411709140313,72.6731384068282,17.0000007152557));
#5736=CARTESIAN_POINT('',(131.288992257238,60.0933243470077,15.5000007152557));
#5737=CARTESIAN_POINT('Ctrl Pts',(133.705695098207,58.1877355252673,15.5000007152557));
#5738=CARTESIAN_POINT('Ctrl Pts',(133.705695098207,58.1877355252673,17.0000007152557));
#5739=CARTESIAN_POINT('Ctrl Pts',(133.246786411768,58.5602059137363,15.5000007152557));
#5740=CARTESIAN_POINT('Ctrl Pts',(133.246786411768,58.5602059137363,17.0000007152557));
#5741=CARTESIAN_POINT('Ctrl Pts',(132.857690254507,58.882339298597,15.5000007152557));
#5742=CARTESIAN_POINT('Ctrl Pts',(132.857690254507,58.882339298597,17.0000007152557));
#5743=CARTESIAN_POINT('Ctrl Pts',(132.236647499855,59.3632496090438,15.5000007152558));
#5744=CARTESIAN_POINT('Ctrl Pts',(132.236647499855,59.3632496090438,17.0000007152558));
#5745=CARTESIAN_POINT('Ctrl Pts',(132.104459644847,59.4851687838416,15.5000007152557));
#5746=CARTESIAN_POINT('Ctrl Pts',(132.104459644847,59.4851687838416,17.0000007152556));
#5747=CARTESIAN_POINT('Ctrl Pts',(131.363475601513,60.0380840456737,15.5000007152557));
#5748=CARTESIAN_POINT('Ctrl Pts',(131.363475601513,60.0380840456737,17.0000007152557));
#5749=CARTESIAN_POINT('Ctrl Pts',(131.345280445978,60.051595563953,15.5000007152557));
#5750=CARTESIAN_POINT('Ctrl Pts',(131.345280445978,60.051595563953,17.0000007152557));
#5751=CARTESIAN_POINT('Ctrl Pts',(131.326960399726,60.0652209630291,15.5000007152557));
#5752=CARTESIAN_POINT('Ctrl Pts',(131.326960399726,60.0652209630291,17.0000007152557));
#5753=CARTESIAN_POINT('Ctrl Pts',(131.308143048365,60.0791602633312,15.5000007152557));
#5754=CARTESIAN_POINT('Ctrl Pts',(131.308143048365,60.0791602633312,17.0000007152557));
#5755=CARTESIAN_POINT('Ctrl Pts',(131.288992257238,60.0933243470077,15.5000007152557));
#5756=CARTESIAN_POINT('Ctrl Pts',(131.288992257238,60.0933243470077,17.0000007152557));
#5757=CARTESIAN_POINT('',(133.705695098207,58.1877355252672,15.5000007152557));
#5758=CARTESIAN_POINT('Ctrl Pts',(131.288992257238,60.0933243470077,15.5000007152557));
#5759=CARTESIAN_POINT('Ctrl Pts',(131.308143048365,60.0791602633312,15.5000007152557));
#5760=CARTESIAN_POINT('Ctrl Pts',(131.326960399726,60.0652209630291,15.5000007152557));
#5761=CARTESIAN_POINT('Ctrl Pts',(131.345280445978,60.051595563953,15.5000007152557));
#5762=CARTESIAN_POINT('Ctrl Pts',(131.363475601513,60.0380840456737,15.5000007152557));
#5763=CARTESIAN_POINT('Ctrl Pts',(132.104459644847,59.4851687838416,15.5000007152557));
#5764=CARTESIAN_POINT('Ctrl Pts',(132.236647499855,59.3632496090438,15.5000007152558));
#5765=CARTESIAN_POINT('Ctrl Pts',(132.857690254507,58.882339298597,15.5000007152557));
#5766=CARTESIAN_POINT('Ctrl Pts',(133.246786411768,58.5602059137363,15.5000007152557));
#5767=CARTESIAN_POINT('Ctrl Pts',(133.705695098207,58.1877355252673,15.5000007152557));
#5768=CARTESIAN_POINT('',(133.705695098207,58.1877355252672,17.0000007152557));
#5769=CARTESIAN_POINT('Ctrl Pts',(133.705695098207,58.1877355252673,17.0000007152557));
#5770=CARTESIAN_POINT('Ctrl Pts',(133.246786411768,58.5602059137363,17.0000007152557));
#5771=CARTESIAN_POINT('Ctrl Pts',(132.857690254507,58.882339298597,17.0000007152557));
#5772=CARTESIAN_POINT('Ctrl Pts',(132.236647499855,59.3632496090438,17.0000007152558));
#5773=CARTESIAN_POINT('Ctrl Pts',(132.104459644847,59.4851687838416,17.0000007152556));
#5774=CARTESIAN_POINT('Ctrl Pts',(131.363475601513,60.0380840456737,17.0000007152557));
#5775=CARTESIAN_POINT('Ctrl Pts',(131.345280445978,60.051595563953,17.0000007152557));
#5776=CARTESIAN_POINT('Ctrl Pts',(131.326960399726,60.0652209630291,17.0000007152557));
#5777=CARTESIAN_POINT('Ctrl Pts',(131.308143048365,60.0791602633312,17.0000007152557));
#5778=CARTESIAN_POINT('Ctrl Pts',(131.288992257238,60.0933243470077,17.0000007152557));
#5779=CARTESIAN_POINT('',(133.705695098207,58.1877355252672,15.5000007152557));
#5780=CARTESIAN_POINT('Ctrl Pts',(151.628810075061,46.7976740116191,15.5000007152557));
#5781=CARTESIAN_POINT('Ctrl Pts',(151.628810075061,46.7976740116191,17.0000007152557));
#5782=CARTESIAN_POINT('Ctrl Pts',(151.628524969545,46.7978386455456,15.5000007152557));
#5783=CARTESIAN_POINT('Ctrl Pts',(151.628524969545,46.7978386455456,17.0000007152557));
#5784=CARTESIAN_POINT('Ctrl Pts',(151.628239864794,46.7980032809025,15.5000007152557));
#5785=CARTESIAN_POINT('Ctrl Pts',(151.628239864794,46.7980032809025,17.0000007152557));
#5786=CARTESIAN_POINT('Ctrl Pts',(151.627954760823,46.7981679176806,15.5000007152557));
#5787=CARTESIAN_POINT('Ctrl Pts',(151.627954760823,46.7981679176806,17.0000007152557));
#5788=CARTESIAN_POINT('Ctrl Pts',(151.627669657648,46.7983325558702,15.5000007152557));
#5789=CARTESIAN_POINT('Ctrl Pts',(151.627669657648,46.7983325558702,17.0000007152557));
#5790=CARTESIAN_POINT('Ctrl Pts',(151.623583190397,46.8006923900393,15.5000007152557));
#5791=CARTESIAN_POINT('Ctrl Pts',(151.623583190397,46.8006923900393,17.0000007152557));
#5792=CARTESIAN_POINT('Ctrl Pts',(151.619781968961,46.8028878343156,15.5000007152557));
#5793=CARTESIAN_POINT('Ctrl Pts',(151.619781968961,46.8028878343156,17.0000007152557));
#5794=CARTESIAN_POINT('Ctrl Pts',(151.615980890469,46.8050835271816,15.5000007152557));
#5795=CARTESIAN_POINT('Ctrl Pts',(151.615980890469,46.8050835271816,17.0000007152557));
#5796=CARTESIAN_POINT('Ctrl Pts',(151.612179954412,46.8072794675284,15.5000007152557));
#5797=CARTESIAN_POINT('Ctrl Pts',(151.612179954412,46.8072794675284,17.0000007152557));
#5798=CARTESIAN_POINT('Ctrl Pts',(151.593175981942,46.8182604021734,15.5000007152557));
#5799=CARTESIAN_POINT('Ctrl Pts',(151.593175981942,46.8182604021734,17.0000007152557));
#5800=CARTESIAN_POINT('Ctrl Pts',(151.577975072061,46.8270490929556,15.5000007152557));
#5801=CARTESIAN_POINT('Ctrl Pts',(151.577975072061,46.8270490929556,17.0000007152557));
#5802=CARTESIAN_POINT('Ctrl Pts',(151.562776394343,46.8358416590244,15.5000007152557));
#5803=CARTESIAN_POINT('Ctrl Pts',(151.562776394343,46.8358416590244,17.0000007152557));
#5804=CARTESIAN_POINT('Ctrl Pts',(151.54757991249,46.8446380328109,15.5000007152557));
#5805=CARTESIAN_POINT('Ctrl Pts',(151.54757991249,46.8446380328109,17.0000007152557));
#5806=CARTESIAN_POINT('Ctrl Pts',(151.501996936321,46.8710383800118,15.5000007152557));
#5807=CARTESIAN_POINT('Ctrl Pts',(151.501996936321,46.8710383800118,17.0000007152557));
#5808=CARTESIAN_POINT('Ctrl Pts',(151.471616907431,46.888653575676,15.5000007152557));
#5809=CARTESIAN_POINT('Ctrl Pts',(151.471616907431,46.888653575676,17.0000007152557));
#5810=CARTESIAN_POINT('Ctrl Pts',(151.441245220343,46.9062832127117,15.5000007152557));
#5811=CARTESIAN_POINT('Ctrl Pts',(151.441245220343,46.9062832127117,17.0000007152557));
#5812=CARTESIAN_POINT('Ctrl Pts',(151.41088159187,46.9239267700913,15.5000007152557));
#5813=CARTESIAN_POINT('Ctrl Pts',(151.41088159187,46.9239267700913,17.0000007152557));
#5814=CARTESIAN_POINT('Ctrl Pts',(151.23135742872,47.0283498073697,15.5000007152557));
#5815=CARTESIAN_POINT('Ctrl Pts',(151.23135742872,47.0283498073697,17.0000007152557));
#5816=CARTESIAN_POINT('Ctrl Pts',(151.082374645244,47.115436432057,15.5000007152557));
#5817=CARTESIAN_POINT('Ctrl Pts',(151.082374645244,47.115436432057,17.0000007152557));
#5818=CARTESIAN_POINT('Ctrl Pts',(150.933547487169,47.2027905383953,15.5000007152557));
#5819=CARTESIAN_POINT('Ctrl Pts',(150.933547487169,47.2027905383953,17.0000007152557));
#5820=CARTESIAN_POINT('Ctrl Pts',(150.784846053275,47.2903590639272,15.5000007152557));
#5821=CARTESIAN_POINT('Ctrl Pts',(150.784846053275,47.2903590639272,17.0000007152557));
#5822=CARTESIAN_POINT('Ctrl Pts',(150.438100278695,47.4950617382748,15.5000007152557));
#5823=CARTESIAN_POINT('Ctrl Pts',(150.438100278695,47.4950617382748,17.0000007152557));
#5824=CARTESIAN_POINT('Ctrl Pts',(150.24012697453,47.6123181542364,15.5000007152557));
#5825=CARTESIAN_POINT('Ctrl Pts',(150.24012697453,47.6123181542364,17.0000007152557));
#5826=CARTESIAN_POINT('Ctrl Pts',(150.042268349042,47.7297691908076,15.5000007152557));
#5827=CARTESIAN_POINT('Ctrl Pts',(150.042268349042,47.7297691908076,17.0000007152557));
#5828=CARTESIAN_POINT('Ctrl Pts',(149.844472221428,47.847325844716,15.5000007152558));
#5829=CARTESIAN_POINT('Ctrl Pts',(149.844472221428,47.847325844716,17.0000007152558));
#5830=CARTESIAN_POINT('Ctrl Pts',(149.250828367786,48.2002159114607,15.5000007152557));
#5831=CARTESIAN_POINT('Ctrl Pts',(149.250828367786,48.2002159114607,17.0000007152557));
#5832=CARTESIAN_POINT('Ctrl Pts',(148.854953979297,48.435509396752,15.5000007152557));
#5833=CARTESIAN_POINT('Ctrl Pts',(148.854953979297,48.435509396752,17.0000007152557));
#5834=CARTESIAN_POINT('Ctrl Pts',(148.458892655264,48.670487371523,15.5000007152557));
#5835=CARTESIAN_POINT('Ctrl Pts',(148.458892655264,48.670487371523,17.0000007152557));
#5836=CARTESIAN_POINT('Ctrl Pts',(148.062473805515,48.9048576387452,15.5000007152557));
#5837=CARTESIAN_POINT('Ctrl Pts',(148.062473805515,48.9048576387452,17.0000007152557));
#5838=CARTESIAN_POINT('Ctrl Pts',(146.871416754222,49.6053958611549,15.5000007152557));
#5839=CARTESIAN_POINT('Ctrl Pts',(146.871416754222,49.6053958611549,17.0000007152557));
#5840=CARTESIAN_POINT('Ctrl Pts',(146.07482276929,50.0682058536446,15.5000007152557));
#5841=CARTESIAN_POINT('Ctrl Pts',(146.07482276929,50.0682058536446,17.0000007152557));
#5842=CARTESIAN_POINT('Ctrl Pts',(145.276971429468,50.5288565514512,15.5000007152557));
#5843=CARTESIAN_POINT('Ctrl Pts',(145.276971429468,50.5288565514512,17.0000007152557));
#5844=CARTESIAN_POINT('Ctrl Pts',(144.479089279577,50.9894465269113,15.5000007152557));
#5845=CARTESIAN_POINT('Ctrl Pts',(144.479089279577,50.9894465269113,17.0000007152557));
#5846=CARTESIAN_POINT('Ctrl Pts',(142.221854739624,52.3002000265378,15.5000007152557));
#5847=CARTESIAN_POINT('Ctrl Pts',(142.221854739624,52.3002000265378,17.0000007152557));
#5848=CARTESIAN_POINT('Ctrl Pts',(140.768670484673,53.166004570317,15.5000007152557));
#5849=CARTESIAN_POINT('Ctrl Pts',(140.768670484673,53.166004570317,17.0000007152557));
#5850=CARTESIAN_POINT('Ctrl Pts',(139.334169392149,54.0624006792359,15.5000007152557));
#5851=CARTESIAN_POINT('Ctrl Pts',(139.334169392149,54.0624006792359,17.0000007152557));
#5852=CARTESIAN_POINT('Ctrl Pts',(137.929670732534,55.0023010616875,15.5000007152557));
#5853=CARTESIAN_POINT('Ctrl Pts',(137.929670732534,55.0023010616875,17.0000007152557));
#5854=CARTESIAN_POINT('Ctrl Pts',(136.112742044048,56.3302560165067,15.5000007152557));
#5855=CARTESIAN_POINT('Ctrl Pts',(136.112742044048,56.3302560165067,17.0000007152557));
#5856=CARTESIAN_POINT('Ctrl Pts',(135.662729480229,56.6672662882364,15.5000007152557));
#5857=CARTESIAN_POINT('Ctrl Pts',(135.662729480229,56.6672662882364,17.0000007152557));
#5858=CARTESIAN_POINT('Ctrl Pts',(135.215984341831,57.0083490074198,15.5000007152557));
#5859=CARTESIAN_POINT('Ctrl Pts',(135.215984341831,57.0083490074198,17.0000007152557));
#5860=CARTESIAN_POINT('Ctrl Pts',(134.772034919352,57.352203920716,15.5000007152557));
#5861=CARTESIAN_POINT('Ctrl Pts',(134.772034919352,57.352203920716,17.0000007152557));
#5862=CARTESIAN_POINT('Ctrl Pts',(134.205054093183,57.795551830411,15.5000007152557));
#5863=CARTESIAN_POINT('Ctrl Pts',(134.205054093183,57.795551830411,17.0000007152557));
#5864=CARTESIAN_POINT('Ctrl Pts',(134.02891799801,57.9337421392477,15.5000007152557));
#5865=CARTESIAN_POINT('Ctrl Pts',(134.02891799801,57.9337421392477,17.0000007152557));
#5866=CARTESIAN_POINT('Ctrl Pts',(133.852988167602,58.0719423951899,15.5000007152557));
#5867=CARTESIAN_POINT('Ctrl Pts',(133.852988167602,58.0719423951899,17.0000007152557));
#5868=CARTESIAN_POINT('Ctrl Pts',(133.72825155124,58.1699932924568,15.5000007152557));
#5869=CARTESIAN_POINT('Ctrl Pts',(133.72825155124,58.1699932924568,17.0000007152557));
#5870=CARTESIAN_POINT('Ctrl Pts',(133.705695098207,58.1877355252672,15.5000007152557));
#5871=CARTESIAN_POINT('Ctrl Pts',(133.705695098207,58.1877355252672,17.0000007152557));
#5872=CARTESIAN_POINT('',(151.628810075061,46.7976740116191,15.5000007152557));
#5873=CARTESIAN_POINT('Ctrl Pts',(151.628810075061,46.7976740116191,15.5000007152557));
#5874=CARTESIAN_POINT('Ctrl Pts',(151.628524969545,46.7978386455456,15.5000007152557));
#5875=CARTESIAN_POINT('Ctrl Pts',(151.628239864794,46.7980032809025,15.5000007152557));
#5876=CARTESIAN_POINT('Ctrl Pts',(151.627954760823,46.7981679176806,15.5000007152557));
#5877=CARTESIAN_POINT('Ctrl Pts',(151.627669657648,46.7983325558702,15.5000007152557));
#5878=CARTESIAN_POINT('Ctrl Pts',(151.623583190397,46.8006923900393,15.5000007152557));
#5879=CARTESIAN_POINT('Ctrl Pts',(151.619781968961,46.8028878343156,15.5000007152557));
#5880=CARTESIAN_POINT('Ctrl Pts',(151.615980890469,46.8050835271816,15.5000007152557));
#5881=CARTESIAN_POINT('Ctrl Pts',(151.612179954412,46.8072794675284,15.5000007152557));
#5882=CARTESIAN_POINT('Ctrl Pts',(151.593175981942,46.8182604021734,15.5000007152557));
#5883=CARTESIAN_POINT('Ctrl Pts',(151.577975072061,46.8270490929556,15.5000007152557));
#5884=CARTESIAN_POINT('Ctrl Pts',(151.562776394343,46.8358416590244,15.5000007152557));
#5885=CARTESIAN_POINT('Ctrl Pts',(151.54757991249,46.8446380328109,15.5000007152557));
#5886=CARTESIAN_POINT('Ctrl Pts',(151.501996936321,46.8710383800118,15.5000007152557));
#5887=CARTESIAN_POINT('Ctrl Pts',(151.471616907431,46.888653575676,15.5000007152557));
#5888=CARTESIAN_POINT('Ctrl Pts',(151.441245220343,46.9062832127117,15.5000007152557));
#5889=CARTESIAN_POINT('Ctrl Pts',(151.41088159187,46.9239267700913,15.5000007152557));
#5890=CARTESIAN_POINT('Ctrl Pts',(151.23135742872,47.0283498073697,15.5000007152557));
#5891=CARTESIAN_POINT('Ctrl Pts',(151.082374645244,47.115436432057,15.5000007152557));
#5892=CARTESIAN_POINT('Ctrl Pts',(150.933547487169,47.2027905383953,15.5000007152557));
#5893=CARTESIAN_POINT('Ctrl Pts',(150.784846053275,47.2903590639272,15.5000007152557));
#5894=CARTESIAN_POINT('Ctrl Pts',(150.438100278695,47.4950617382748,15.5000007152557));
#5895=CARTESIAN_POINT('Ctrl Pts',(150.24012697453,47.6123181542364,15.5000007152557));
#5896=CARTESIAN_POINT('Ctrl Pts',(150.042268349042,47.7297691908076,15.5000007152557));
#5897=CARTESIAN_POINT('Ctrl Pts',(149.844472221428,47.847325844716,15.5000007152558));
#5898=CARTESIAN_POINT('Ctrl Pts',(149.250828367786,48.2002159114607,15.5000007152557));
#5899=CARTESIAN_POINT('Ctrl Pts',(148.854953979297,48.435509396752,15.5000007152557));
#5900=CARTESIAN_POINT('Ctrl Pts',(148.458892655264,48.670487371523,15.5000007152557));
#5901=CARTESIAN_POINT('Ctrl Pts',(148.062473805515,48.9048576387452,15.5000007152557));
#5902=CARTESIAN_POINT('Ctrl Pts',(146.871416754222,49.6053958611549,15.5000007152557));
#5903=CARTESIAN_POINT('Ctrl Pts',(146.07482276929,50.0682058536446,15.5000007152557));
#5904=CARTESIAN_POINT('Ctrl Pts',(145.276971429468,50.5288565514512,15.5000007152557));
#5905=CARTESIAN_POINT('Ctrl Pts',(144.479089279577,50.9894465269113,15.5000007152557));
#5906=CARTESIAN_POINT('Ctrl Pts',(142.221854739624,52.3002000265378,15.5000007152557));
#5907=CARTESIAN_POINT('Ctrl Pts',(140.768670484673,53.166004570317,15.5000007152557));
#5908=CARTESIAN_POINT('Ctrl Pts',(139.334169392149,54.0624006792359,15.5000007152557));
#5909=CARTESIAN_POINT('Ctrl Pts',(137.929670732534,55.0023010616875,15.5000007152557));
#5910=CARTESIAN_POINT('Ctrl Pts',(136.112742044048,56.3302560165067,15.5000007152557));
#5911=CARTESIAN_POINT('Ctrl Pts',(135.662729480229,56.6672662882364,15.5000007152557));
#5912=CARTESIAN_POINT('Ctrl Pts',(135.215984341831,57.0083490074198,15.5000007152557));
#5913=CARTESIAN_POINT('Ctrl Pts',(134.772034919352,57.352203920716,15.5000007152557));
#5914=CARTESIAN_POINT('Ctrl Pts',(134.205054093183,57.795551830411,15.5000007152557));
#5915=CARTESIAN_POINT('Ctrl Pts',(134.02891799801,57.9337421392477,15.5000007152557));
#5916=CARTESIAN_POINT('Ctrl Pts',(133.852988167602,58.0719423951899,15.5000007152557));
#5917=CARTESIAN_POINT('Ctrl Pts',(133.72825155124,58.1699932924568,15.5000007152557));
#5918=CARTESIAN_POINT('Ctrl Pts',(133.705695098207,58.1877355252672,15.5000007152557));
#5919=CARTESIAN_POINT('',(151.628810075061,46.7976740116191,17.0000007152557));
#5920=CARTESIAN_POINT('Ctrl Pts',(151.628810075061,46.7976740116191,17.0000007152557));
#5921=CARTESIAN_POINT('Ctrl Pts',(151.628524969545,46.7978386455456,17.0000007152557));
#5922=CARTESIAN_POINT('Ctrl Pts',(151.628239864794,46.7980032809025,17.0000007152557));
#5923=CARTESIAN_POINT('Ctrl Pts',(151.627954760823,46.7981679176806,17.0000007152557));
#5924=CARTESIAN_POINT('Ctrl Pts',(151.627669657648,46.7983325558702,17.0000007152557));
#5925=CARTESIAN_POINT('Ctrl Pts',(151.623583190397,46.8006923900393,17.0000007152557));
#5926=CARTESIAN_POINT('Ctrl Pts',(151.619781968961,46.8028878343156,17.0000007152557));
#5927=CARTESIAN_POINT('Ctrl Pts',(151.615980890469,46.8050835271816,17.0000007152557));
#5928=CARTESIAN_POINT('Ctrl Pts',(151.612179954412,46.8072794675284,17.0000007152557));
#5929=CARTESIAN_POINT('Ctrl Pts',(151.593175981942,46.8182604021734,17.0000007152557));
#5930=CARTESIAN_POINT('Ctrl Pts',(151.577975072061,46.8270490929556,17.0000007152557));
#5931=CARTESIAN_POINT('Ctrl Pts',(151.562776394343,46.8358416590244,17.0000007152557));
#5932=CARTESIAN_POINT('Ctrl Pts',(151.54757991249,46.8446380328109,17.0000007152557));
#5933=CARTESIAN_POINT('Ctrl Pts',(151.501996936321,46.8710383800118,17.0000007152557));
#5934=CARTESIAN_POINT('Ctrl Pts',(151.471616907431,46.888653575676,17.0000007152557));
#5935=CARTESIAN_POINT('Ctrl Pts',(151.441245220343,46.9062832127117,17.0000007152557));
#5936=CARTESIAN_POINT('Ctrl Pts',(151.41088159187,46.9239267700913,17.0000007152557));
#5937=CARTESIAN_POINT('Ctrl Pts',(151.23135742872,47.0283498073697,17.0000007152557));
#5938=CARTESIAN_POINT('Ctrl Pts',(151.082374645244,47.115436432057,17.0000007152557));
#5939=CARTESIAN_POINT('Ctrl Pts',(150.933547487169,47.2027905383953,17.0000007152557));
#5940=CARTESIAN_POINT('Ctrl Pts',(150.784846053275,47.2903590639272,17.0000007152557));
#5941=CARTESIAN_POINT('Ctrl Pts',(150.438100278695,47.4950617382748,17.0000007152557));
#5942=CARTESIAN_POINT('Ctrl Pts',(150.24012697453,47.6123181542364,17.0000007152557));
#5943=CARTESIAN_POINT('Ctrl Pts',(150.042268349042,47.7297691908076,17.0000007152557));
#5944=CARTESIAN_POINT('Ctrl Pts',(149.844472221428,47.847325844716,17.0000007152558));
#5945=CARTESIAN_POINT('Ctrl Pts',(149.250828367786,48.2002159114607,17.0000007152557));
#5946=CARTESIAN_POINT('Ctrl Pts',(148.854953979297,48.435509396752,17.0000007152557));
#5947=CARTESIAN_POINT('Ctrl Pts',(148.458892655264,48.670487371523,17.0000007152557));
#5948=CARTESIAN_POINT('Ctrl Pts',(148.062473805515,48.9048576387452,17.0000007152557));
#5949=CARTESIAN_POINT('Ctrl Pts',(146.871416754222,49.6053958611549,17.0000007152557));
#5950=CARTESIAN_POINT('Ctrl Pts',(146.07482276929,50.0682058536446,17.0000007152557));
#5951=CARTESIAN_POINT('Ctrl Pts',(145.276971429468,50.5288565514512,17.0000007152557));
#5952=CARTESIAN_POINT('Ctrl Pts',(144.479089279577,50.9894465269113,17.0000007152557));
#5953=CARTESIAN_POINT('Ctrl Pts',(142.221854739624,52.3002000265378,17.0000007152557));
#5954=CARTESIAN_POINT('Ctrl Pts',(140.768670484673,53.166004570317,17.0000007152557));
#5955=CARTESIAN_POINT('Ctrl Pts',(139.334169392149,54.0624006792359,17.0000007152557));
#5956=CARTESIAN_POINT('Ctrl Pts',(137.929670732534,55.0023010616875,17.0000007152557));
#5957=CARTESIAN_POINT('Ctrl Pts',(136.112742044048,56.3302560165067,17.0000007152557));
#5958=CARTESIAN_POINT('Ctrl Pts',(135.662729480229,56.6672662882364,17.0000007152557));
#5959=CARTESIAN_POINT('Ctrl Pts',(135.215984341831,57.0083490074198,17.0000007152557));
#5960=CARTESIAN_POINT('Ctrl Pts',(134.772034919352,57.352203920716,17.0000007152557));
#5961=CARTESIAN_POINT('Ctrl Pts',(134.205054093183,57.795551830411,17.0000007152557));
#5962=CARTESIAN_POINT('Ctrl Pts',(134.02891799801,57.9337421392477,17.0000007152557));
#5963=CARTESIAN_POINT('Ctrl Pts',(133.852988167602,58.0719423951899,17.0000007152557));
#5964=CARTESIAN_POINT('Ctrl Pts',(133.72825155124,58.1699932924568,17.0000007152557));
#5965=CARTESIAN_POINT('Ctrl Pts',(133.705695098207,58.1877355252672,17.0000007152557));
#5966=CARTESIAN_POINT('',(151.628810075061,46.7976740116191,15.5000007152557));
#5967=CARTESIAN_POINT('Origin',(151.191776789276,46.0396664759523,15.5000007152557));
#5968=CARTESIAN_POINT('',(152.001296743291,45.7076258744232,15.5000007152557));
#5969=CARTESIAN_POINT('Origin',(151.191776789276,46.0396664759523,15.5000007152557));
#5970=CARTESIAN_POINT('',(152.001296743291,45.7076258744232,17.0000007152557));
#5971=CARTESIAN_POINT('Origin',(151.191776789276,46.0396664759523,17.0000007152557));
#5972=CARTESIAN_POINT('',(152.001296743291,45.7076258744232,15.5000007152557));
#5973=CARTESIAN_POINT('Origin',(127.572622299194,3.39590668678283,15.5000007152557));
#5974=CARTESIAN_POINT('',(127.572622299194,3.39590668678283,15.5000007152557));
#5975=CARTESIAN_POINT('',(127.572622299194,3.39590668678283,15.5000007152557));
#5976=CARTESIAN_POINT('',(127.572622299194,3.39590668678284,17.0000007152557));
#5977=CARTESIAN_POINT('',(127.572622299194,3.39590668678283,17.0000007152557));
#5978=CARTESIAN_POINT('',(127.572622299194,3.39590668678283,15.5000007152557));
#5979=CARTESIAN_POINT('Origin',(126.814851312145,3.83340579207318,15.5000007152557));
#5980=CARTESIAN_POINT('',(126.464823918129,3.03146866275258,15.5000007152557));
#5981=CARTESIAN_POINT('Origin',(126.814851312145,3.83340579207318,15.5000007152557));
#5982=CARTESIAN_POINT('',(126.464823918129,3.03146866275258,17.0000007152557));
#5983=CARTESIAN_POINT('Origin',(126.814851312145,3.83340579207318,17.0000007152557));
#5984=CARTESIAN_POINT('',(126.464823918129,3.03146866275258,15.5000007152557));
#5985=CARTESIAN_POINT('Origin',(72.2854023865744,-86.5418481356474,15.5000007152557));
#5986=CARTESIAN_POINT('',(115.632803781338,8.74609229797524,15.5000007152557));
#5987=CARTESIAN_POINT('Origin',(72.2854023865744,-86.5418481356474,15.5000007152557));
#5988=CARTESIAN_POINT('',(115.632803781338,8.74609229797524,17.0000007152557));
#5989=CARTESIAN_POINT('Origin',(72.2854023865744,-86.5418481356474,17.0000007152557));
#5990=CARTESIAN_POINT('',(115.632803781338,8.74609229797524,15.5000007152557));
#5991=CARTESIAN_POINT('Origin',(81.9977393798692,-66.8208920573563,15.5000007152557));
#5992=CARTESIAN_POINT('',(103.68670608337,12.9993773307151,15.5000007152557));
#5993=CARTESIAN_POINT('Origin',(81.9977393798692,-66.8208920573563,15.5000007152557));
#5994=CARTESIAN_POINT('',(103.68670608337,12.9993773307151,17.0000007152557));
#5995=CARTESIAN_POINT('Origin',(81.9977393798692,-66.8208920573563,17.0000007152557));
#5996=CARTESIAN_POINT('',(103.68670608337,12.9993773307151,15.5000007152557));
#5997=CARTESIAN_POINT('Ctrl Pts',(69.1218519210815,18.9882409572601,15.5000007152557));
#5998=CARTESIAN_POINT('Ctrl Pts',(69.1218519210815,18.9882409572601,17.0000007152557));
#5999=CARTESIAN_POINT('Ctrl Pts',(69.1217858954821,18.9412892345557,15.5000007152557));
#6000=CARTESIAN_POINT('Ctrl Pts',(69.1217858954821,18.9412892345557,17.0000007152557));
#6001=CARTESIAN_POINT('Ctrl Pts',(69.1251668474197,18.8942825056683,15.5000007152557));
#6002=CARTESIAN_POINT('Ctrl Pts',(69.1251668474197,18.8942825056683,17.0000007152557));
#6003=CARTESIAN_POINT('Ctrl Pts',(69.1320421550543,18.8476093531123,15.5000007152558));
#6004=CARTESIAN_POINT('Ctrl Pts',(69.1320421550543,18.8476093531123,17.0000007152558));
#6005=CARTESIAN_POINT('Ctrl Pts',(69.147416870755,18.7797893807239,15.5000007152557));
#6006=CARTESIAN_POINT('Ctrl Pts',(69.147416870755,18.7797893807239,17.0000007152557));
#6007=CARTESIAN_POINT('Ctrl Pts',(69.1706098877182,18.7143889783426,15.5000007152558));
#6008=CARTESIAN_POINT('Ctrl Pts',(69.1706098877182,18.7143889783426,17.0000007152558));
#6009=CARTESIAN_POINT('Ctrl Pts',(69.1788898906929,18.693595209238,15.5000007152557));
#6010=CARTESIAN_POINT('Ctrl Pts',(69.1788898906929,18.693595209238,17.0000007152557));
#6011=CARTESIAN_POINT('Ctrl Pts',(69.1968673208679,18.653049406345,15.5000007152558));
#6012=CARTESIAN_POINT('Ctrl Pts',(69.1968673208679,18.653049406345,17.0000007152558));
#6013=CARTESIAN_POINT('Ctrl Pts',(69.217901252693,18.6140038685122,15.5000007152558));
#6014=CARTESIAN_POINT('Ctrl Pts',(69.217901252693,18.6140038685122,17.0000007152558));
#6015=CARTESIAN_POINT('Ctrl Pts',(69.2290527880503,18.5950617710618,15.5000007152558));
#6016=CARTESIAN_POINT('Ctrl Pts',(69.2290527880503,18.5950617710618,17.0000007152558));
#6017=CARTESIAN_POINT('Ctrl Pts',(69.2526732077279,18.5582146833523,15.5000007152558));
#6018=CARTESIAN_POINT('Ctrl Pts',(69.2526732077279,18.5582146833523,17.0000007152558));
#6019=CARTESIAN_POINT('Ctrl Pts',(69.279017931009,18.5232647109712,15.5000007152558));
#6020=CARTESIAN_POINT('Ctrl Pts',(69.279017931009,18.5232647109712,17.0000007152558));
#6021=CARTESIAN_POINT('Ctrl Pts',(69.292782183863,18.5063629936153,15.5000007152558));
#6022=CARTESIAN_POINT('Ctrl Pts',(69.292782183863,18.5063629936153,17.0000007152558));
#6023=CARTESIAN_POINT('Ctrl Pts',(69.3215478990337,18.4736196102803,15.5000007152558));
#6024=CARTESIAN_POINT('Ctrl Pts',(69.3215478990337,18.4736196102803,17.0000007152558));
#6025=CARTESIAN_POINT('Ctrl Pts',(69.3526732969164,18.4431171737804,15.5000007152558));
#6026=CARTESIAN_POINT('Ctrl Pts',(69.3526732969164,18.4431171737804,17.0000007152558));
#6027=CARTESIAN_POINT('Ctrl Pts',(69.3687925284361,18.4284468572835,15.5000007152558));
#6028=CARTESIAN_POINT('Ctrl Pts',(69.3687925284361,18.4284468572835,17.0000007152558));
#6029=CARTESIAN_POINT('Ctrl Pts',(69.4021962754533,18.400208823216,15.5000007152558));
#6030=CARTESIAN_POINT('Ctrl Pts',(69.4021962754533,18.400208823216,17.0000007152558));
#6031=CARTESIAN_POINT('Ctrl Pts',(69.4375704092558,18.3744801467489,15.5000007152558));
#6032=CARTESIAN_POINT('Ctrl Pts',(69.4375704092558,18.3744801467489,17.0000007152558));
#6033=CARTESIAN_POINT('Ctrl Pts',(69.455781787478,18.3622205788667,15.5000007152558));
#6034=CARTESIAN_POINT('Ctrl Pts',(69.455781787478,18.3622205788667,17.0000007152558));
#6035=CARTESIAN_POINT('Ctrl Pts',(69.4933100100831,18.3388832960483,15.5000007152558));
#6036=CARTESIAN_POINT('Ctrl Pts',(69.4933100100831,18.3388832960483,17.0000007152558));
#6037=CARTESIAN_POINT('Ctrl Pts',(69.5324203773829,18.3183403346239,15.5000007152558));
#6038=CARTESIAN_POINT('Ctrl Pts',(69.5324203773829,18.3183403346239,17.0000007152558));
#6039=CARTESIAN_POINT('Ctrl Pts',(69.5524701887314,18.3087029601609,15.5000007152558));
#6040=CARTESIAN_POINT('Ctrl Pts',(69.5524701887314,18.3087029601609,17.0000007152558));
#6041=CARTESIAN_POINT('Ctrl Pts',(69.5882241576553,18.2930170994721,15.5000007152558));
#6042=CARTESIAN_POINT('Ctrl Pts',(69.5882241576553,18.2930170994721,17.0000007152558));
#6043=CARTESIAN_POINT('Ctrl Pts',(69.6248536790719,18.2794720271396,15.5000007152557));
#6044=CARTESIAN_POINT('Ctrl Pts',(69.6248536790719,18.2794720271396,17.0000007152557));
#6045=CARTESIAN_POINT('Ctrl Pts',(69.6407676365959,18.2741034949673,15.5000007152558));
#6046=CARTESIAN_POINT('Ctrl Pts',(69.6407676365959,18.2741034949673,17.0000007152558));
#6047=CARTESIAN_POINT('Ctrl Pts',(69.6736758787296,18.2641726212175,15.5000007152557));
#6048=CARTESIAN_POINT('Ctrl Pts',(69.6736758787296,18.2641726212175,17.0000007152557));
#6049=CARTESIAN_POINT('Ctrl Pts',(69.7071919448813,18.2566878260931,15.5000007152558));
#6050=CARTESIAN_POINT('Ctrl Pts',(69.7071919448813,18.2566878260931,17.0000007152558));
#6051=CARTESIAN_POINT('Ctrl Pts',(69.7244534921112,18.2532885945001,15.5000007152557));
#6052=CARTESIAN_POINT('Ctrl Pts',(69.7244534921112,18.2532885945001,17.0000007152557));
#6053=CARTESIAN_POINT('Ctrl Pts',(70.2498478652146,18.1569073379958,15.5000007152558));
#6054=CARTESIAN_POINT('Ctrl Pts',(70.2498478652146,18.1569073379958,17.0000007152558));
#6055=CARTESIAN_POINT('Ctrl Pts',(70.776820176339,18.0731260027016,15.5000007152557));
#6056=CARTESIAN_POINT('Ctrl Pts',(70.776820176339,18.0731260027016,17.0000007152557));
#6057=CARTESIAN_POINT('Ctrl Pts',(71.287400713494,17.9997837724171,15.5000007152558));
#6058=CARTESIAN_POINT('Ctrl Pts',(71.287400713494,17.9997837724171,17.0000007152558));
#6059=CARTESIAN_POINT('Ctrl Pts',(72.7770606927271,17.7964151434531,15.5000007152557));
#6060=CARTESIAN_POINT('Ctrl Pts',(72.7770606927271,17.7964151434531,17.0000007152557));
#6061=CARTESIAN_POINT('Ctrl Pts',(74.2665228505288,17.5885217237052,15.5000007152558));
#6062=CARTESIAN_POINT('Ctrl Pts',(74.2665228505288,17.5885217237052,17.0000007152558));
#6063=CARTESIAN_POINT('Ctrl Pts',(75.2452550200666,17.4532826631496,15.5000007152557));
#6064=CARTESIAN_POINT('Ctrl Pts',(75.2452550200666,17.4532826631496,17.0000007152557));
#6065=CARTESIAN_POINT('Ctrl Pts',(77.2025444873323,17.1922241319938,15.5000007152557));
#6066=CARTESIAN_POINT('Ctrl Pts',(77.2025444873323,17.1922241319938,17.0000007152557));
#6067=CARTESIAN_POINT('Ctrl Pts',(79.1636200685438,16.9627323058496,15.5000007152558));
#6068=CARTESIAN_POINT('Ctrl Pts',(79.1636200685438,16.9627323058496,17.0000007152558));
#6069=CARTESIAN_POINT('Ctrl Pts',(80.1440582324682,16.8530312933651,15.5000007152557));
#6070=CARTESIAN_POINT('Ctrl Pts',(80.1440582324682,16.8530312933651,17.0000007152557));
#6071=CARTESIAN_POINT('Ctrl Pts',(81.9509179577129,16.6546836060402,15.5000007152557));
#6072=CARTESIAN_POINT('Ctrl Pts',(81.9509179577129,16.6546836060402,17.0000007152557));
#6073=CARTESIAN_POINT('Ctrl Pts',(83.7573954839883,16.4533846280061,15.5000007152557));
#6074=CARTESIAN_POINT('Ctrl Pts',(83.7573954839883,16.4533846280061,17.0000007152557));
#6075=CARTESIAN_POINT('Ctrl Pts',(84.5832471365546,16.3600277944591,15.5000007152557));
#6076=CARTESIAN_POINT('Ctrl Pts',(84.5832471365546,16.3600277944591,17.0000007152557));
#6077=CARTESIAN_POINT('Ctrl Pts',(86.2519139483532,16.1672817950726,15.5000007152557));
#6078=CARTESIAN_POINT('Ctrl Pts',(86.2519139483532,16.1672817950726,17.0000007152557));
#6079=CARTESIAN_POINT('Ctrl Pts',(87.9193323610156,15.9634811991993,15.5000007152557));
#6080=CARTESIAN_POINT('Ctrl Pts',(87.9193323610156,15.9634811991993,17.0000007152557));
#6081=CARTESIAN_POINT('Ctrl Pts',(88.7612804655848,15.8567620941185,15.5000007152557));
#6082=CARTESIAN_POINT('Ctrl Pts',(88.7612804655848,15.8567620941185,17.0000007152557));
#6083=CARTESIAN_POINT('Ctrl Pts',(90.4659163806816,15.6310390636927,15.5000007152557));
#6084=CARTESIAN_POINT('Ctrl Pts',(90.4659163806816,15.6310390636927,17.0000007152557));
#6085=CARTESIAN_POINT('Ctrl Pts',(92.1674207035332,15.3822412904767,15.5000007152557));
#6086=CARTESIAN_POINT('Ctrl Pts',(92.1674207035332,15.3822412904767,17.0000007152557));
#6087=CARTESIAN_POINT('Ctrl Pts',(93.0281482229832,15.2495936719837,15.5000007152557));
#6088=CARTESIAN_POINT('Ctrl Pts',(93.0281482229832,15.2495936719837,17.0000007152557));
#6089=CARTESIAN_POINT('Ctrl Pts',(94.7745409116047,14.9651080437364,15.5000007152557));
#6090=CARTESIAN_POINT('Ctrl Pts',(94.7745409116047,14.9651080437364,17.0000007152557));
#6091=CARTESIAN_POINT('Ctrl Pts',(96.5153159085656,14.6471865797696,15.5000007152557));
#6092=CARTESIAN_POINT('Ctrl Pts',(96.5153159085656,14.6471865797696,17.0000007152557));
#6093=CARTESIAN_POINT('Ctrl Pts',(97.3975830254132,14.4765422692308,15.5000007152557));
#6094=CARTESIAN_POINT('Ctrl Pts',(97.3975830254132,14.4765422692308,17.0000007152557));
#6095=CARTESIAN_POINT('Ctrl Pts',(99.1918271877947,14.1087929974755,15.5000007152557));
#6096=CARTESIAN_POINT('Ctrl Pts',(99.1918271877947,14.1087929974755,17.0000007152557));
#6097=CARTESIAN_POINT('Ctrl Pts',(100.976667033123,13.6980233615795,15.5000007152557));
#6098=CARTESIAN_POINT('Ctrl Pts',(100.976667033123,13.6980233615795,17.0000007152557));
#6099=CARTESIAN_POINT('Ctrl Pts',(101.883119833829,13.4772244343644,15.5000007152557));
#6100=CARTESIAN_POINT('Ctrl Pts',(101.883119833829,13.4772244343644,17.0000007152557));
#6101=CARTESIAN_POINT('Ctrl Pts',(102.786561361215,13.2444738901896,15.5000007152557));
#6102=CARTESIAN_POINT('Ctrl Pts',(102.786561361215,13.2444738901896,17.0000007152557));
#6103=CARTESIAN_POINT('Ctrl Pts',(103.68670608337,12.9993773307151,15.5000007152557));
#6104=CARTESIAN_POINT('Ctrl Pts',(103.68670608337,12.9993773307151,17.0000007152557));
#6105=CARTESIAN_POINT('',(69.1218519210815,18.9882409572601,15.5000007152557));
#6106=CARTESIAN_POINT('Ctrl Pts',(103.68670608337,12.9993773307151,15.5000007152557));
#6107=CARTESIAN_POINT('Ctrl Pts',(102.786561361215,13.2444738901896,15.5000007152557));
#6108=CARTESIAN_POINT('Ctrl Pts',(101.883119833829,13.4772244343644,15.5000007152557));
#6109=CARTESIAN_POINT('Ctrl Pts',(100.976667033123,13.6980233615795,15.5000007152557));
#6110=CARTESIAN_POINT('Ctrl Pts',(99.1918271877947,14.1087929974755,15.5000007152557));
#6111=CARTESIAN_POINT('Ctrl Pts',(97.3975830254132,14.4765422692308,15.5000007152557));
#6112=CARTESIAN_POINT('Ctrl Pts',(96.5153159085656,14.6471865797696,15.5000007152557));
#6113=CARTESIAN_POINT('Ctrl Pts',(94.7745409116047,14.9651080437364,15.5000007152557));
#6114=CARTESIAN_POINT('Ctrl Pts',(93.0281482229832,15.2495936719837,15.5000007152557));
#6115=CARTESIAN_POINT('Ctrl Pts',(92.1674207035332,15.3822412904767,15.5000007152557));
#6116=CARTESIAN_POINT('Ctrl Pts',(90.4659163806816,15.6310390636927,15.5000007152557));
#6117=CARTESIAN_POINT('Ctrl Pts',(88.7612804655848,15.8567620941185,15.5000007152557));
#6118=CARTESIAN_POINT('Ctrl Pts',(87.9193323610156,15.9634811991993,15.5000007152557));
#6119=CARTESIAN_POINT('Ctrl Pts',(86.2519139483532,16.1672817950726,15.5000007152557));
#6120=CARTESIAN_POINT('Ctrl Pts',(84.5832471365546,16.3600277944591,15.5000007152557));
#6121=CARTESIAN_POINT('Ctrl Pts',(83.7573954839883,16.4533846280061,15.5000007152557));
#6122=CARTESIAN_POINT('Ctrl Pts',(81.9509179577129,16.6546836060402,15.5000007152557));
#6123=CARTESIAN_POINT('Ctrl Pts',(80.1440582324682,16.8530312933651,15.5000007152557));
#6124=CARTESIAN_POINT('Ctrl Pts',(79.1636200685438,16.9627323058496,15.5000007152558));
#6125=CARTESIAN_POINT('Ctrl Pts',(77.2025444873323,17.1922241319938,15.5000007152557));
#6126=CARTESIAN_POINT('Ctrl Pts',(75.2452550200666,17.4532826631496,15.5000007152557));
#6127=CARTESIAN_POINT('Ctrl Pts',(74.2665228505288,17.5885217237052,15.5000007152558));
#6128=CARTESIAN_POINT('Ctrl Pts',(72.7770606927271,17.7964151434531,15.5000007152557));
#6129=CARTESIAN_POINT('Ctrl Pts',(71.287400713494,17.9997837724171,15.5000007152558));
#6130=CARTESIAN_POINT('Ctrl Pts',(70.776820176339,18.0731260027016,15.5000007152557));
#6131=CARTESIAN_POINT('Ctrl Pts',(70.2498478652146,18.1569073379958,15.5000007152558));
#6132=CARTESIAN_POINT('Ctrl Pts',(69.7244534921112,18.2532885945001,15.5000007152557));
#6133=CARTESIAN_POINT('Ctrl Pts',(69.7071919448813,18.2566878260931,15.5000007152558));
#6134=CARTESIAN_POINT('Ctrl Pts',(69.6736758787296,18.2641726212175,15.5000007152557));
#6135=CARTESIAN_POINT('Ctrl Pts',(69.6407676365959,18.2741034949673,15.5000007152558));
#6136=CARTESIAN_POINT('Ctrl Pts',(69.6248536790719,18.2794720271396,15.5000007152557));
#6137=CARTESIAN_POINT('Ctrl Pts',(69.5882241576553,18.2930170994721,15.5000007152558));
#6138=CARTESIAN_POINT('Ctrl Pts',(69.5524701887314,18.3087029601609,15.5000007152558));
#6139=CARTESIAN_POINT('Ctrl Pts',(69.5324203773829,18.3183403346239,15.5000007152558));
#6140=CARTESIAN_POINT('Ctrl Pts',(69.4933100100831,18.3388832960483,15.5000007152558));
#6141=CARTESIAN_POINT('Ctrl Pts',(69.455781787478,18.3622205788667,15.5000007152558));
#6142=CARTESIAN_POINT('Ctrl Pts',(69.4375704092558,18.3744801467489,15.5000007152558));
#6143=CARTESIAN_POINT('Ctrl Pts',(69.4021962754533,18.400208823216,15.5000007152558));
#6144=CARTESIAN_POINT('Ctrl Pts',(69.3687925284361,18.4284468572835,15.5000007152558));
#6145=CARTESIAN_POINT('Ctrl Pts',(69.3526732969164,18.4431171737804,15.5000007152558));
#6146=CARTESIAN_POINT('Ctrl Pts',(69.3215478990337,18.4736196102803,15.5000007152558));
#6147=CARTESIAN_POINT('Ctrl Pts',(69.292782183863,18.5063629936153,15.5000007152558));
#6148=CARTESIAN_POINT('Ctrl Pts',(69.279017931009,18.5232647109712,15.5000007152558));
#6149=CARTESIAN_POINT('Ctrl Pts',(69.2526732077279,18.5582146833523,15.5000007152558));
#6150=CARTESIAN_POINT('Ctrl Pts',(69.2290527880503,18.5950617710618,15.5000007152558));
#6151=CARTESIAN_POINT('Ctrl Pts',(69.217901252693,18.6140038685122,15.5000007152558));
#6152=CARTESIAN_POINT('Ctrl Pts',(69.1968673208679,18.653049406345,15.5000007152558));
#6153=CARTESIAN_POINT('Ctrl Pts',(69.1788898906929,18.693595209238,15.5000007152557));
#6154=CARTESIAN_POINT('Ctrl Pts',(69.1706098877182,18.7143889783426,15.5000007152558));
#6155=CARTESIAN_POINT('Ctrl Pts',(69.147416870755,18.7797893807239,15.5000007152557));
#6156=CARTESIAN_POINT('Ctrl Pts',(69.1320421550543,18.8476093531123,15.5000007152558));
#6157=CARTESIAN_POINT('Ctrl Pts',(69.1251668474197,18.8942825056683,15.5000007152557));
#6158=CARTESIAN_POINT('Ctrl Pts',(69.1217858954821,18.9412892345557,15.5000007152557));
#6159=CARTESIAN_POINT('Ctrl Pts',(69.1218519210815,18.9882409572601,15.5000007152557));
#6160=CARTESIAN_POINT('',(69.1218519210815,18.9882409572601,17.0000007152557));
#6161=CARTESIAN_POINT('Ctrl Pts',(69.1218519210815,18.9882409572601,17.0000007152557));
#6162=CARTESIAN_POINT('Ctrl Pts',(69.1217858954821,18.9412892345557,17.0000007152557));
#6163=CARTESIAN_POINT('Ctrl Pts',(69.1251668474197,18.8942825056683,17.0000007152557));
#6164=CARTESIAN_POINT('Ctrl Pts',(69.1320421550543,18.8476093531123,17.0000007152558));
#6165=CARTESIAN_POINT('Ctrl Pts',(69.147416870755,18.7797893807239,17.0000007152557));
#6166=CARTESIAN_POINT('Ctrl Pts',(69.1706098877182,18.7143889783426,17.0000007152558));
#6167=CARTESIAN_POINT('Ctrl Pts',(69.1788898906929,18.693595209238,17.0000007152557));
#6168=CARTESIAN_POINT('Ctrl Pts',(69.1968673208679,18.653049406345,17.0000007152558));
#6169=CARTESIAN_POINT('Ctrl Pts',(69.217901252693,18.6140038685122,17.0000007152558));
#6170=CARTESIAN_POINT('Ctrl Pts',(69.2290527880503,18.5950617710618,17.0000007152558));
#6171=CARTESIAN_POINT('Ctrl Pts',(69.2526732077279,18.5582146833523,17.0000007152558));
#6172=CARTESIAN_POINT('Ctrl Pts',(69.279017931009,18.5232647109712,17.0000007152558));
#6173=CARTESIAN_POINT('Ctrl Pts',(69.292782183863,18.5063629936153,17.0000007152558));
#6174=CARTESIAN_POINT('Ctrl Pts',(69.3215478990337,18.4736196102803,17.0000007152558));
#6175=CARTESIAN_POINT('Ctrl Pts',(69.3526732969164,18.4431171737804,17.0000007152558));
#6176=CARTESIAN_POINT('Ctrl Pts',(69.3687925284361,18.4284468572835,17.0000007152558));
#6177=CARTESIAN_POINT('Ctrl Pts',(69.4021962754533,18.400208823216,17.0000007152558));
#6178=CARTESIAN_POINT('Ctrl Pts',(69.4375704092558,18.3744801467489,17.0000007152558));
#6179=CARTESIAN_POINT('Ctrl Pts',(69.455781787478,18.3622205788667,17.0000007152558));
#6180=CARTESIAN_POINT('Ctrl Pts',(69.4933100100831,18.3388832960483,17.0000007152558));
#6181=CARTESIAN_POINT('Ctrl Pts',(69.5324203773829,18.3183403346239,17.0000007152558));
#6182=CARTESIAN_POINT('Ctrl Pts',(69.5524701887314,18.3087029601609,17.0000007152558));
#6183=CARTESIAN_POINT('Ctrl Pts',(69.5882241576553,18.2930170994721,17.0000007152558));
#6184=CARTESIAN_POINT('Ctrl Pts',(69.6248536790719,18.2794720271396,17.0000007152557));
#6185=CARTESIAN_POINT('Ctrl Pts',(69.6407676365959,18.2741034949673,17.0000007152558));
#6186=CARTESIAN_POINT('Ctrl Pts',(69.6736758787296,18.2641726212175,17.0000007152557));
#6187=CARTESIAN_POINT('Ctrl Pts',(69.7071919448813,18.2566878260931,17.0000007152558));
#6188=CARTESIAN_POINT('Ctrl Pts',(69.7244534921112,18.2532885945001,17.0000007152557));
#6189=CARTESIAN_POINT('Ctrl Pts',(70.2498478652146,18.1569073379958,17.0000007152558));
#6190=CARTESIAN_POINT('Ctrl Pts',(70.776820176339,18.0731260027016,17.0000007152557));
#6191=CARTESIAN_POINT('Ctrl Pts',(71.287400713494,17.9997837724171,17.0000007152558));
#6192=CARTESIAN_POINT('Ctrl Pts',(72.7770606927271,17.7964151434531,17.0000007152557));
#6193=CARTESIAN_POINT('Ctrl Pts',(74.2665228505288,17.5885217237052,17.0000007152558));
#6194=CARTESIAN_POINT('Ctrl Pts',(75.2452550200666,17.4532826631496,17.0000007152557));
#6195=CARTESIAN_POINT('Ctrl Pts',(77.2025444873323,17.1922241319938,17.0000007152557));
#6196=CARTESIAN_POINT('Ctrl Pts',(79.1636200685438,16.9627323058496,17.0000007152558));
#6197=CARTESIAN_POINT('Ctrl Pts',(80.1440582324682,16.8530312933651,17.0000007152557));
#6198=CARTESIAN_POINT('Ctrl Pts',(81.9509179577129,16.6546836060402,17.0000007152557));
#6199=CARTESIAN_POINT('Ctrl Pts',(83.7573954839883,16.4533846280061,17.0000007152557));
#6200=CARTESIAN_POINT('Ctrl Pts',(84.5832471365546,16.3600277944591,17.0000007152557));
#6201=CARTESIAN_POINT('Ctrl Pts',(86.2519139483532,16.1672817950726,17.0000007152557));
#6202=CARTESIAN_POINT('Ctrl Pts',(87.9193323610156,15.9634811991993,17.0000007152557));
#6203=CARTESIAN_POINT('Ctrl Pts',(88.7612804655848,15.8567620941185,17.0000007152557));
#6204=CARTESIAN_POINT('Ctrl Pts',(90.4659163806816,15.6310390636927,17.0000007152557));
#6205=CARTESIAN_POINT('Ctrl Pts',(92.1674207035332,15.3822412904767,17.0000007152557));
#6206=CARTESIAN_POINT('Ctrl Pts',(93.0281482229832,15.2495936719837,17.0000007152557));
#6207=CARTESIAN_POINT('Ctrl Pts',(94.7745409116047,14.9651080437364,17.0000007152557));
#6208=CARTESIAN_POINT('Ctrl Pts',(96.5153159085656,14.6471865797696,17.0000007152557));
#6209=CARTESIAN_POINT('Ctrl Pts',(97.3975830254132,14.4765422692308,17.0000007152557));
#6210=CARTESIAN_POINT('Ctrl Pts',(99.1918271877947,14.1087929974755,17.0000007152557));
#6211=CARTESIAN_POINT('Ctrl Pts',(100.976667033123,13.6980233615795,17.0000007152557));
#6212=CARTESIAN_POINT('Ctrl Pts',(101.883119833829,13.4772244343644,17.0000007152557));
#6213=CARTESIAN_POINT('Ctrl Pts',(102.786561361215,13.2444738901896,17.0000007152557));
#6214=CARTESIAN_POINT('Ctrl Pts',(103.68670608337,12.9993773307151,17.0000007152557));
#6215=CARTESIAN_POINT('',(69.1218519210815,18.9882409572601,15.5000007152557));
#6216=CARTESIAN_POINT('Origin',(69.1218519210815,26.3321573478302,15.5000007152557));
#6217=CARTESIAN_POINT('',(69.1218519210815,26.3321573478302,15.5000007152557));
#6218=CARTESIAN_POINT('',(69.1218519210815,31.6189646720886,15.5000007152557));
#6219=CARTESIAN_POINT('',(69.1218519210815,26.3321573478302,17.0000007152557));
#6220=CARTESIAN_POINT('',(69.1218519210815,31.6189646720886,17.0000007152557));
#6221=CARTESIAN_POINT('',(69.1218519210815,26.3321573478302,15.5000007152557));
#6222=CARTESIAN_POINT('Origin',(59.1218519210813,26.3321573478302,15.5000007152557));
#6223=CARTESIAN_POINT('',(57.4322137699731,36.1883798959631,15.5000007152557));
#6224=CARTESIAN_POINT('Origin',(59.1218519210813,26.3321573478302,15.5000007152557));
#6225=CARTESIAN_POINT('',(57.4322137699731,36.1883798959631,17.0000007152557));
#6226=CARTESIAN_POINT('Origin',(59.1218519210813,26.3321573478302,17.0000007152557));
#6227=CARTESIAN_POINT('',(57.4322137699731,36.1883798959631,15.5000007152557));
#6228=CARTESIAN_POINT('Origin',(20.1956327301264,29.804966003418,15.5000007152557));
#6229=CARTESIAN_POINT('',(20.1956327301264,29.804966003418,15.5000007152557));
#6230=CARTESIAN_POINT('',(20.1956327301264,29.804966003418,15.5000007152557));
#6231=CARTESIAN_POINT('',(20.1956327301265,29.804966003418,17.0000007152557));
#6232=CARTESIAN_POINT('',(20.1956327301264,29.804966003418,17.0000007152557));
#6233=CARTESIAN_POINT('',(20.1956327301264,29.804966003418,15.5000007152557));
#6234=CARTESIAN_POINT('Origin',(-13.91183144284,29.804966003418,15.5000007152557));
#6235=CARTESIAN_POINT('',(-13.91183144284,29.804966003418,15.5000007152557));
#6236=CARTESIAN_POINT('',(-13.91183144284,29.804966003418,15.5000007152557));
#6237=CARTESIAN_POINT('',(-13.91183144284,29.804966003418,17.0000007152557));
#6238=CARTESIAN_POINT('',(-13.91183144284,29.804966003418,17.0000007152557));
#6239=CARTESIAN_POINT('',(-13.91183144284,29.804966003418,15.5000007152557));
#6240=CARTESIAN_POINT('Origin',(-13.91183144284,31.804966003418,15.5000007152557));
#6241=CARTESIAN_POINT('',(-15.91183144284,31.804966003418,15.5000007152557));
#6242=CARTESIAN_POINT('Origin',(-13.91183144284,31.804966003418,15.5000007152557));
#6243=CARTESIAN_POINT('',(-15.91183144284,31.804966003418,17.0000007152557));
#6244=CARTESIAN_POINT('Origin',(-13.91183144284,31.804966003418,17.0000007152557));
#6245=CARTESIAN_POINT('',(-15.91183144284,31.804966003418,15.5000007152557));
#6246=CARTESIAN_POINT('Origin',(-15.91183144284,62.2526309440413,15.5000007152557));
#6247=CARTESIAN_POINT('',(-15.91183144284,62.2526309440413,15.5000007152557));
#6248=CARTESIAN_POINT('',(-15.91183144284,110.570193515743,15.5000007152557));
#6249=CARTESIAN_POINT('',(-15.91183144284,62.2526309440413,17.0000007152557));
#6250=CARTESIAN_POINT('',(-15.91183144284,110.570193515743,17.0000007152557));
#6251=CARTESIAN_POINT('',(-15.91183144284,62.2526309440413,15.5000007152557));
#6252=CARTESIAN_POINT('Origin',(-32.5539502144493,58.7857425202775,15.5000007152557));
#6253=CARTESIAN_POINT('',(-32.5539502144493,58.7857425202775,15.5000007152557));
#6254=CARTESIAN_POINT('',(0.744610628113385,65.7225031994534,15.5000007152557));
#6255=CARTESIAN_POINT('',(-32.5539502144493,58.7857425202775,17.0000007152557));
#6256=CARTESIAN_POINT('',(0.744610628113385,65.7225031994534,17.0000007152557));
#6257=CARTESIAN_POINT('',(-32.5539502144493,58.7857425202775,15.5000007152557));
#6258=CARTESIAN_POINT('Origin',(-32.9618339550949,60.7437085195014,15.5000007152557));
#6259=CARTESIAN_POINT('',(-34.9618339550949,60.743708537621,15.5000007152557));
#6260=CARTESIAN_POINT('Origin',(-32.9618339550949,60.7437085195014,15.5000007152557));
#6261=CARTESIAN_POINT('',(-34.9618339550949,60.743708537621,17.0000007152557));
#6262=CARTESIAN_POINT('Origin',(-32.9618339550949,60.7437085195014,17.0000007152557));
#6263=CARTESIAN_POINT('',(-34.9618339550949,60.743708537621,15.5000007152557));
#6264=CARTESIAN_POINT('Origin',(-34.9618335248966,108.227990187681,15.5000007152557));
#6265=CARTESIAN_POINT('',(-34.9618335248966,108.227990187681,15.5000007152557));
#6266=CARTESIAN_POINT('',(-34.9618335248966,108.227990187681,15.5000007152557));
#6267=CARTESIAN_POINT('',(-34.9618335248966,108.227990187681,17.0000007152557));
#6268=CARTESIAN_POINT('',(-34.9618335248966,108.227990187681,17.0000007152557));
#6269=CARTESIAN_POINT('',(-34.9618335248966,108.227990187681,15.5000007152557));
#6270=CARTESIAN_POINT('Origin',(58.0281740606413,127.599683138444,15.5000007152557));
#6271=CARTESIAN_POINT('',(58.0281740606413,127.599683138444,15.5000007152557));
#6272=CARTESIAN_POINT('',(58.0281740606413,127.599683138444,15.5000007152557));
#6273=CARTESIAN_POINT('',(58.0281740606413,127.599683138444,17.0000007152557));
#6274=CARTESIAN_POINT('',(58.0281740606413,127.599683138444,17.0000007152557));
#6275=CARTESIAN_POINT('',(58.0281740606413,127.599683138444,15.5000007152557));
#6276=CARTESIAN_POINT('Origin',(58.4360578426036,125.641717147805,15.5000007152557));
#6277=CARTESIAN_POINT('',(58.4360578426036,127.641717147827,15.5000007152557));
#6278=CARTESIAN_POINT('Origin',(58.4360578426036,125.641717147805,15.5000007152557));
#6279=CARTESIAN_POINT('',(58.4360578426036,127.641717147827,17.0000007152557));
#6280=CARTESIAN_POINT('Origin',(58.4360578426036,125.641717147805,17.0000007152557));
#6281=CARTESIAN_POINT('',(58.4360578426036,127.641717147827,15.5000007152557));
#6282=CARTESIAN_POINT('Origin',(112.740653467804,127.641717147827,15.5000007152557));
#6283=CARTESIAN_POINT('',(112.740653467804,127.641717147827,15.5000007152557));
#6284=CARTESIAN_POINT('',(112.740653467804,127.641717147827,15.5000007152557));
#6285=CARTESIAN_POINT('',(112.740653467804,127.641717147827,17.0000007152557));
#6286=CARTESIAN_POINT('',(112.740653467804,127.641717147827,17.0000007152557));
#6287=CARTESIAN_POINT('',(112.740653467804,127.641717147827,15.5000007152557));
#6288=CARTESIAN_POINT('Origin',(112.740653467804,125.641717147827,15.5000007152557));
#6289=CARTESIAN_POINT('',(113.67682148888,127.409085088103,15.5000007152557));
#6290=CARTESIAN_POINT('Origin',(112.740653467804,125.641717147827,15.5000007152557));
#6291=CARTESIAN_POINT('',(113.67682148888,127.409085088103,17.0000007152557));
#6292=CARTESIAN_POINT('Origin',(112.740653467804,125.641717147827,17.0000007152557));
#6293=CARTESIAN_POINT('',(113.67682148888,127.409085088103,15.5000007152557));
#6294=CARTESIAN_POINT('Origin',(124.425034501542,121.715797868807,15.5000007152557));
#6295=CARTESIAN_POINT('',(124.559537064354,121.644552377029,15.5000007152557));
#6296=CARTESIAN_POINT('',(124.559537064354,121.644552377029,17.0000007152557));
#6297=CARTESIAN_POINT('Origin',(58.5524567074181,65.3000622311097,17.0000007152557));
#6298=CARTESIAN_POINT('Origin',(58.5524567074181,65.3000622311097,15.5000007152557));
#6299=UNCERTAINTY_MEASURE_WITH_UNIT(LENGTH_MEASURE(0.01),#6303,
'DISTANCE_ACCURACY_VALUE',
'Maximum model space distance between geometric entities at asserted c
onnectivities');
#6300=UNCERTAINTY_MEASURE_WITH_UNIT(LENGTH_MEASURE(0.01),#6303,
'DISTANCE_ACCURACY_VALUE',
'Maximum model space distance between geometric entities at asserted c
onnectivities');
#6301=(
GEOMETRIC_REPRESENTATION_CONTEXT(3)
GLOBAL_UNCERTAINTY_ASSIGNED_CONTEXT((#6299))
GLOBAL_UNIT_ASSIGNED_CONTEXT((#6303,#6305,#6306))
REPRESENTATION_CONTEXT('','3D')
);
#6302=(
GEOMETRIC_REPRESENTATION_CONTEXT(3)
GLOBAL_UNCERTAINTY_ASSIGNED_CONTEXT((#6300))
GLOBAL_UNIT_ASSIGNED_CONTEXT((#6303,#6305,#6306))
REPRESENTATION_CONTEXT('','3D')
);
#6303=(
LENGTH_UNIT()
NAMED_UNIT(*)
SI_UNIT(.MILLI.,.METRE.)
);
#6304=(
LENGTH_UNIT()
NAMED_UNIT(*)
SI_UNIT($,.METRE.)
);
#6305=(
NAMED_UNIT(*)
PLANE_ANGLE_UNIT()
SI_UNIT($,.RADIAN.)
);
#6306=(
NAMED_UNIT(*)
SI_UNIT($,.STERADIAN.)
SOLID_ANGLE_UNIT()
);
#6307=SHAPE_DEFINITION_REPRESENTATION(#6308,#6309);
#6308=PRODUCT_DEFINITION_SHAPE('',$,#6311);
#6309=SHAPE_REPRESENTATION('',(#3739),#6301);
#6310=PRODUCT_DEFINITION_CONTEXT('part definition',#6315,'design');
#6311=PRODUCT_DEFINITION('combined','combined',#6312,#6310);
#6312=PRODUCT_DEFINITION_FORMATION('',$,#6317);
#6313=PRODUCT_RELATED_PRODUCT_CATEGORY('combined','combined',(#6317));
#6314=APPLICATION_PROTOCOL_DEFINITION('international standard',
'automotive_design',2009,#6315);
#6315=APPLICATION_CONTEXT(
'Core Data for Automotive Mechanical Design Process');
#6316=PRODUCT_CONTEXT('part definition',#6315,'mechanical');
#6317=PRODUCT('combined','combined',$,(#6316));
#6318=PRESENTATION_STYLE_ASSIGNMENT((#6319));
#6319=SURFACE_STYLE_USAGE(.BOTH.,#6320);
#6320=SURFACE_SIDE_STYLE('',(#6321));
#6321=SURFACE_STYLE_FILL_AREA(#6322);
#6322=FILL_AREA_STYLE('Steel - Satin',(#6323));
#6323=FILL_AREA_STYLE_COLOUR('Steel - Satin',#6324);
#6324=COLOUR_RGB('Steel - Satin',0.627450980392157,0.627450980392157,0.627450980392157);
ENDSEC;
END-ISO-10303-21;
