ISO-10303-21;
HEADER;
/* Generated by software containing ST-Developer
 * from STEP Tools, Inc. (www.steptools.com) 
 */

FILE_DESCRIPTION(
/* description */ (''),
/* implementation_level */ '2;1');

FILE_NAME(
/* name */ 'Giris Plate.step',
/* time_stamp */ '2026-08-24T03:53:39-06:00',
/* author */ (''),
/* organization */ (''),
/* preprocessor_version */ 'ST-DEVELOPER v20.1',
/* originating_system */ 'Autodesk Translation Framework v15.8.0.0',
/* authorisation */ '');

FILE_SCHEMA (('AUTOMOTIVE_DESIGN { 1 0 10303 214 3 1 1 }'));
ENDSEC;

DATA;
#10=MECHANICAL_DESIGN_GEOMETRIC_PRESENTATION_REPRESENTATION('',(#13),#5929);
#11=SHAPE_REPRESENTATION_RELATIONSHIP('SRR','None',#5936,#12);
#12=ADVANCED_BREP_SHAPE_REPRESENTATION('',(#14),#5928);
#13=STYLED_ITEM('',(#5945),#14);
#14=MANIFOLD_SOLID_BREP('Iris SE Left Switch Plate',#3497);
#15=B_SPLINE_SURFACE_WITH_KNOTS('',3,3,((#5570,#5571,#5572,#5573),(#5574,
#5575,#5576,#5577),(#5578,#5579,#5580,#5581),(#5582,#5583,#5584,#5585),
(#5586,#5587,#5588,#5589)),.UNSPECIFIED.,.F.,.F.,.F.,(4,1,4),(4,4),(0.967262989142662,
0.984618873049568,1.),(0.,1.),.UNSPECIFIED.);
#16=B_SPLINE_SURFACE_WITH_KNOTS('',3,3,((#5590,#5591,#5592,#5593),(#5594,
#5595,#5596,#5597),(#5598,#5599,#5600,#5601),(#5602,#5603,#5604,#5605),
(#5606,#5607,#5608,#5609),(#5610,#5611,#5612,#5613),(#5614,#5615,#5616,
#5617),(#5618,#5619,#5620,#5621),(#5622,#5623,#5624,#5625),(#5626,#5627,
#5628,#5629),(#5630,#5631,#5632,#5633),(#5634,#5635,#5636,#5637),(#5638,
#5639,#5640,#5641),(#5642,#5643,#5644,#5645),(#5646,#5647,#5648,#5649),
(#5650,#5651,#5652,#5653),(#5654,#5655,#5656,#5657),(#5658,#5659,#5660,
#5661),(#5662,#5663,#5664,#5665),(#5666,#5667,#5668,#5669)),
 .UNSPECIFIED.,.F.,.F.,.F.,(4,1,1,1,1,1,1,1,1,1,1,1,1,1,1,1,1,4),(4,4),
(0.,0.131656534873537,0.258459497723882,0.381360797323542,0.501134512206297,
0.618432715323699,0.757665776417656,0.897095563774802,0.969910125152532,
0.972391709900199,0.974758498300735,0.977893437949585,0.980986152281574,
0.984056743277899,0.987127247916217,0.990223505823906,0.993375998144744,
1.),(0.,1.),.UNSPECIFIED.);
#17=B_SPLINE_SURFACE_WITH_KNOTS('',5,5,((#5670,#5671,#5672,#5673,#5674,
#5675,#5676,#5677,#5678,#5679,#5680,#5681,#5682,#5683,#5684,#5685),(#5686,
#5687,#5688,#5689,#5690,#5691,#5692,#5693,#5694,#5695,#5696,#5697,#5698,
#5699,#5700,#5701),(#5702,#5703,#5704,#5705,#5706,#5707,#5708,#5709,#5710,
#5711,#5712,#5713,#5714,#5715,#5716,#5717),(#5718,#5719,#5720,#5721,#5722,
#5723,#5724,#5725,#5726,#5727,#5728,#5729,#5730,#5731,#5732,#5733),(#5734,
#5735,#5736,#5737,#5738,#5739,#5740,#5741,#5742,#5743,#5744,#5745,#5746,
#5747,#5748,#5749),(#5750,#5751,#5752,#5753,#5754,#5755,#5756,#5757,#5758,
#5759,#5760,#5761,#5762,#5763,#5764,#5765),(#5766,#5767,#5768,#5769,#5770,
#5771,#5772,#5773,#5774,#5775,#5776,#5777,#5778,#5779,#5780,#5781),(#5782,
#5783,#5784,#5785,#5786,#5787,#5788,#5789,#5790,#5791,#5792,#5793,#5794,
#5795,#5796,#5797),(#5798,#5799,#5800,#5801,#5802,#5803,#5804,#5805,#5806,
#5807,#5808,#5809,#5810,#5811,#5812,#5813),(#5814,#5815,#5816,#5817,#5818,
#5819,#5820,#5821,#5822,#5823,#5824,#5825,#5826,#5827,#5828,#5829),(#5830,
#5831,#5832,#5833,#5834,#5835,#5836,#5837,#5838,#5839,#5840,#5841,#5842,
#5843,#5844,#5845),(#5846,#5847,#5848,#5849,#5850,#5851,#5852,#5853,#5854,
#5855,#5856,#5857,#5858,#5859,#5860,#5861),(#5862,#5863,#5864,#5865,#5866,
#5867,#5868,#5869,#5870,#5871,#5872,#5873,#5874,#5875,#5876,#5877),(#5878,
#5879,#5880,#5881,#5882,#5883,#5884,#5885,#5886,#5887,#5888,#5889,#5890,
#5891,#5892,#5893),(#5894,#5895,#5896,#5897,#5898,#5899,#5900,#5901,#5902,
#5903,#5904,#5905,#5906,#5907,#5908,#5909),(#5910,#5911,#5912,#5913,#5914,
#5915,#5916,#5917,#5918,#5919,#5920,#5921,#5922,#5923,#5924,#5925)),
 .UNSPECIFIED.,.F.,.F.,.F.,(6,5,5,6),(6,5,5,6),(-0.220000917429408,-0.000371623592115739,
1.00037162359212,1.2200050875631),(-0.100445948310503,-0.000371623592115739,
1.00037162359176,1.11045338078198),.UNSPECIFIED.);
#18=SPHERICAL_SURFACE('',#3599,15.5231855794381);
#19=FACE_BOUND('',#331,.T.);
#20=FACE_BOUND('',#332,.T.);
#21=FACE_BOUND('',#333,.T.);
#22=FACE_BOUND('',#334,.T.);
#23=FACE_BOUND('',#335,.T.);
#24=FACE_BOUND('',#336,.T.);
#25=FACE_BOUND('',#337,.T.);
#26=FACE_BOUND('',#338,.T.);
#27=FACE_BOUND('',#339,.T.);
#28=FACE_BOUND('',#340,.T.);
#29=FACE_BOUND('',#341,.T.);
#30=FACE_BOUND('',#342,.T.);
#31=FACE_BOUND('',#343,.T.);
#32=FACE_BOUND('',#344,.T.);
#33=FACE_BOUND('',#345,.T.);
#34=FACE_BOUND('',#346,.T.);
#35=FACE_BOUND('',#347,.T.);
#36=FACE_BOUND('',#348,.T.);
#37=FACE_BOUND('',#349,.T.);
#38=FACE_BOUND('',#350,.T.);
#39=FACE_BOUND('',#351,.T.);
#40=FACE_BOUND('',#352,.T.);
#41=FACE_BOUND('',#353,.T.);
#42=FACE_BOUND('',#354,.T.);
#43=FACE_BOUND('',#355,.T.);
#44=FACE_BOUND('',#356,.T.);
#45=FACE_BOUND('',#357,.T.);
#46=FACE_BOUND('',#358,.T.);
#47=FACE_BOUND('',#359,.T.);
#48=FACE_BOUND('',#360,.T.);
#49=FACE_BOUND('',#361,.T.);
#50=FACE_BOUND('',#362,.T.);
#51=FACE_BOUND('',#363,.T.);
#52=FACE_BOUND('',#364,.T.);
#53=FACE_BOUND('',#365,.T.);
#54=FACE_BOUND('',#366,.T.);
#55=FACE_BOUND('',#391,.T.);
#56=FACE_BOUND('',#392,.T.);
#57=FACE_BOUND('',#393,.T.);
#58=FACE_BOUND('',#394,.T.);
#59=FACE_BOUND('',#395,.T.);
#60=FACE_BOUND('',#396,.T.);
#61=FACE_BOUND('',#397,.T.);
#62=FACE_BOUND('',#398,.T.);
#63=FACE_BOUND('',#399,.T.);
#64=FACE_BOUND('',#400,.T.);
#65=FACE_BOUND('',#401,.T.);
#66=FACE_BOUND('',#402,.T.);
#67=FACE_BOUND('',#403,.T.);
#68=FACE_BOUND('',#404,.T.);
#69=FACE_BOUND('',#405,.T.);
#70=FACE_BOUND('',#406,.T.);
#71=FACE_BOUND('',#407,.T.);
#72=FACE_BOUND('',#408,.T.);
#73=FACE_BOUND('',#409,.T.);
#74=FACE_BOUND('',#410,.T.);
#75=FACE_BOUND('',#411,.T.);
#76=FACE_BOUND('',#412,.T.);
#77=FACE_BOUND('',#413,.T.);
#78=FACE_BOUND('',#414,.T.);
#79=FACE_BOUND('',#415,.T.);
#80=FACE_BOUND('',#416,.T.);
#81=FACE_BOUND('',#417,.T.);
#82=FACE_BOUND('',#418,.T.);
#83=FACE_BOUND('',#419,.T.);
#84=FACE_BOUND('',#420,.T.);
#85=FACE_BOUND('',#421,.T.);
#86=FACE_BOUND('',#422,.T.);
#87=FACE_BOUND('',#423,.T.);
#88=FACE_BOUND('',#424,.T.);
#89=FACE_BOUND('',#425,.T.);
#90=FACE_BOUND('',#426,.T.);
#91=B_SPLINE_CURVE_WITH_KNOTS('',3,(#4688,#4689,#4690,#4691,#4692,#4693,
#4694,#4695,#4696,#4697,#4698,#4699,#4700,#4701,#4702,#4703,#4704,#4705,
#4706,#4707),.UNSPECIFIED.,.F.,.F.,(4,1,1,1,1,1,1,1,1,1,1,1,1,1,1,1,1,4),
(-3.54274695061862,-3.07632116316638,-2.62709035319892,-2.19168214881516,
-1.76735418565001,-1.35179633424279,-0.858528831626879,-0.364564377641949,
-0.106600812360364,-0.097809185562865,-0.0894242531741055,-0.0783179552927698,
-0.0673612510239815,-0.0564829241351525,-0.0456049031908921,-0.0346356449300974,
-0.0234671623736001,0.),.UNSPECIFIED.);
#92=B_SPLINE_CURVE_WITH_KNOTS('',3,(#4719,#4720,#4721,#4722,#4723,#4724,
#4725,#4726,#4727,#4728,#4729,#4730),.UNSPECIFIED.,.F.,.F.,(4,2,2,2,2,4),
(-2.99977905888672,-2.37504231273601,-1.70826531850126,-0.640255779527644,
-0.364769484813025,-0.243231860390567),.UNSPECIFIED.);
#93=B_SPLINE_CURVE_WITH_KNOTS('',3,(#4738,#4739,#4740,#4741,#4742),
 .UNSPECIFIED.,.F.,.F.,(4,1,4),(-0.405222530783902,-0.190389395538204,-3.40061396035566E-8),
 .UNSPECIFIED.);
#94=B_SPLINE_CURVE_WITH_KNOTS('',3,(#4981,#4982,#4983,#4984,#4985,#4986),
 .UNSPECIFIED.,.F.,.F.,(4,2,4),(-0.150000095367432,-0.0750000476837158,
0.),.UNSPECIFIED.);
#95=B_SPLINE_CURVE_WITH_KNOTS('',3,(#5072,#5073,#5074,#5075,#5076),
 .UNSPECIFIED.,.F.,.F.,(4,1,4),(11.9728929785053,12.1877261137511,12.3781154758219),
 .UNSPECIFIED.);
#96=B_SPLINE_CURVE_WITH_KNOTS('',3,(#5086,#5087,#5088,#5089,#5090,#5091,
#5092,#5093,#5094,#5095),.UNSPECIFIED.,.F.,.F.,(4,2,2,2,4),(-3.77089770196239,
-3.62740650251136,-2.62517266462372,-0.967578883289808,-0.535114187262859),
 .UNSPECIFIED.);
#97=B_SPLINE_CURVE_WITH_KNOTS('',3,(#5107,#5108,#5109,#5110,#5111,#5112,
#5113,#5114,#5115,#5116,#5117,#5118,#5119,#5120,#5121,#5122,#5123,#5124,
#5125,#5126),.UNSPECIFIED.,.F.,.F.,(4,1,1,1,1,1,1,1,1,1,1,1,1,1,1,1,1,4),
(0.,0.466425787452238,0.915656597419704,1.35106480180346,1.77539276496861,
2.19095061637583,2.68421811899174,3.17818257297667,3.43614613825825,3.44493776505575,
3.45332269744451,3.46442899532585,3.47538569959464,3.48626402648347,3.49714204742773,
3.50811130568852,3.51927978824502,3.54274695061862),.UNSPECIFIED.);
#98=CIRCLE('',#3531,2.00000000002177);
#99=CIRCLE('',#3532,2.00000000002177);
#100=CIRCLE('',#3534,1.99999999999558);
#101=CIRCLE('',#3535,2.);
#102=CIRCLE('',#3536,10.0000000000002);
#103=CIRCLE('',#3537,82.2520234668007);
#104=CIRCLE('',#3538,105.458758999755);
#105=CIRCLE('',#3539,0.874998477681038);
#106=CIRCLE('',#3540,0.87497001473222);
#107=CIRCLE('',#3541,15.5050569111635);
#108=CIRCLE('',#3542,0.737388803480021);
#109=CIRCLE('',#3543,2.);
#110=CIRCLE('',#3544,1.09999962438072);
#111=CIRCLE('',#3545,1.09999968753211);
#112=CIRCLE('',#3546,1.10000060122811);
#113=CIRCLE('',#3547,1.1000011907438);
#114=CIRCLE('',#3548,1.10000052814187);
#115=CIRCLE('',#3551,2.);
#116=CIRCLE('',#3564,1.99999999999558);
#117=CIRCLE('',#3567,2.);
#118=CIRCLE('',#3571,10.0000000000002);
#119=CIRCLE('',#3577,0.737388803480021);
#120=CIRCLE('',#3578,15.5050569111635);
#121=CIRCLE('',#3579,15.5050569111635);
#122=CIRCLE('',#3580,0.87497001473222);
#123=CIRCLE('',#3581,0.874998477681038);
#124=CIRCLE('',#3582,105.458758999755);
#125=CIRCLE('',#3583,82.2520234668007);
#126=CIRCLE('',#3584,1.09999962438072);
#127=CIRCLE('',#3585,1.09999968753211);
#128=CIRCLE('',#3586,1.10000060122811);
#129=CIRCLE('',#3587,1.1000011907438);
#130=CIRCLE('',#3588,1.10000052814187);
#131=CIRCLE('',#3600,6.60599148421588);
#132=CIRCLE('',#3601,15.5231855794381);
#133=CYLINDRICAL_SURFACE('',#3530,2.00000000002177);
#134=CYLINDRICAL_SURFACE('',#3550,2.);
#135=CYLINDRICAL_SURFACE('',#3563,1.99999999999558);
#136=CYLINDRICAL_SURFACE('',#3566,2.);
#137=CYLINDRICAL_SURFACE('',#3570,10.0000000000002);
#138=CYLINDRICAL_SURFACE('',#3589,0.737388803480021);
#139=CYLINDRICAL_SURFACE('',#3598,105.458758999754);
#140=CYLINDRICAL_SURFACE('',#3602,82.2520234668007);
#141=CYLINDRICAL_SURFACE('',#3603,0.87497001473222);
#142=CYLINDRICAL_SURFACE('',#3604,0.874998477681038);
#143=CYLINDRICAL_SURFACE('',#3605,1.10000052814187);
#144=CYLINDRICAL_SURFACE('',#3606,1.09999962438072);
#145=CYLINDRICAL_SURFACE('',#3607,1.09999968753211);
#146=CYLINDRICAL_SURFACE('',#3608,1.1000011907438);
#147=CYLINDRICAL_SURFACE('',#3609,1.10000060122811);
#148=FACE_OUTER_BOUND('',#310,.T.);
#149=FACE_OUTER_BOUND('',#311,.T.);
#150=FACE_OUTER_BOUND('',#312,.T.);
#151=FACE_OUTER_BOUND('',#313,.T.);
#152=FACE_OUTER_BOUND('',#314,.T.);
#153=FACE_OUTER_BOUND('',#315,.T.);
#154=FACE_OUTER_BOUND('',#316,.T.);
#155=FACE_OUTER_BOUND('',#317,.T.);
#156=FACE_OUTER_BOUND('',#318,.T.);
#157=FACE_OUTER_BOUND('',#319,.T.);
#158=FACE_OUTER_BOUND('',#320,.T.);
#159=FACE_OUTER_BOUND('',#321,.T.);
#160=FACE_OUTER_BOUND('',#322,.T.);
#161=FACE_OUTER_BOUND('',#323,.T.);
#162=FACE_OUTER_BOUND('',#324,.T.);
#163=FACE_OUTER_BOUND('',#325,.T.);
#164=FACE_OUTER_BOUND('',#326,.T.);
#165=FACE_OUTER_BOUND('',#327,.T.);
#166=FACE_OUTER_BOUND('',#328,.T.);
#167=FACE_OUTER_BOUND('',#329,.T.);
#168=FACE_OUTER_BOUND('',#330,.T.);
#169=FACE_OUTER_BOUND('',#367,.T.);
#170=FACE_OUTER_BOUND('',#368,.T.);
#171=FACE_OUTER_BOUND('',#369,.T.);
#172=FACE_OUTER_BOUND('',#370,.T.);
#173=FACE_OUTER_BOUND('',#371,.T.);
#174=FACE_OUTER_BOUND('',#372,.T.);
#175=FACE_OUTER_BOUND('',#373,.T.);
#176=FACE_OUTER_BOUND('',#374,.T.);
#177=FACE_OUTER_BOUND('',#375,.T.);
#178=FACE_OUTER_BOUND('',#376,.T.);
#179=FACE_OUTER_BOUND('',#377,.T.);
#180=FACE_OUTER_BOUND('',#378,.T.);
#181=FACE_OUTER_BOUND('',#379,.T.);
#182=FACE_OUTER_BOUND('',#380,.T.);
#183=FACE_OUTER_BOUND('',#381,.T.);
#184=FACE_OUTER_BOUND('',#382,.T.);
#185=FACE_OUTER_BOUND('',#383,.T.);
#186=FACE_OUTER_BOUND('',#384,.T.);
#187=FACE_OUTER_BOUND('',#385,.T.);
#188=FACE_OUTER_BOUND('',#386,.T.);
#189=FACE_OUTER_BOUND('',#387,.T.);
#190=FACE_OUTER_BOUND('',#388,.T.);
#191=FACE_OUTER_BOUND('',#389,.T.);
#192=FACE_OUTER_BOUND('',#390,.T.);
#193=FACE_OUTER_BOUND('',#427,.T.);
#194=FACE_OUTER_BOUND('',#428,.T.);
#195=FACE_OUTER_BOUND('',#429,.T.);
#196=FACE_OUTER_BOUND('',#430,.T.);
#197=FACE_OUTER_BOUND('',#431,.T.);
#198=FACE_OUTER_BOUND('',#432,.T.);
#199=FACE_OUTER_BOUND('',#433,.T.);
#200=FACE_OUTER_BOUND('',#434,.T.);
#201=FACE_OUTER_BOUND('',#435,.T.);
#202=FACE_OUTER_BOUND('',#436,.T.);
#203=FACE_OUTER_BOUND('',#437,.T.);
#204=FACE_OUTER_BOUND('',#438,.T.);
#205=FACE_OUTER_BOUND('',#439,.T.);
#206=FACE_OUTER_BOUND('',#440,.T.);
#207=FACE_OUTER_BOUND('',#441,.T.);
#208=FACE_OUTER_BOUND('',#442,.T.);
#209=FACE_OUTER_BOUND('',#443,.T.);
#210=FACE_OUTER_BOUND('',#444,.T.);
#211=FACE_OUTER_BOUND('',#445,.T.);
#212=FACE_OUTER_BOUND('',#446,.T.);
#213=FACE_OUTER_BOUND('',#447,.T.);
#214=FACE_OUTER_BOUND('',#448,.T.);
#215=FACE_OUTER_BOUND('',#449,.T.);
#216=FACE_OUTER_BOUND('',#450,.T.);
#217=FACE_OUTER_BOUND('',#451,.T.);
#218=FACE_OUTER_BOUND('',#452,.T.);
#219=FACE_OUTER_BOUND('',#453,.T.);
#220=FACE_OUTER_BOUND('',#454,.T.);
#221=FACE_OUTER_BOUND('',#455,.T.);
#222=FACE_OUTER_BOUND('',#456,.T.);
#223=FACE_OUTER_BOUND('',#457,.T.);
#224=FACE_OUTER_BOUND('',#458,.T.);
#225=FACE_OUTER_BOUND('',#459,.T.);
#226=FACE_OUTER_BOUND('',#460,.T.);
#227=FACE_OUTER_BOUND('',#461,.T.);
#228=FACE_OUTER_BOUND('',#462,.T.);
#229=FACE_OUTER_BOUND('',#463,.T.);
#230=FACE_OUTER_BOUND('',#464,.T.);
#231=FACE_OUTER_BOUND('',#465,.T.);
#232=FACE_OUTER_BOUND('',#466,.T.);
#233=FACE_OUTER_BOUND('',#467,.T.);
#234=FACE_OUTER_BOUND('',#468,.T.);
#235=FACE_OUTER_BOUND('',#469,.T.);
#236=FACE_OUTER_BOUND('',#470,.T.);
#237=FACE_OUTER_BOUND('',#471,.T.);
#238=FACE_OUTER_BOUND('',#472,.T.);
#239=FACE_OUTER_BOUND('',#473,.T.);
#240=FACE_OUTER_BOUND('',#474,.T.);
#241=FACE_OUTER_BOUND('',#475,.T.);
#242=FACE_OUTER_BOUND('',#476,.T.);
#243=FACE_OUTER_BOUND('',#477,.T.);
#244=FACE_OUTER_BOUND('',#478,.T.);
#245=FACE_OUTER_BOUND('',#479,.T.);
#246=FACE_OUTER_BOUND('',#480,.T.);
#247=FACE_OUTER_BOUND('',#481,.T.);
#248=FACE_OUTER_BOUND('',#482,.T.);
#249=FACE_OUTER_BOUND('',#483,.T.);
#250=FACE_OUTER_BOUND('',#484,.T.);
#251=FACE_OUTER_BOUND('',#485,.T.);
#252=FACE_OUTER_BOUND('',#486,.T.);
#253=FACE_OUTER_BOUND('',#487,.T.);
#254=FACE_OUTER_BOUND('',#488,.T.);
#255=FACE_OUTER_BOUND('',#489,.T.);
#256=FACE_OUTER_BOUND('',#490,.T.);
#257=FACE_OUTER_BOUND('',#491,.T.);
#258=FACE_OUTER_BOUND('',#492,.T.);
#259=FACE_OUTER_BOUND('',#493,.T.);
#260=FACE_OUTER_BOUND('',#494,.T.);
#261=FACE_OUTER_BOUND('',#495,.T.);
#262=FACE_OUTER_BOUND('',#496,.T.);
#263=FACE_OUTER_BOUND('',#497,.T.);
#264=FACE_OUTER_BOUND('',#498,.T.);
#265=FACE_OUTER_BOUND('',#499,.T.);
#266=FACE_OUTER_BOUND('',#500,.T.);
#267=FACE_OUTER_BOUND('',#501,.T.);
#268=FACE_OUTER_BOUND('',#502,.T.);
#269=FACE_OUTER_BOUND('',#503,.T.);
#270=FACE_OUTER_BOUND('',#504,.T.);
#271=FACE_OUTER_BOUND('',#505,.T.);
#272=FACE_OUTER_BOUND('',#506,.T.);
#273=FACE_OUTER_BOUND('',#507,.T.);
#274=FACE_OUTER_BOUND('',#508,.T.);
#275=FACE_OUTER_BOUND('',#509,.T.);
#276=FACE_OUTER_BOUND('',#510,.T.);
#277=FACE_OUTER_BOUND('',#511,.T.);
#278=FACE_OUTER_BOUND('',#512,.T.);
#279=FACE_OUTER_BOUND('',#513,.T.);
#280=FACE_OUTER_BOUND('',#514,.T.);
#281=FACE_OUTER_BOUND('',#515,.T.);
#282=FACE_OUTER_BOUND('',#516,.T.);
#283=FACE_OUTER_BOUND('',#517,.T.);
#284=FACE_OUTER_BOUND('',#518,.T.);
#285=FACE_OUTER_BOUND('',#519,.T.);
#286=FACE_OUTER_BOUND('',#520,.T.);
#287=FACE_OUTER_BOUND('',#521,.T.);
#288=FACE_OUTER_BOUND('',#522,.T.);
#289=FACE_OUTER_BOUND('',#523,.T.);
#290=FACE_OUTER_BOUND('',#524,.T.);
#291=FACE_OUTER_BOUND('',#525,.T.);
#292=FACE_OUTER_BOUND('',#526,.T.);
#293=FACE_OUTER_BOUND('',#527,.T.);
#294=FACE_OUTER_BOUND('',#528,.T.);
#295=FACE_OUTER_BOUND('',#529,.T.);
#296=FACE_OUTER_BOUND('',#530,.T.);
#297=FACE_OUTER_BOUND('',#531,.T.);
#298=FACE_OUTER_BOUND('',#532,.T.);
#299=FACE_OUTER_BOUND('',#533,.T.);
#300=FACE_OUTER_BOUND('',#534,.T.);
#301=FACE_OUTER_BOUND('',#535,.T.);
#302=FACE_OUTER_BOUND('',#536,.T.);
#303=FACE_OUTER_BOUND('',#537,.T.);
#304=FACE_OUTER_BOUND('',#538,.T.);
#305=FACE_OUTER_BOUND('',#539,.T.);
#306=FACE_OUTER_BOUND('',#540,.T.);
#307=FACE_OUTER_BOUND('',#541,.T.);
#308=FACE_OUTER_BOUND('',#542,.T.);
#309=FACE_OUTER_BOUND('',#543,.T.);
#310=EDGE_LOOP('',(#2228,#2229,#2230,#2231));
#311=EDGE_LOOP('',(#2232,#2233,#2234,#2235));
#312=EDGE_LOOP('',(#2236,#2237,#2238,#2239));
#313=EDGE_LOOP('',(#2240,#2241,#2242,#2243));
#314=EDGE_LOOP('',(#2244,#2245,#2246,#2247));
#315=EDGE_LOOP('',(#2248,#2249,#2250,#2251));
#316=EDGE_LOOP('',(#2252,#2253,#2254,#2255));
#317=EDGE_LOOP('',(#2256,#2257,#2258,#2259));
#318=EDGE_LOOP('',(#2260,#2261,#2262,#2263));
#319=EDGE_LOOP('',(#2264,#2265,#2266,#2267));
#320=EDGE_LOOP('',(#2268,#2269,#2270,#2271));
#321=EDGE_LOOP('',(#2272,#2273,#2274,#2275));
#322=EDGE_LOOP('',(#2276,#2277,#2278,#2279));
#323=EDGE_LOOP('',(#2280,#2281,#2282,#2283));
#324=EDGE_LOOP('',(#2284,#2285,#2286,#2287));
#325=EDGE_LOOP('',(#2288,#2289,#2290,#2291));
#326=EDGE_LOOP('',(#2292,#2293,#2294,#2295));
#327=EDGE_LOOP('',(#2296,#2297,#2298,#2299));
#328=EDGE_LOOP('',(#2300,#2301,#2302,#2303));
#329=EDGE_LOOP('',(#2304,#2305,#2306,#2307));
#330=EDGE_LOOP('',(#2308,#2309,#2310,#2311,#2312,#2313,#2314,#2315,#2316,
#2317,#2318,#2319,#2320,#2321,#2322,#2323,#2324,#2325,#2326,#2327,#2328,
#2329,#2330));
#331=EDGE_LOOP('',(#2331,#2332,#2333,#2334));
#332=EDGE_LOOP('',(#2335,#2336,#2337,#2338));
#333=EDGE_LOOP('',(#2339,#2340,#2341,#2342));
#334=EDGE_LOOP('',(#2343));
#335=EDGE_LOOP('',(#2344));
#336=EDGE_LOOP('',(#2345,#2346,#2347,#2348));
#337=EDGE_LOOP('',(#2349,#2350,#2351,#2352));
#338=EDGE_LOOP('',(#2353,#2354,#2355,#2356));
#339=EDGE_LOOP('',(#2357,#2358,#2359,#2360));
#340=EDGE_LOOP('',(#2361,#2362,#2363,#2364));
#341=EDGE_LOOP('',(#2365,#2366,#2367,#2368));
#342=EDGE_LOOP('',(#2369,#2370,#2371,#2372));
#343=EDGE_LOOP('',(#2373,#2374,#2375,#2376));
#344=EDGE_LOOP('',(#2377,#2378,#2379,#2380));
#345=EDGE_LOOP('',(#2381,#2382,#2383,#2384));
#346=EDGE_LOOP('',(#2385,#2386,#2387,#2388));
#347=EDGE_LOOP('',(#2389,#2390,#2391,#2392));
#348=EDGE_LOOP('',(#2393,#2394,#2395,#2396));
#349=EDGE_LOOP('',(#2397,#2398,#2399,#2400));
#350=EDGE_LOOP('',(#2401,#2402,#2403,#2404));
#351=EDGE_LOOP('',(#2405,#2406,#2407,#2408));
#352=EDGE_LOOP('',(#2409,#2410,#2411,#2412));
#353=EDGE_LOOP('',(#2413,#2414,#2415,#2416));
#354=EDGE_LOOP('',(#2417));
#355=EDGE_LOOP('',(#2418));
#356=EDGE_LOOP('',(#2419,#2420,#2421,#2422));
#357=EDGE_LOOP('',(#2423,#2424,#2425,#2426));
#358=EDGE_LOOP('',(#2427,#2428,#2429,#2430));
#359=EDGE_LOOP('',(#2431,#2432,#2433,#2434));
#360=EDGE_LOOP('',(#2435,#2436,#2437,#2438,#2439,#2440,#2441,#2442,#2443,
#2444,#2445,#2446));
#361=EDGE_LOOP('',(#2447));
#362=EDGE_LOOP('',(#2448,#2449,#2450,#2451));
#363=EDGE_LOOP('',(#2452,#2453,#2454,#2455));
#364=EDGE_LOOP('',(#2456,#2457,#2458,#2459));
#365=EDGE_LOOP('',(#2460,#2461,#2462,#2463));
#366=EDGE_LOOP('',(#2464,#2465,#2466,#2467));
#367=EDGE_LOOP('',(#2468,#2469,#2470,#2471));
#368=EDGE_LOOP('',(#2472,#2473,#2474,#2475));
#369=EDGE_LOOP('',(#2476,#2477,#2478,#2479));
#370=EDGE_LOOP('',(#2480,#2481,#2482,#2483));
#371=EDGE_LOOP('',(#2484,#2485,#2486,#2487));
#372=EDGE_LOOP('',(#2488,#2489,#2490,#2491));
#373=EDGE_LOOP('',(#2492,#2493,#2494,#2495));
#374=EDGE_LOOP('',(#2496,#2497,#2498,#2499));
#375=EDGE_LOOP('',(#2500,#2501,#2502,#2503));
#376=EDGE_LOOP('',(#2504,#2505,#2506,#2507));
#377=EDGE_LOOP('',(#2508,#2509,#2510,#2511));
#378=EDGE_LOOP('',(#2512,#2513,#2514,#2515));
#379=EDGE_LOOP('',(#2516,#2517,#2518,#2519));
#380=EDGE_LOOP('',(#2520,#2521,#2522,#2523));
#381=EDGE_LOOP('',(#2524,#2525,#2526,#2527));
#382=EDGE_LOOP('',(#2528,#2529,#2530,#2531));
#383=EDGE_LOOP('',(#2532,#2533,#2534,#2535));
#384=EDGE_LOOP('',(#2536,#2537,#2538,#2539));
#385=EDGE_LOOP('',(#2540,#2541,#2542,#2543));
#386=EDGE_LOOP('',(#2544,#2545,#2546,#2547));
#387=EDGE_LOOP('',(#2548,#2549,#2550,#2551));
#388=EDGE_LOOP('',(#2552,#2553,#2554,#2555));
#389=EDGE_LOOP('',(#2556,#2557,#2558,#2559));
#390=EDGE_LOOP('',(#2560,#2561,#2562,#2563,#2564,#2565,#2566,#2567,#2568,
#2569,#2570,#2571,#2572,#2573,#2574,#2575,#2576,#2577,#2578,#2579,#2580,
#2581,#2582,#2583));
#391=EDGE_LOOP('',(#2584,#2585,#2586,#2587));
#392=EDGE_LOOP('',(#2588));
#393=EDGE_LOOP('',(#2589));
#394=EDGE_LOOP('',(#2590,#2591,#2592,#2593));
#395=EDGE_LOOP('',(#2594,#2595,#2596,#2597));
#396=EDGE_LOOP('',(#2598,#2599,#2600,#2601));
#397=EDGE_LOOP('',(#2602,#2603,#2604,#2605));
#398=EDGE_LOOP('',(#2606,#2607,#2608,#2609));
#399=EDGE_LOOP('',(#2610,#2611,#2612,#2613));
#400=EDGE_LOOP('',(#2614,#2615,#2616,#2617));
#401=EDGE_LOOP('',(#2618,#2619,#2620,#2621));
#402=EDGE_LOOP('',(#2622,#2623,#2624,#2625));
#403=EDGE_LOOP('',(#2626,#2627,#2628,#2629));
#404=EDGE_LOOP('',(#2630,#2631,#2632,#2633));
#405=EDGE_LOOP('',(#2634,#2635,#2636,#2637));
#406=EDGE_LOOP('',(#2638,#2639,#2640,#2641));
#407=EDGE_LOOP('',(#2642,#2643,#2644,#2645));
#408=EDGE_LOOP('',(#2646,#2647,#2648,#2649));
#409=EDGE_LOOP('',(#2650,#2651,#2652,#2653));
#410=EDGE_LOOP('',(#2654,#2655,#2656,#2657));
#411=EDGE_LOOP('',(#2658,#2659,#2660,#2661));
#412=EDGE_LOOP('',(#2662));
#413=EDGE_LOOP('',(#2663));
#414=EDGE_LOOP('',(#2664,#2665,#2666,#2667));
#415=EDGE_LOOP('',(#2668,#2669,#2670,#2671));
#416=EDGE_LOOP('',(#2672,#2673,#2674,#2675));
#417=EDGE_LOOP('',(#2676,#2677,#2678,#2679));
#418=EDGE_LOOP('',(#2680,#2681,#2682,#2683,#2684,#2685,#2686,#2687,#2688,
#2689,#2690,#2691));
#419=EDGE_LOOP('',(#2692));
#420=EDGE_LOOP('',(#2693,#2694,#2695,#2696));
#421=EDGE_LOOP('',(#2697,#2698,#2699,#2700));
#422=EDGE_LOOP('',(#2701,#2702,#2703,#2704));
#423=EDGE_LOOP('',(#2705,#2706,#2707,#2708));
#424=EDGE_LOOP('',(#2709,#2710,#2711,#2712));
#425=EDGE_LOOP('',(#2713,#2714,#2715,#2716));
#426=EDGE_LOOP('',(#2717,#2718,#2719,#2720));
#427=EDGE_LOOP('',(#2721,#2722,#2723,#2724));
#428=EDGE_LOOP('',(#2725,#2726,#2727,#2728));
#429=EDGE_LOOP('',(#2729,#2730,#2731,#2732));
#430=EDGE_LOOP('',(#2733,#2734,#2735,#2736));
#431=EDGE_LOOP('',(#2737,#2738,#2739,#2740));
#432=EDGE_LOOP('',(#2741,#2742,#2743,#2744));
#433=EDGE_LOOP('',(#2745,#2746,#2747,#2748));
#434=EDGE_LOOP('',(#2749,#2750,#2751,#2752));
#435=EDGE_LOOP('',(#2753,#2754,#2755,#2756));
#436=EDGE_LOOP('',(#2757,#2758,#2759,#2760));
#437=EDGE_LOOP('',(#2761,#2762,#2763,#2764,#2765,#2766,#2767));
#438=EDGE_LOOP('',(#2768,#2769,#2770,#2771));
#439=EDGE_LOOP('',(#2772,#2773,#2774,#2775));
#440=EDGE_LOOP('',(#2776,#2777,#2778,#2779));
#441=EDGE_LOOP('',(#2780,#2781,#2782,#2783));
#442=EDGE_LOOP('',(#2784,#2785,#2786,#2787));
#443=EDGE_LOOP('',(#2788,#2789,#2790,#2791));
#444=EDGE_LOOP('',(#2792,#2793,#2794,#2795));
#445=EDGE_LOOP('',(#2796,#2797,#2798,#2799));
#446=EDGE_LOOP('',(#2800,#2801,#2802,#2803));
#447=EDGE_LOOP('',(#2804,#2805,#2806,#2807));
#448=EDGE_LOOP('',(#2808,#2809,#2810,#2811));
#449=EDGE_LOOP('',(#2812,#2813,#2814,#2815));
#450=EDGE_LOOP('',(#2816,#2817,#2818,#2819));
#451=EDGE_LOOP('',(#2820,#2821,#2822,#2823));
#452=EDGE_LOOP('',(#2824,#2825,#2826,#2827));
#453=EDGE_LOOP('',(#2828,#2829,#2830,#2831));
#454=EDGE_LOOP('',(#2832,#2833,#2834,#2835));
#455=EDGE_LOOP('',(#2836,#2837,#2838,#2839));
#456=EDGE_LOOP('',(#2840,#2841,#2842,#2843));
#457=EDGE_LOOP('',(#2844,#2845,#2846,#2847));
#458=EDGE_LOOP('',(#2848,#2849,#2850,#2851));
#459=EDGE_LOOP('',(#2852,#2853,#2854,#2855));
#460=EDGE_LOOP('',(#2856,#2857,#2858,#2859));
#461=EDGE_LOOP('',(#2860,#2861,#2862,#2863));
#462=EDGE_LOOP('',(#2864,#2865,#2866,#2867));
#463=EDGE_LOOP('',(#2868,#2869,#2870,#2871));
#464=EDGE_LOOP('',(#2872,#2873,#2874,#2875));
#465=EDGE_LOOP('',(#2876,#2877,#2878,#2879));
#466=EDGE_LOOP('',(#2880,#2881,#2882,#2883));
#467=EDGE_LOOP('',(#2884,#2885,#2886,#2887));
#468=EDGE_LOOP('',(#2888,#2889,#2890,#2891));
#469=EDGE_LOOP('',(#2892,#2893,#2894,#2895));
#470=EDGE_LOOP('',(#2896,#2897,#2898,#2899));
#471=EDGE_LOOP('',(#2900,#2901,#2902,#2903));
#472=EDGE_LOOP('',(#2904,#2905,#2906,#2907));
#473=EDGE_LOOP('',(#2908,#2909,#2910,#2911));
#474=EDGE_LOOP('',(#2912,#2913,#2914,#2915));
#475=EDGE_LOOP('',(#2916,#2917,#2918,#2919));
#476=EDGE_LOOP('',(#2920,#2921,#2922,#2923));
#477=EDGE_LOOP('',(#2924,#2925,#2926,#2927));
#478=EDGE_LOOP('',(#2928,#2929,#2930,#2931));
#479=EDGE_LOOP('',(#2932,#2933,#2934,#2935));
#480=EDGE_LOOP('',(#2936,#2937,#2938,#2939));
#481=EDGE_LOOP('',(#2940,#2941,#2942,#2943));
#482=EDGE_LOOP('',(#2944,#2945,#2946,#2947));
#483=EDGE_LOOP('',(#2948,#2949,#2950,#2951));
#484=EDGE_LOOP('',(#2952,#2953,#2954,#2955));
#485=EDGE_LOOP('',(#2956,#2957,#2958,#2959));
#486=EDGE_LOOP('',(#2960,#2961,#2962,#2963));
#487=EDGE_LOOP('',(#2964,#2965,#2966,#2967));
#488=EDGE_LOOP('',(#2968,#2969,#2970,#2971));
#489=EDGE_LOOP('',(#2972,#2973,#2974,#2975));
#490=EDGE_LOOP('',(#2976,#2977,#2978,#2979));
#491=EDGE_LOOP('',(#2980,#2981,#2982,#2983));
#492=EDGE_LOOP('',(#2984,#2985,#2986,#2987));
#493=EDGE_LOOP('',(#2988,#2989,#2990,#2991));
#494=EDGE_LOOP('',(#2992,#2993,#2994,#2995));
#495=EDGE_LOOP('',(#2996,#2997,#2998,#2999));
#496=EDGE_LOOP('',(#3000,#3001,#3002,#3003));
#497=EDGE_LOOP('',(#3004,#3005,#3006,#3007));
#498=EDGE_LOOP('',(#3008,#3009,#3010,#3011));
#499=EDGE_LOOP('',(#3012,#3013,#3014,#3015));
#500=EDGE_LOOP('',(#3016,#3017,#3018,#3019));
#501=EDGE_LOOP('',(#3020,#3021,#3022,#3023));
#502=EDGE_LOOP('',(#3024,#3025,#3026,#3027));
#503=EDGE_LOOP('',(#3028,#3029,#3030,#3031));
#504=EDGE_LOOP('',(#3032,#3033,#3034,#3035));
#505=EDGE_LOOP('',(#3036,#3037,#3038,#3039));
#506=EDGE_LOOP('',(#3040,#3041,#3042,#3043));
#507=EDGE_LOOP('',(#3044,#3045,#3046,#3047));
#508=EDGE_LOOP('',(#3048,#3049,#3050,#3051));
#509=EDGE_LOOP('',(#3052,#3053,#3054,#3055));
#510=EDGE_LOOP('',(#3056,#3057,#3058,#3059));
#511=EDGE_LOOP('',(#3060,#3061,#3062,#3063));
#512=EDGE_LOOP('',(#3064,#3065,#3066,#3067));
#513=EDGE_LOOP('',(#3068,#3069,#3070,#3071));
#514=EDGE_LOOP('',(#3072,#3073,#3074,#3075));
#515=EDGE_LOOP('',(#3076,#3077,#3078,#3079));
#516=EDGE_LOOP('',(#3080,#3081,#3082,#3083));
#517=EDGE_LOOP('',(#3084,#3085,#3086,#3087));
#518=EDGE_LOOP('',(#3088,#3089,#3090,#3091));
#519=EDGE_LOOP('',(#3092,#3093,#3094,#3095));
#520=EDGE_LOOP('',(#3096,#3097,#3098,#3099));
#521=EDGE_LOOP('',(#3100,#3101,#3102,#3103));
#522=EDGE_LOOP('',(#3104,#3105,#3106,#3107));
#523=EDGE_LOOP('',(#3108,#3109,#3110,#3111));
#524=EDGE_LOOP('',(#3112,#3113,#3114,#3115));
#525=EDGE_LOOP('',(#3116,#3117,#3118,#3119));
#526=EDGE_LOOP('',(#3120,#3121,#3122,#3123));
#527=EDGE_LOOP('',(#3124,#3125,#3126,#3127));
#528=EDGE_LOOP('',(#3128,#3129,#3130,#3131));
#529=EDGE_LOOP('',(#3132,#3133,#3134,#3135));
#530=EDGE_LOOP('',(#3136,#3137,#3138,#3139));
#531=EDGE_LOOP('',(#3140,#3141,#3142,#3143));
#532=EDGE_LOOP('',(#3144,#3145,#3146,#3147));
#533=EDGE_LOOP('',(#3148,#3149,#3150,#3151));
#534=EDGE_LOOP('',(#3152,#3153,#3154,#3155));
#535=EDGE_LOOP('',(#3156,#3157,#3158,#3159));
#536=EDGE_LOOP('',(#3160,#3161,#3162,#3163));
#537=EDGE_LOOP('',(#3164,#3165,#3166,#3167));
#538=EDGE_LOOP('',(#3168,#3169,#3170,#3171));
#539=EDGE_LOOP('',(#3172,#3173,#3174,#3175));
#540=EDGE_LOOP('',(#3176,#3177,#3178,#3179));
#541=EDGE_LOOP('',(#3180,#3181,#3182,#3183));
#542=EDGE_LOOP('',(#3184,#3185,#3186,#3187));
#543=EDGE_LOOP('',(#3188,#3189,#3190,#3191));
#544=LINE('',#4539,#984);
#545=LINE('',#4541,#985);
#546=LINE('',#4543,#986);
#547=LINE('',#4544,#987);
#548=LINE('',#4548,#988);
#549=LINE('',#4550,#989);
#550=LINE('',#4552,#990);
#551=LINE('',#4553,#991);
#552=LINE('',#4557,#992);
#553=LINE('',#4559,#993);
#554=LINE('',#4561,#994);
#555=LINE('',#4562,#995);
#556=LINE('',#4566,#996);
#557=LINE('',#4568,#997);
#558=LINE('',#4570,#998);
#559=LINE('',#4571,#999);
#560=LINE('',#4574,#1000);
#561=LINE('',#4576,#1001);
#562=LINE('',#4577,#1002);
#563=LINE('',#4580,#1003);
#564=LINE('',#4582,#1004);
#565=LINE('',#4583,#1005);
#566=LINE('',#4585,#1006);
#567=LINE('',#4586,#1007);
#568=LINE('',#4590,#1008);
#569=LINE('',#4592,#1009);
#570=LINE('',#4594,#1010);
#571=LINE('',#4595,#1011);
#572=LINE('',#4598,#1012);
#573=LINE('',#4600,#1013);
#574=LINE('',#4601,#1014);
#575=LINE('',#4604,#1015);
#576=LINE('',#4606,#1016);
#577=LINE('',#4607,#1017);
#578=LINE('',#4609,#1018);
#579=LINE('',#4610,#1019);
#580=LINE('',#4614,#1020);
#581=LINE('',#4616,#1021);
#582=LINE('',#4618,#1022);
#583=LINE('',#4619,#1023);
#584=LINE('',#4622,#1024);
#585=LINE('',#4624,#1025);
#586=LINE('',#4625,#1026);
#587=LINE('',#4628,#1027);
#588=LINE('',#4630,#1028);
#589=LINE('',#4631,#1029);
#590=LINE('',#4633,#1030);
#591=LINE('',#4634,#1031);
#592=LINE('',#4638,#1032);
#593=LINE('',#4640,#1033);
#594=LINE('',#4642,#1034);
#595=LINE('',#4643,#1035);
#596=LINE('',#4646,#1036);
#597=LINE('',#4648,#1037);
#598=LINE('',#4649,#1038);
#599=LINE('',#4652,#1039);
#600=LINE('',#4654,#1040);
#601=LINE('',#4655,#1041);
#602=LINE('',#4657,#1042);
#603=LINE('',#4658,#1043);
#604=LINE('',#4664,#1044);
#605=LINE('',#4667,#1045);
#606=LINE('',#4670,#1046);
#607=LINE('',#4672,#1047);
#608=LINE('',#4676,#1048);
#609=LINE('',#4680,#1049);
#610=LINE('',#4682,#1050);
#611=LINE('',#4686,#1051);
#612=LINE('',#4715,#1052);
#613=LINE('',#4734,#1053);
#614=LINE('',#4744,#1054);
#615=LINE('',#4747,#1055);
#616=LINE('',#4749,#1056);
#617=LINE('',#4750,#1057);
#618=LINE('',#4752,#1058);
#619=LINE('',#4754,#1059);
#620=LINE('',#4755,#1060);
#621=LINE('',#4757,#1061);
#622=LINE('',#4759,#1062);
#623=LINE('',#4760,#1063);
#624=LINE('',#4767,#1064);
#625=LINE('',#4769,#1065);
#626=LINE('',#4771,#1066);
#627=LINE('',#4772,#1067);
#628=LINE('',#4775,#1068);
#629=LINE('',#4777,#1069);
#630=LINE('',#4779,#1070);
#631=LINE('',#4780,#1071);
#632=LINE('',#4783,#1072);
#633=LINE('',#4785,#1073);
#634=LINE('',#4787,#1074);
#635=LINE('',#4788,#1075);
#636=LINE('',#4791,#1076);
#637=LINE('',#4793,#1077);
#638=LINE('',#4795,#1078);
#639=LINE('',#4796,#1079);
#640=LINE('',#4799,#1080);
#641=LINE('',#4801,#1081);
#642=LINE('',#4803,#1082);
#643=LINE('',#4804,#1083);
#644=LINE('',#4807,#1084);
#645=LINE('',#4809,#1085);
#646=LINE('',#4811,#1086);
#647=LINE('',#4812,#1087);
#648=LINE('',#4815,#1088);
#649=LINE('',#4817,#1089);
#650=LINE('',#4819,#1090);
#651=LINE('',#4820,#1091);
#652=LINE('',#4823,#1092);
#653=LINE('',#4825,#1093);
#654=LINE('',#4827,#1094);
#655=LINE('',#4828,#1095);
#656=LINE('',#4831,#1096);
#657=LINE('',#4833,#1097);
#658=LINE('',#4835,#1098);
#659=LINE('',#4836,#1099);
#660=LINE('',#4839,#1100);
#661=LINE('',#4841,#1101);
#662=LINE('',#4843,#1102);
#663=LINE('',#4844,#1103);
#664=LINE('',#4847,#1104);
#665=LINE('',#4849,#1105);
#666=LINE('',#4851,#1106);
#667=LINE('',#4852,#1107);
#668=LINE('',#4855,#1108);
#669=LINE('',#4857,#1109);
#670=LINE('',#4859,#1110);
#671=LINE('',#4860,#1111);
#672=LINE('',#4863,#1112);
#673=LINE('',#4865,#1113);
#674=LINE('',#4867,#1114);
#675=LINE('',#4868,#1115);
#676=LINE('',#4871,#1116);
#677=LINE('',#4873,#1117);
#678=LINE('',#4875,#1118);
#679=LINE('',#4876,#1119);
#680=LINE('',#4879,#1120);
#681=LINE('',#4881,#1121);
#682=LINE('',#4883,#1122);
#683=LINE('',#4884,#1123);
#684=LINE('',#4887,#1124);
#685=LINE('',#4889,#1125);
#686=LINE('',#4891,#1126);
#687=LINE('',#4892,#1127);
#688=LINE('',#4895,#1128);
#689=LINE('',#4897,#1129);
#690=LINE('',#4899,#1130);
#691=LINE('',#4900,#1131);
#692=LINE('',#4903,#1132);
#693=LINE('',#4905,#1133);
#694=LINE('',#4907,#1134);
#695=LINE('',#4908,#1135);
#696=LINE('',#4915,#1136);
#697=LINE('',#4917,#1137);
#698=LINE('',#4919,#1138);
#699=LINE('',#4920,#1139);
#700=LINE('',#4923,#1140);
#701=LINE('',#4925,#1141);
#702=LINE('',#4927,#1142);
#703=LINE('',#4928,#1143);
#704=LINE('',#4931,#1144);
#705=LINE('',#4933,#1145);
#706=LINE('',#4935,#1146);
#707=LINE('',#4936,#1147);
#708=LINE('',#4939,#1148);
#709=LINE('',#4941,#1149);
#710=LINE('',#4943,#1150);
#711=LINE('',#4944,#1151);
#712=LINE('',#4947,#1152);
#713=LINE('',#4949,#1153);
#714=LINE('',#4951,#1154);
#715=LINE('',#4953,#1155);
#716=LINE('',#4955,#1156);
#717=LINE('',#4957,#1157);
#718=LINE('',#4959,#1158);
#719=LINE('',#4961,#1159);
#720=LINE('',#4963,#1160);
#721=LINE('',#4965,#1161);
#722=LINE('',#4967,#1162);
#723=LINE('',#4968,#1163);
#724=LINE('',#4973,#1164);
#725=LINE('',#4975,#1165);
#726=LINE('',#4977,#1166);
#727=LINE('',#4978,#1167);
#728=LINE('',#4988,#1168);
#729=LINE('',#4989,#1169);
#730=LINE('',#4993,#1170);
#731=LINE('',#4995,#1171);
#732=LINE('',#4998,#1172);
#733=LINE('',#4999,#1173);
#734=LINE('',#5002,#1174);
#735=LINE('',#5003,#1175);
#736=LINE('',#5006,#1176);
#737=LINE('',#5007,#1177);
#738=LINE('',#5010,#1178);
#739=LINE('',#5011,#1179);
#740=LINE('',#5013,#1180);
#741=LINE('',#5016,#1181);
#742=LINE('',#5017,#1182);
#743=LINE('',#5019,#1183);
#744=LINE('',#5022,#1184);
#745=LINE('',#5023,#1185);
#746=LINE('',#5025,#1186);
#747=LINE('',#5028,#1187);
#748=LINE('',#5029,#1188);
#749=LINE('',#5033,#1189);
#750=LINE('',#5036,#1190);
#751=LINE('',#5037,#1191);
#752=LINE('',#5041,#1192);
#753=LINE('',#5044,#1193);
#754=LINE('',#5045,#1194);
#755=LINE('',#5048,#1195);
#756=LINE('',#5049,#1196);
#757=LINE('',#5053,#1197);
#758=LINE('',#5057,#1198);
#759=LINE('',#5058,#1199);
#760=LINE('',#5059,#1200);
#761=LINE('',#5062,#1201);
#762=LINE('',#5063,#1202);
#763=LINE('',#5066,#1203);
#764=LINE('',#5067,#1204);
#765=LINE('',#5069,#1205);
#766=LINE('',#5080,#1206);
#767=LINE('',#5099,#1207);
#768=LINE('',#5127,#1208);
#769=LINE('',#5134,#1209);
#770=LINE('',#5136,#1210);
#771=LINE('',#5138,#1211);
#772=LINE('',#5139,#1212);
#773=LINE('',#5142,#1213);
#774=LINE('',#5144,#1214);
#775=LINE('',#5146,#1215);
#776=LINE('',#5147,#1216);
#777=LINE('',#5150,#1217);
#778=LINE('',#5152,#1218);
#779=LINE('',#5154,#1219);
#780=LINE('',#5155,#1220);
#781=LINE('',#5158,#1221);
#782=LINE('',#5160,#1222);
#783=LINE('',#5162,#1223);
#784=LINE('',#5163,#1224);
#785=LINE('',#5166,#1225);
#786=LINE('',#5168,#1226);
#787=LINE('',#5170,#1227);
#788=LINE('',#5171,#1228);
#789=LINE('',#5174,#1229);
#790=LINE('',#5176,#1230);
#791=LINE('',#5178,#1231);
#792=LINE('',#5179,#1232);
#793=LINE('',#5182,#1233);
#794=LINE('',#5184,#1234);
#795=LINE('',#5186,#1235);
#796=LINE('',#5187,#1236);
#797=LINE('',#5190,#1237);
#798=LINE('',#5192,#1238);
#799=LINE('',#5194,#1239);
#800=LINE('',#5195,#1240);
#801=LINE('',#5198,#1241);
#802=LINE('',#5200,#1242);
#803=LINE('',#5202,#1243);
#804=LINE('',#5203,#1244);
#805=LINE('',#5206,#1245);
#806=LINE('',#5208,#1246);
#807=LINE('',#5210,#1247);
#808=LINE('',#5211,#1248);
#809=LINE('',#5214,#1249);
#810=LINE('',#5216,#1250);
#811=LINE('',#5218,#1251);
#812=LINE('',#5219,#1252);
#813=LINE('',#5222,#1253);
#814=LINE('',#5224,#1254);
#815=LINE('',#5226,#1255);
#816=LINE('',#5227,#1256);
#817=LINE('',#5230,#1257);
#818=LINE('',#5232,#1258);
#819=LINE('',#5234,#1259);
#820=LINE('',#5235,#1260);
#821=LINE('',#5238,#1261);
#822=LINE('',#5240,#1262);
#823=LINE('',#5242,#1263);
#824=LINE('',#5243,#1264);
#825=LINE('',#5246,#1265);
#826=LINE('',#5248,#1266);
#827=LINE('',#5250,#1267);
#828=LINE('',#5251,#1268);
#829=LINE('',#5254,#1269);
#830=LINE('',#5256,#1270);
#831=LINE('',#5258,#1271);
#832=LINE('',#5259,#1272);
#833=LINE('',#5262,#1273);
#834=LINE('',#5264,#1274);
#835=LINE('',#5266,#1275);
#836=LINE('',#5267,#1276);
#837=LINE('',#5270,#1277);
#838=LINE('',#5272,#1278);
#839=LINE('',#5274,#1279);
#840=LINE('',#5275,#1280);
#841=LINE('',#5282,#1281);
#842=LINE('',#5284,#1282);
#843=LINE('',#5286,#1283);
#844=LINE('',#5287,#1284);
#845=LINE('',#5290,#1285);
#846=LINE('',#5292,#1286);
#847=LINE('',#5294,#1287);
#848=LINE('',#5295,#1288);
#849=LINE('',#5298,#1289);
#850=LINE('',#5300,#1290);
#851=LINE('',#5302,#1291);
#852=LINE('',#5303,#1292);
#853=LINE('',#5306,#1293);
#854=LINE('',#5308,#1294);
#855=LINE('',#5310,#1295);
#856=LINE('',#5311,#1296);
#857=LINE('',#5314,#1297);
#858=LINE('',#5316,#1298);
#859=LINE('',#5318,#1299);
#860=LINE('',#5320,#1300);
#861=LINE('',#5322,#1301);
#862=LINE('',#5324,#1302);
#863=LINE('',#5326,#1303);
#864=LINE('',#5328,#1304);
#865=LINE('',#5330,#1305);
#866=LINE('',#5332,#1306);
#867=LINE('',#5334,#1307);
#868=LINE('',#5335,#1308);
#869=LINE('',#5339,#1309);
#870=LINE('',#5340,#1310);
#871=LINE('',#5342,#1311);
#872=LINE('',#5343,#1312);
#873=LINE('',#5345,#1313);
#874=LINE('',#5347,#1314);
#875=LINE('',#5348,#1315);
#876=LINE('',#5350,#1316);
#877=LINE('',#5352,#1317);
#878=LINE('',#5354,#1318);
#879=LINE('',#5356,#1319);
#880=LINE('',#5357,#1320);
#881=LINE('',#5360,#1321);
#882=LINE('',#5361,#1322);
#883=LINE('',#5363,#1323);
#884=LINE('',#5368,#1324);
#885=LINE('',#5370,#1325);
#886=LINE('',#5371,#1326);
#887=LINE('',#5373,#1327);
#888=LINE('',#5375,#1328);
#889=LINE('',#5377,#1329);
#890=LINE('',#5379,#1330);
#891=LINE('',#5381,#1331);
#892=LINE('',#5383,#1332);
#893=LINE('',#5385,#1333);
#894=LINE('',#5389,#1334);
#895=LINE('',#5390,#1335);
#896=LINE('',#5392,#1336);
#897=LINE('',#5394,#1337);
#898=LINE('',#5397,#1338);
#899=LINE('',#5398,#1339);
#900=LINE('',#5400,#1340);
#901=LINE('',#5402,#1341);
#902=LINE('',#5405,#1342);
#903=LINE('',#5406,#1343);
#904=LINE('',#5408,#1344);
#905=LINE('',#5410,#1345);
#906=LINE('',#5413,#1346);
#907=LINE('',#5414,#1347);
#908=LINE('',#5416,#1348);
#909=LINE('',#5418,#1349);
#910=LINE('',#5421,#1350);
#911=LINE('',#5422,#1351);
#912=LINE('',#5424,#1352);
#913=LINE('',#5426,#1353);
#914=LINE('',#5429,#1354);
#915=LINE('',#5430,#1355);
#916=LINE('',#5432,#1356);
#917=LINE('',#5434,#1357);
#918=LINE('',#5437,#1358);
#919=LINE('',#5438,#1359);
#920=LINE('',#5440,#1360);
#921=LINE('',#5442,#1361);
#922=LINE('',#5445,#1362);
#923=LINE('',#5446,#1363);
#924=LINE('',#5448,#1364);
#925=LINE('',#5450,#1365);
#926=LINE('',#5453,#1366);
#927=LINE('',#5454,#1367);
#928=LINE('',#5456,#1368);
#929=LINE('',#5458,#1369);
#930=LINE('',#5461,#1370);
#931=LINE('',#5462,#1371);
#932=LINE('',#5464,#1372);
#933=LINE('',#5466,#1373);
#934=LINE('',#5469,#1374);
#935=LINE('',#5470,#1375);
#936=LINE('',#5472,#1376);
#937=LINE('',#5474,#1377);
#938=LINE('',#5477,#1378);
#939=LINE('',#5478,#1379);
#940=LINE('',#5480,#1380);
#941=LINE('',#5482,#1381);
#942=LINE('',#5485,#1382);
#943=LINE('',#5486,#1383);
#944=LINE('',#5488,#1384);
#945=LINE('',#5490,#1385);
#946=LINE('',#5493,#1386);
#947=LINE('',#5494,#1387);
#948=LINE('',#5496,#1388);
#949=LINE('',#5498,#1389);
#950=LINE('',#5501,#1390);
#951=LINE('',#5502,#1391);
#952=LINE('',#5504,#1392);
#953=LINE('',#5506,#1393);
#954=LINE('',#5509,#1394);
#955=LINE('',#5510,#1395);
#956=LINE('',#5512,#1396);
#957=LINE('',#5514,#1397);
#958=LINE('',#5517,#1398);
#959=LINE('',#5518,#1399);
#960=LINE('',#5520,#1400);
#961=LINE('',#5522,#1401);
#962=LINE('',#5525,#1402);
#963=LINE('',#5527,#1403);
#964=LINE('',#5531,#1404);
#965=LINE('',#5532,#1405);
#966=LINE('',#5534,#1406);
#967=LINE('',#5536,#1407);
#968=LINE('',#5539,#1408);
#969=LINE('',#5540,#1409);
#970=LINE('',#5542,#1410);
#971=LINE('',#5544,#1411);
#972=LINE('',#5547,#1412);
#973=LINE('',#5548,#1413);
#974=LINE('',#5550,#1414);
#975=LINE('',#5552,#1415);
#976=LINE('',#5555,#1416);
#977=LINE('',#5556,#1417);
#978=LINE('',#5558,#1418);
#979=LINE('',#5560,#1419);
#980=LINE('',#5563,#1420);
#981=LINE('',#5564,#1421);
#982=LINE('',#5566,#1422);
#983=LINE('',#5568,#1423);
#984=VECTOR('',#3709,10.);
#985=VECTOR('',#3710,10.);
#986=VECTOR('',#3711,10.);
#987=VECTOR('',#3712,10.);
#988=VECTOR('',#3715,10.);
#989=VECTOR('',#3716,10.);
#990=VECTOR('',#3717,10.);
#991=VECTOR('',#3718,10.);
#992=VECTOR('',#3721,10.);
#993=VECTOR('',#3722,10.);
#994=VECTOR('',#3723,10.);
#995=VECTOR('',#3724,10.);
#996=VECTOR('',#3727,10.);
#997=VECTOR('',#3728,10.);
#998=VECTOR('',#3729,10.);
#999=VECTOR('',#3730,10.);
#1000=VECTOR('',#3733,10.);
#1001=VECTOR('',#3734,10.);
#1002=VECTOR('',#3735,10.);
#1003=VECTOR('',#3738,10.);
#1004=VECTOR('',#3739,10.);
#1005=VECTOR('',#3740,10.);
#1006=VECTOR('',#3743,10.);
#1007=VECTOR('',#3744,10.);
#1008=VECTOR('',#3747,10.);
#1009=VECTOR('',#3748,10.);
#1010=VECTOR('',#3749,10.);
#1011=VECTOR('',#3750,10.);
#1012=VECTOR('',#3753,10.);
#1013=VECTOR('',#3754,10.);
#1014=VECTOR('',#3755,10.);
#1015=VECTOR('',#3758,10.);
#1016=VECTOR('',#3759,10.);
#1017=VECTOR('',#3760,10.);
#1018=VECTOR('',#3763,10.);
#1019=VECTOR('',#3764,10.);
#1020=VECTOR('',#3767,10.);
#1021=VECTOR('',#3768,10.);
#1022=VECTOR('',#3769,10.);
#1023=VECTOR('',#3770,10.);
#1024=VECTOR('',#3773,10.);
#1025=VECTOR('',#3774,10.);
#1026=VECTOR('',#3775,10.);
#1027=VECTOR('',#3778,10.);
#1028=VECTOR('',#3779,10.);
#1029=VECTOR('',#3780,10.);
#1030=VECTOR('',#3783,10.);
#1031=VECTOR('',#3784,10.);
#1032=VECTOR('',#3787,10.);
#1033=VECTOR('',#3788,10.);
#1034=VECTOR('',#3789,10.);
#1035=VECTOR('',#3790,10.);
#1036=VECTOR('',#3793,10.);
#1037=VECTOR('',#3794,10.);
#1038=VECTOR('',#3795,10.);
#1039=VECTOR('',#3798,10.);
#1040=VECTOR('',#3799,10.);
#1041=VECTOR('',#3800,10.);
#1042=VECTOR('',#3803,10.);
#1043=VECTOR('',#3804,10.);
#1044=VECTOR('',#3809,10.);
#1045=VECTOR('',#3812,10.);
#1046=VECTOR('',#3815,10.);
#1047=VECTOR('',#3816,10.);
#1048=VECTOR('',#3819,10.);
#1049=VECTOR('',#3822,10.);
#1050=VECTOR('',#3823,10.);
#1051=VECTOR('',#3826,10.);
#1052=VECTOR('',#3833,10.);
#1053=VECTOR('',#3838,10.);
#1054=VECTOR('',#3841,10.);
#1055=VECTOR('',#3844,10.);
#1056=VECTOR('',#3845,10.);
#1057=VECTOR('',#3846,10.);
#1058=VECTOR('',#3847,10.);
#1059=VECTOR('',#3848,10.);
#1060=VECTOR('',#3849,10.);
#1061=VECTOR('',#3850,10.);
#1062=VECTOR('',#3851,10.);
#1063=VECTOR('',#3852,10.);
#1064=VECTOR('',#3857,10.);
#1065=VECTOR('',#3858,10.);
#1066=VECTOR('',#3859,10.);
#1067=VECTOR('',#3860,10.);
#1068=VECTOR('',#3861,10.);
#1069=VECTOR('',#3862,10.);
#1070=VECTOR('',#3863,10.);
#1071=VECTOR('',#3864,10.);
#1072=VECTOR('',#3865,10.);
#1073=VECTOR('',#3866,10.);
#1074=VECTOR('',#3867,10.);
#1075=VECTOR('',#3868,10.);
#1076=VECTOR('',#3869,10.);
#1077=VECTOR('',#3870,10.);
#1078=VECTOR('',#3871,10.);
#1079=VECTOR('',#3872,10.);
#1080=VECTOR('',#3873,10.);
#1081=VECTOR('',#3874,10.);
#1082=VECTOR('',#3875,10.);
#1083=VECTOR('',#3876,10.);
#1084=VECTOR('',#3877,10.);
#1085=VECTOR('',#3878,10.);
#1086=VECTOR('',#3879,10.);
#1087=VECTOR('',#3880,10.);
#1088=VECTOR('',#3881,10.);
#1089=VECTOR('',#3882,10.);
#1090=VECTOR('',#3883,10.);
#1091=VECTOR('',#3884,10.);
#1092=VECTOR('',#3885,10.);
#1093=VECTOR('',#3886,10.);
#1094=VECTOR('',#3887,10.);
#1095=VECTOR('',#3888,10.);
#1096=VECTOR('',#3889,10.);
#1097=VECTOR('',#3890,10.);
#1098=VECTOR('',#3891,10.);
#1099=VECTOR('',#3892,10.);
#1100=VECTOR('',#3893,10.);
#1101=VECTOR('',#3894,10.);
#1102=VECTOR('',#3895,10.);
#1103=VECTOR('',#3896,10.);
#1104=VECTOR('',#3897,10.);
#1105=VECTOR('',#3898,10.);
#1106=VECTOR('',#3899,10.);
#1107=VECTOR('',#3900,10.);
#1108=VECTOR('',#3901,10.);
#1109=VECTOR('',#3902,10.);
#1110=VECTOR('',#3903,10.);
#1111=VECTOR('',#3904,10.);
#1112=VECTOR('',#3905,10.);
#1113=VECTOR('',#3906,10.);
#1114=VECTOR('',#3907,10.);
#1115=VECTOR('',#3908,10.);
#1116=VECTOR('',#3909,10.);
#1117=VECTOR('',#3910,10.);
#1118=VECTOR('',#3911,10.);
#1119=VECTOR('',#3912,10.);
#1120=VECTOR('',#3913,10.);
#1121=VECTOR('',#3914,10.);
#1122=VECTOR('',#3915,10.);
#1123=VECTOR('',#3916,10.);
#1124=VECTOR('',#3917,10.);
#1125=VECTOR('',#3918,10.);
#1126=VECTOR('',#3919,10.);
#1127=VECTOR('',#3920,10.);
#1128=VECTOR('',#3921,10.);
#1129=VECTOR('',#3922,10.);
#1130=VECTOR('',#3923,10.);
#1131=VECTOR('',#3924,10.);
#1132=VECTOR('',#3925,10.);
#1133=VECTOR('',#3926,10.);
#1134=VECTOR('',#3927,10.);
#1135=VECTOR('',#3928,10.);
#1136=VECTOR('',#3933,10.);
#1137=VECTOR('',#3934,10.);
#1138=VECTOR('',#3935,10.);
#1139=VECTOR('',#3936,10.);
#1140=VECTOR('',#3937,10.);
#1141=VECTOR('',#3938,10.);
#1142=VECTOR('',#3939,10.);
#1143=VECTOR('',#3940,10.);
#1144=VECTOR('',#3941,10.);
#1145=VECTOR('',#3942,10.);
#1146=VECTOR('',#3943,10.);
#1147=VECTOR('',#3944,10.);
#1148=VECTOR('',#3945,10.);
#1149=VECTOR('',#3946,10.);
#1150=VECTOR('',#3947,10.);
#1151=VECTOR('',#3948,10.);
#1152=VECTOR('',#3949,10.);
#1153=VECTOR('',#3950,10.);
#1154=VECTOR('',#3951,10.);
#1155=VECTOR('',#3952,10.);
#1156=VECTOR('',#3953,10.);
#1157=VECTOR('',#3954,10.);
#1158=VECTOR('',#3955,10.);
#1159=VECTOR('',#3956,10.);
#1160=VECTOR('',#3957,10.);
#1161=VECTOR('',#3958,10.);
#1162=VECTOR('',#3959,10.);
#1163=VECTOR('',#3960,10.);
#1164=VECTOR('',#3963,10.);
#1165=VECTOR('',#3964,10.);
#1166=VECTOR('',#3965,10.);
#1167=VECTOR('',#3966,10.);
#1168=VECTOR('',#3969,10.);
#1169=VECTOR('',#3970,10.);
#1170=VECTOR('',#3975,10.);
#1171=VECTOR('',#3978,10.);
#1172=VECTOR('',#3981,10.);
#1173=VECTOR('',#3982,10.);
#1174=VECTOR('',#3985,10.);
#1175=VECTOR('',#3986,10.);
#1176=VECTOR('',#3989,10.);
#1177=VECTOR('',#3990,10.);
#1178=VECTOR('',#3993,10.);
#1179=VECTOR('',#3994,10.);
#1180=VECTOR('',#3997,10.);
#1181=VECTOR('',#4000,10.);
#1182=VECTOR('',#4001,10.);
#1183=VECTOR('',#4004,10.);
#1184=VECTOR('',#4007,10.);
#1185=VECTOR('',#4008,10.);
#1186=VECTOR('',#4011,10.);
#1187=VECTOR('',#4014,10.);
#1188=VECTOR('',#4015,10.);
#1189=VECTOR('',#4020,10.);
#1190=VECTOR('',#4023,10.);
#1191=VECTOR('',#4024,10.);
#1192=VECTOR('',#4029,10.);
#1193=VECTOR('',#4032,10.);
#1194=VECTOR('',#4033,10.);
#1195=VECTOR('',#4036,10.);
#1196=VECTOR('',#4037,10.);
#1197=VECTOR('',#4042,10.);
#1198=VECTOR('',#4045,10.);
#1199=VECTOR('',#4046,10.);
#1200=VECTOR('',#4047,10.);
#1201=VECTOR('',#4050,10.);
#1202=VECTOR('',#4051,10.);
#1203=VECTOR('',#4054,10.);
#1204=VECTOR('',#4055,10.);
#1205=VECTOR('',#4058,10.);
#1206=VECTOR('',#4063,10.);
#1207=VECTOR('',#4070,10.);
#1208=VECTOR('',#4077,10.);
#1209=VECTOR('',#4082,10.);
#1210=VECTOR('',#4083,10.);
#1211=VECTOR('',#4084,10.);
#1212=VECTOR('',#4085,10.);
#1213=VECTOR('',#4086,10.);
#1214=VECTOR('',#4087,10.);
#1215=VECTOR('',#4088,10.);
#1216=VECTOR('',#4089,10.);
#1217=VECTOR('',#4090,10.);
#1218=VECTOR('',#4091,10.);
#1219=VECTOR('',#4092,10.);
#1220=VECTOR('',#4093,10.);
#1221=VECTOR('',#4094,10.);
#1222=VECTOR('',#4095,10.);
#1223=VECTOR('',#4096,10.);
#1224=VECTOR('',#4097,10.);
#1225=VECTOR('',#4098,10.);
#1226=VECTOR('',#4099,10.);
#1227=VECTOR('',#4100,10.);
#1228=VECTOR('',#4101,10.);
#1229=VECTOR('',#4102,10.);
#1230=VECTOR('',#4103,10.);
#1231=VECTOR('',#4104,10.);
#1232=VECTOR('',#4105,10.);
#1233=VECTOR('',#4106,10.);
#1234=VECTOR('',#4107,10.);
#1235=VECTOR('',#4108,10.);
#1236=VECTOR('',#4109,10.);
#1237=VECTOR('',#4110,10.);
#1238=VECTOR('',#4111,10.);
#1239=VECTOR('',#4112,10.);
#1240=VECTOR('',#4113,10.);
#1241=VECTOR('',#4114,10.);
#1242=VECTOR('',#4115,10.);
#1243=VECTOR('',#4116,10.);
#1244=VECTOR('',#4117,10.);
#1245=VECTOR('',#4118,10.);
#1246=VECTOR('',#4119,10.);
#1247=VECTOR('',#4120,10.);
#1248=VECTOR('',#4121,10.);
#1249=VECTOR('',#4122,10.);
#1250=VECTOR('',#4123,10.);
#1251=VECTOR('',#4124,10.);
#1252=VECTOR('',#4125,10.);
#1253=VECTOR('',#4126,10.);
#1254=VECTOR('',#4127,10.);
#1255=VECTOR('',#4128,10.);
#1256=VECTOR('',#4129,10.);
#1257=VECTOR('',#4130,10.);
#1258=VECTOR('',#4131,10.);
#1259=VECTOR('',#4132,10.);
#1260=VECTOR('',#4133,10.);
#1261=VECTOR('',#4134,10.);
#1262=VECTOR('',#4135,10.);
#1263=VECTOR('',#4136,10.);
#1264=VECTOR('',#4137,10.);
#1265=VECTOR('',#4138,10.);
#1266=VECTOR('',#4139,10.);
#1267=VECTOR('',#4140,10.);
#1268=VECTOR('',#4141,10.);
#1269=VECTOR('',#4142,10.);
#1270=VECTOR('',#4143,10.);
#1271=VECTOR('',#4144,10.);
#1272=VECTOR('',#4145,10.);
#1273=VECTOR('',#4146,10.);
#1274=VECTOR('',#4147,10.);
#1275=VECTOR('',#4148,10.);
#1276=VECTOR('',#4149,10.);
#1277=VECTOR('',#4150,10.);
#1278=VECTOR('',#4151,10.);
#1279=VECTOR('',#4152,10.);
#1280=VECTOR('',#4153,10.);
#1281=VECTOR('',#4158,10.);
#1282=VECTOR('',#4159,10.);
#1283=VECTOR('',#4160,10.);
#1284=VECTOR('',#4161,10.);
#1285=VECTOR('',#4162,10.);
#1286=VECTOR('',#4163,10.);
#1287=VECTOR('',#4164,10.);
#1288=VECTOR('',#4165,10.);
#1289=VECTOR('',#4166,10.);
#1290=VECTOR('',#4167,10.);
#1291=VECTOR('',#4168,10.);
#1292=VECTOR('',#4169,10.);
#1293=VECTOR('',#4170,10.);
#1294=VECTOR('',#4171,10.);
#1295=VECTOR('',#4172,10.);
#1296=VECTOR('',#4173,10.);
#1297=VECTOR('',#4174,10.);
#1298=VECTOR('',#4175,10.);
#1299=VECTOR('',#4176,10.);
#1300=VECTOR('',#4177,10.);
#1301=VECTOR('',#4178,10.);
#1302=VECTOR('',#4179,10.);
#1303=VECTOR('',#4180,10.);
#1304=VECTOR('',#4181,10.);
#1305=VECTOR('',#4182,10.);
#1306=VECTOR('',#4183,10.);
#1307=VECTOR('',#4184,10.);
#1308=VECTOR('',#4185,10.);
#1309=VECTOR('',#4190,10.);
#1310=VECTOR('',#4191,10.);
#1311=VECTOR('',#4194,10.);
#1312=VECTOR('',#4195,10.);
#1313=VECTOR('',#4198,10.);
#1314=VECTOR('',#4201,10.);
#1315=VECTOR('',#4202,10.);
#1316=VECTOR('',#4205,10.);
#1317=VECTOR('',#4208,10.);
#1318=VECTOR('',#4211,10.);
#1319=VECTOR('',#4214,10.);
#1320=VECTOR('',#4215,10.);
#1321=VECTOR('',#4220,10.);
#1322=VECTOR('',#4221,10.);
#1323=VECTOR('',#4224,10.);
#1324=VECTOR('',#4231,10.);
#1325=VECTOR('',#4234,10.);
#1326=VECTOR('',#4235,10.);
#1327=VECTOR('',#4238,10.);
#1328=VECTOR('',#4241,10.);
#1329=VECTOR('',#4244,10.);
#1330=VECTOR('',#4247,10.);
#1331=VECTOR('',#4250,10.);
#1332=VECTOR('',#4253,10.);
#1333=VECTOR('',#4256,10.);
#1334=VECTOR('',#4263,10.);
#1335=VECTOR('',#4264,10.);
#1336=VECTOR('',#4267,10.);
#1337=VECTOR('',#4270,10.);
#1338=VECTOR('',#4275,10.);
#1339=VECTOR('',#4276,10.);
#1340=VECTOR('',#4279,10.);
#1341=VECTOR('',#4282,10.);
#1342=VECTOR('',#4287,10.);
#1343=VECTOR('',#4288,10.);
#1344=VECTOR('',#4291,10.);
#1345=VECTOR('',#4294,10.);
#1346=VECTOR('',#4299,10.);
#1347=VECTOR('',#4300,10.);
#1348=VECTOR('',#4303,10.);
#1349=VECTOR('',#4306,10.);
#1350=VECTOR('',#4311,10.);
#1351=VECTOR('',#4312,10.);
#1352=VECTOR('',#4315,10.);
#1353=VECTOR('',#4318,10.);
#1354=VECTOR('',#4323,10.);
#1355=VECTOR('',#4324,10.);
#1356=VECTOR('',#4327,10.);
#1357=VECTOR('',#4330,10.);
#1358=VECTOR('',#4335,10.);
#1359=VECTOR('',#4336,10.);
#1360=VECTOR('',#4339,10.);
#1361=VECTOR('',#4342,10.);
#1362=VECTOR('',#4347,10.);
#1363=VECTOR('',#4348,10.);
#1364=VECTOR('',#4351,10.);
#1365=VECTOR('',#4354,10.);
#1366=VECTOR('',#4359,10.);
#1367=VECTOR('',#4360,10.);
#1368=VECTOR('',#4363,10.);
#1369=VECTOR('',#4366,10.);
#1370=VECTOR('',#4371,10.);
#1371=VECTOR('',#4372,10.);
#1372=VECTOR('',#4375,10.);
#1373=VECTOR('',#4378,10.);
#1374=VECTOR('',#4383,10.);
#1375=VECTOR('',#4384,10.);
#1376=VECTOR('',#4387,10.);
#1377=VECTOR('',#4390,10.);
#1378=VECTOR('',#4395,10.);
#1379=VECTOR('',#4396,10.);
#1380=VECTOR('',#4399,10.);
#1381=VECTOR('',#4402,10.);
#1382=VECTOR('',#4407,10.);
#1383=VECTOR('',#4408,10.);
#1384=VECTOR('',#4411,10.);
#1385=VECTOR('',#4414,10.);
#1386=VECTOR('',#4419,10.);
#1387=VECTOR('',#4420,10.);
#1388=VECTOR('',#4423,10.);
#1389=VECTOR('',#4426,10.);
#1390=VECTOR('',#4431,10.);
#1391=VECTOR('',#4432,10.);
#1392=VECTOR('',#4435,10.);
#1393=VECTOR('',#4438,10.);
#1394=VECTOR('',#4443,10.);
#1395=VECTOR('',#4444,10.);
#1396=VECTOR('',#4447,10.);
#1397=VECTOR('',#4450,10.);
#1398=VECTOR('',#4455,10.);
#1399=VECTOR('',#4456,10.);
#1400=VECTOR('',#4459,10.);
#1401=VECTOR('',#4462,10.);
#1402=VECTOR('',#4467,10.);
#1403=VECTOR('',#4470,10.);
#1404=VECTOR('',#4477,10.);
#1405=VECTOR('',#4478,10.);
#1406=VECTOR('',#4481,10.);
#1407=VECTOR('',#4484,10.);
#1408=VECTOR('',#4489,10.);
#1409=VECTOR('',#4490,10.);
#1410=VECTOR('',#4493,10.);
#1411=VECTOR('',#4496,10.);
#1412=VECTOR('',#4501,10.);
#1413=VECTOR('',#4502,10.);
#1414=VECTOR('',#4505,10.);
#1415=VECTOR('',#4508,10.);
#1416=VECTOR('',#4513,10.);
#1417=VECTOR('',#4514,10.);
#1418=VECTOR('',#4517,10.);
#1419=VECTOR('',#4520,10.);
#1420=VECTOR('',#4525,10.);
#1421=VECTOR('',#4526,10.);
#1422=VECTOR('',#4529,10.);
#1423=VECTOR('',#4532,10.);
#1424=VERTEX_POINT('',#4537);
#1425=VERTEX_POINT('',#4538);
#1426=VERTEX_POINT('',#4540);
#1427=VERTEX_POINT('',#4542);
#1428=VERTEX_POINT('',#4546);
#1429=VERTEX_POINT('',#4547);
#1430=VERTEX_POINT('',#4549);
#1431=VERTEX_POINT('',#4551);
#1432=VERTEX_POINT('',#4555);
#1433=VERTEX_POINT('',#4556);
#1434=VERTEX_POINT('',#4558);
#1435=VERTEX_POINT('',#4560);
#1436=VERTEX_POINT('',#4564);
#1437=VERTEX_POINT('',#4565);
#1438=VERTEX_POINT('',#4567);
#1439=VERTEX_POINT('',#4569);
#1440=VERTEX_POINT('',#4573);
#1441=VERTEX_POINT('',#4575);
#1442=VERTEX_POINT('',#4579);
#1443=VERTEX_POINT('',#4581);
#1444=VERTEX_POINT('',#4588);
#1445=VERTEX_POINT('',#4589);
#1446=VERTEX_POINT('',#4591);
#1447=VERTEX_POINT('',#4593);
#1448=VERTEX_POINT('',#4597);
#1449=VERTEX_POINT('',#4599);
#1450=VERTEX_POINT('',#4603);
#1451=VERTEX_POINT('',#4605);
#1452=VERTEX_POINT('',#4612);
#1453=VERTEX_POINT('',#4613);
#1454=VERTEX_POINT('',#4615);
#1455=VERTEX_POINT('',#4617);
#1456=VERTEX_POINT('',#4621);
#1457=VERTEX_POINT('',#4623);
#1458=VERTEX_POINT('',#4627);
#1459=VERTEX_POINT('',#4629);
#1460=VERTEX_POINT('',#4636);
#1461=VERTEX_POINT('',#4637);
#1462=VERTEX_POINT('',#4639);
#1463=VERTEX_POINT('',#4641);
#1464=VERTEX_POINT('',#4645);
#1465=VERTEX_POINT('',#4647);
#1466=VERTEX_POINT('',#4651);
#1467=VERTEX_POINT('',#4653);
#1468=VERTEX_POINT('',#4660);
#1469=VERTEX_POINT('',#4661);
#1470=VERTEX_POINT('',#4663);
#1471=VERTEX_POINT('',#4665);
#1472=VERTEX_POINT('',#4669);
#1473=VERTEX_POINT('',#4671);
#1474=VERTEX_POINT('',#4673);
#1475=VERTEX_POINT('',#4675);
#1476=VERTEX_POINT('',#4677);
#1477=VERTEX_POINT('',#4679);
#1478=VERTEX_POINT('',#4681);
#1479=VERTEX_POINT('',#4683);
#1480=VERTEX_POINT('',#4685);
#1481=VERTEX_POINT('',#4687);
#1482=VERTEX_POINT('',#4708);
#1483=VERTEX_POINT('',#4710);
#1484=VERTEX_POINT('',#4712);
#1485=VERTEX_POINT('',#4714);
#1486=VERTEX_POINT('',#4716);
#1487=VERTEX_POINT('',#4718);
#1488=VERTEX_POINT('',#4731);
#1489=VERTEX_POINT('',#4733);
#1490=VERTEX_POINT('',#4735);
#1491=VERTEX_POINT('',#4737);
#1492=VERTEX_POINT('',#4743);
#1493=VERTEX_POINT('',#4746);
#1494=VERTEX_POINT('',#4748);
#1495=VERTEX_POINT('',#4751);
#1496=VERTEX_POINT('',#4753);
#1497=VERTEX_POINT('',#4756);
#1498=VERTEX_POINT('',#4758);
#1499=VERTEX_POINT('',#4761);
#1500=VERTEX_POINT('',#4763);
#1501=VERTEX_POINT('',#4765);
#1502=VERTEX_POINT('',#4766);
#1503=VERTEX_POINT('',#4768);
#1504=VERTEX_POINT('',#4770);
#1505=VERTEX_POINT('',#4773);
#1506=VERTEX_POINT('',#4774);
#1507=VERTEX_POINT('',#4776);
#1508=VERTEX_POINT('',#4778);
#1509=VERTEX_POINT('',#4781);
#1510=VERTEX_POINT('',#4782);
#1511=VERTEX_POINT('',#4784);
#1512=VERTEX_POINT('',#4786);
#1513=VERTEX_POINT('',#4789);
#1514=VERTEX_POINT('',#4790);
#1515=VERTEX_POINT('',#4792);
#1516=VERTEX_POINT('',#4794);
#1517=VERTEX_POINT('',#4797);
#1518=VERTEX_POINT('',#4798);
#1519=VERTEX_POINT('',#4800);
#1520=VERTEX_POINT('',#4802);
#1521=VERTEX_POINT('',#4805);
#1522=VERTEX_POINT('',#4806);
#1523=VERTEX_POINT('',#4808);
#1524=VERTEX_POINT('',#4810);
#1525=VERTEX_POINT('',#4813);
#1526=VERTEX_POINT('',#4814);
#1527=VERTEX_POINT('',#4816);
#1528=VERTEX_POINT('',#4818);
#1529=VERTEX_POINT('',#4821);
#1530=VERTEX_POINT('',#4822);
#1531=VERTEX_POINT('',#4824);
#1532=VERTEX_POINT('',#4826);
#1533=VERTEX_POINT('',#4829);
#1534=VERTEX_POINT('',#4830);
#1535=VERTEX_POINT('',#4832);
#1536=VERTEX_POINT('',#4834);
#1537=VERTEX_POINT('',#4837);
#1538=VERTEX_POINT('',#4838);
#1539=VERTEX_POINT('',#4840);
#1540=VERTEX_POINT('',#4842);
#1541=VERTEX_POINT('',#4845);
#1542=VERTEX_POINT('',#4846);
#1543=VERTEX_POINT('',#4848);
#1544=VERTEX_POINT('',#4850);
#1545=VERTEX_POINT('',#4853);
#1546=VERTEX_POINT('',#4854);
#1547=VERTEX_POINT('',#4856);
#1548=VERTEX_POINT('',#4858);
#1549=VERTEX_POINT('',#4861);
#1550=VERTEX_POINT('',#4862);
#1551=VERTEX_POINT('',#4864);
#1552=VERTEX_POINT('',#4866);
#1553=VERTEX_POINT('',#4869);
#1554=VERTEX_POINT('',#4870);
#1555=VERTEX_POINT('',#4872);
#1556=VERTEX_POINT('',#4874);
#1557=VERTEX_POINT('',#4877);
#1558=VERTEX_POINT('',#4878);
#1559=VERTEX_POINT('',#4880);
#1560=VERTEX_POINT('',#4882);
#1561=VERTEX_POINT('',#4885);
#1562=VERTEX_POINT('',#4886);
#1563=VERTEX_POINT('',#4888);
#1564=VERTEX_POINT('',#4890);
#1565=VERTEX_POINT('',#4893);
#1566=VERTEX_POINT('',#4894);
#1567=VERTEX_POINT('',#4896);
#1568=VERTEX_POINT('',#4898);
#1569=VERTEX_POINT('',#4901);
#1570=VERTEX_POINT('',#4902);
#1571=VERTEX_POINT('',#4904);
#1572=VERTEX_POINT('',#4906);
#1573=VERTEX_POINT('',#4909);
#1574=VERTEX_POINT('',#4911);
#1575=VERTEX_POINT('',#4913);
#1576=VERTEX_POINT('',#4914);
#1577=VERTEX_POINT('',#4916);
#1578=VERTEX_POINT('',#4918);
#1579=VERTEX_POINT('',#4921);
#1580=VERTEX_POINT('',#4922);
#1581=VERTEX_POINT('',#4924);
#1582=VERTEX_POINT('',#4926);
#1583=VERTEX_POINT('',#4929);
#1584=VERTEX_POINT('',#4930);
#1585=VERTEX_POINT('',#4932);
#1586=VERTEX_POINT('',#4934);
#1587=VERTEX_POINT('',#4937);
#1588=VERTEX_POINT('',#4938);
#1589=VERTEX_POINT('',#4940);
#1590=VERTEX_POINT('',#4942);
#1591=VERTEX_POINT('',#4945);
#1592=VERTEX_POINT('',#4946);
#1593=VERTEX_POINT('',#4948);
#1594=VERTEX_POINT('',#4950);
#1595=VERTEX_POINT('',#4952);
#1596=VERTEX_POINT('',#4954);
#1597=VERTEX_POINT('',#4956);
#1598=VERTEX_POINT('',#4958);
#1599=VERTEX_POINT('',#4960);
#1600=VERTEX_POINT('',#4962);
#1601=VERTEX_POINT('',#4964);
#1602=VERTEX_POINT('',#4966);
#1603=VERTEX_POINT('',#4969);
#1604=VERTEX_POINT('',#4971);
#1605=VERTEX_POINT('',#4972);
#1606=VERTEX_POINT('',#4974);
#1607=VERTEX_POINT('',#4976);
#1608=VERTEX_POINT('',#4980);
#1609=VERTEX_POINT('',#4987);
#1610=VERTEX_POINT('',#4991);
#1611=VERTEX_POINT('',#4997);
#1612=VERTEX_POINT('',#5001);
#1613=VERTEX_POINT('',#5005);
#1614=VERTEX_POINT('',#5009);
#1615=VERTEX_POINT('',#5015);
#1616=VERTEX_POINT('',#5021);
#1617=VERTEX_POINT('',#5027);
#1618=VERTEX_POINT('',#5031);
#1619=VERTEX_POINT('',#5035);
#1620=VERTEX_POINT('',#5039);
#1621=VERTEX_POINT('',#5043);
#1622=VERTEX_POINT('',#5047);
#1623=VERTEX_POINT('',#5051);
#1624=VERTEX_POINT('',#5055);
#1625=VERTEX_POINT('',#5056);
#1626=VERTEX_POINT('',#5061);
#1627=VERTEX_POINT('',#5065);
#1628=VERTEX_POINT('',#5071);
#1629=VERTEX_POINT('',#5077);
#1630=VERTEX_POINT('',#5079);
#1631=VERTEX_POINT('',#5081);
#1632=VERTEX_POINT('',#5083);
#1633=VERTEX_POINT('',#5085);
#1634=VERTEX_POINT('',#5096);
#1635=VERTEX_POINT('',#5098);
#1636=VERTEX_POINT('',#5100);
#1637=VERTEX_POINT('',#5102);
#1638=VERTEX_POINT('',#5104);
#1639=VERTEX_POINT('',#5106);
#1640=VERTEX_POINT('',#5128);
#1641=VERTEX_POINT('',#5130);
#1642=VERTEX_POINT('',#5132);
#1643=VERTEX_POINT('',#5133);
#1644=VERTEX_POINT('',#5135);
#1645=VERTEX_POINT('',#5137);
#1646=VERTEX_POINT('',#5140);
#1647=VERTEX_POINT('',#5141);
#1648=VERTEX_POINT('',#5143);
#1649=VERTEX_POINT('',#5145);
#1650=VERTEX_POINT('',#5148);
#1651=VERTEX_POINT('',#5149);
#1652=VERTEX_POINT('',#5151);
#1653=VERTEX_POINT('',#5153);
#1654=VERTEX_POINT('',#5156);
#1655=VERTEX_POINT('',#5157);
#1656=VERTEX_POINT('',#5159);
#1657=VERTEX_POINT('',#5161);
#1658=VERTEX_POINT('',#5164);
#1659=VERTEX_POINT('',#5165);
#1660=VERTEX_POINT('',#5167);
#1661=VERTEX_POINT('',#5169);
#1662=VERTEX_POINT('',#5172);
#1663=VERTEX_POINT('',#5173);
#1664=VERTEX_POINT('',#5175);
#1665=VERTEX_POINT('',#5177);
#1666=VERTEX_POINT('',#5180);
#1667=VERTEX_POINT('',#5181);
#1668=VERTEX_POINT('',#5183);
#1669=VERTEX_POINT('',#5185);
#1670=VERTEX_POINT('',#5188);
#1671=VERTEX_POINT('',#5189);
#1672=VERTEX_POINT('',#5191);
#1673=VERTEX_POINT('',#5193);
#1674=VERTEX_POINT('',#5196);
#1675=VERTEX_POINT('',#5197);
#1676=VERTEX_POINT('',#5199);
#1677=VERTEX_POINT('',#5201);
#1678=VERTEX_POINT('',#5204);
#1679=VERTEX_POINT('',#5205);
#1680=VERTEX_POINT('',#5207);
#1681=VERTEX_POINT('',#5209);
#1682=VERTEX_POINT('',#5212);
#1683=VERTEX_POINT('',#5213);
#1684=VERTEX_POINT('',#5215);
#1685=VERTEX_POINT('',#5217);
#1686=VERTEX_POINT('',#5220);
#1687=VERTEX_POINT('',#5221);
#1688=VERTEX_POINT('',#5223);
#1689=VERTEX_POINT('',#5225);
#1690=VERTEX_POINT('',#5228);
#1691=VERTEX_POINT('',#5229);
#1692=VERTEX_POINT('',#5231);
#1693=VERTEX_POINT('',#5233);
#1694=VERTEX_POINT('',#5236);
#1695=VERTEX_POINT('',#5237);
#1696=VERTEX_POINT('',#5239);
#1697=VERTEX_POINT('',#5241);
#1698=VERTEX_POINT('',#5244);
#1699=VERTEX_POINT('',#5245);
#1700=VERTEX_POINT('',#5247);
#1701=VERTEX_POINT('',#5249);
#1702=VERTEX_POINT('',#5252);
#1703=VERTEX_POINT('',#5253);
#1704=VERTEX_POINT('',#5255);
#1705=VERTEX_POINT('',#5257);
#1706=VERTEX_POINT('',#5260);
#1707=VERTEX_POINT('',#5261);
#1708=VERTEX_POINT('',#5263);
#1709=VERTEX_POINT('',#5265);
#1710=VERTEX_POINT('',#5268);
#1711=VERTEX_POINT('',#5269);
#1712=VERTEX_POINT('',#5271);
#1713=VERTEX_POINT('',#5273);
#1714=VERTEX_POINT('',#5276);
#1715=VERTEX_POINT('',#5278);
#1716=VERTEX_POINT('',#5280);
#1717=VERTEX_POINT('',#5281);
#1718=VERTEX_POINT('',#5283);
#1719=VERTEX_POINT('',#5285);
#1720=VERTEX_POINT('',#5288);
#1721=VERTEX_POINT('',#5289);
#1722=VERTEX_POINT('',#5291);
#1723=VERTEX_POINT('',#5293);
#1724=VERTEX_POINT('',#5296);
#1725=VERTEX_POINT('',#5297);
#1726=VERTEX_POINT('',#5299);
#1727=VERTEX_POINT('',#5301);
#1728=VERTEX_POINT('',#5304);
#1729=VERTEX_POINT('',#5305);
#1730=VERTEX_POINT('',#5307);
#1731=VERTEX_POINT('',#5309);
#1732=VERTEX_POINT('',#5312);
#1733=VERTEX_POINT('',#5313);
#1734=VERTEX_POINT('',#5315);
#1735=VERTEX_POINT('',#5317);
#1736=VERTEX_POINT('',#5319);
#1737=VERTEX_POINT('',#5321);
#1738=VERTEX_POINT('',#5323);
#1739=VERTEX_POINT('',#5325);
#1740=VERTEX_POINT('',#5327);
#1741=VERTEX_POINT('',#5329);
#1742=VERTEX_POINT('',#5331);
#1743=VERTEX_POINT('',#5333);
#1744=VERTEX_POINT('',#5336);
#1745=VERTEX_POINT('',#5365);
#1746=EDGE_CURVE('',#1424,#1425,#544,.T.);
#1747=EDGE_CURVE('',#1426,#1424,#545,.T.);
#1748=EDGE_CURVE('',#1427,#1426,#546,.T.);
#1749=EDGE_CURVE('',#1427,#1425,#547,.T.);
#1750=EDGE_CURVE('',#1428,#1429,#548,.T.);
#1751=EDGE_CURVE('',#1430,#1428,#549,.T.);
#1752=EDGE_CURVE('',#1431,#1430,#550,.T.);
#1753=EDGE_CURVE('',#1431,#1429,#551,.T.);
#1754=EDGE_CURVE('',#1432,#1433,#552,.T.);
#1755=EDGE_CURVE('',#1434,#1432,#553,.T.);
#1756=EDGE_CURVE('',#1435,#1434,#554,.T.);
#1757=EDGE_CURVE('',#1435,#1433,#555,.T.);
#1758=EDGE_CURVE('',#1436,#1437,#556,.T.);
#1759=EDGE_CURVE('',#1438,#1436,#557,.T.);
#1760=EDGE_CURVE('',#1439,#1438,#558,.T.);
#1761=EDGE_CURVE('',#1439,#1437,#559,.T.);
#1762=EDGE_CURVE('',#1437,#1440,#560,.T.);
#1763=EDGE_CURVE('',#1441,#1439,#561,.T.);
#1764=EDGE_CURVE('',#1441,#1440,#562,.T.);
#1765=EDGE_CURVE('',#1440,#1442,#563,.T.);
#1766=EDGE_CURVE('',#1443,#1441,#564,.T.);
#1767=EDGE_CURVE('',#1443,#1442,#565,.T.);
#1768=EDGE_CURVE('',#1442,#1436,#566,.T.);
#1769=EDGE_CURVE('',#1438,#1443,#567,.T.);
#1770=EDGE_CURVE('',#1444,#1445,#568,.T.);
#1771=EDGE_CURVE('',#1446,#1444,#569,.T.);
#1772=EDGE_CURVE('',#1447,#1446,#570,.T.);
#1773=EDGE_CURVE('',#1447,#1445,#571,.T.);
#1774=EDGE_CURVE('',#1445,#1448,#572,.T.);
#1775=EDGE_CURVE('',#1449,#1447,#573,.T.);
#1776=EDGE_CURVE('',#1449,#1448,#574,.T.);
#1777=EDGE_CURVE('',#1448,#1450,#575,.T.);
#1778=EDGE_CURVE('',#1451,#1449,#576,.T.);
#1779=EDGE_CURVE('',#1451,#1450,#577,.T.);
#1780=EDGE_CURVE('',#1450,#1444,#578,.T.);
#1781=EDGE_CURVE('',#1446,#1451,#579,.T.);
#1782=EDGE_CURVE('',#1452,#1453,#580,.T.);
#1783=EDGE_CURVE('',#1454,#1452,#581,.T.);
#1784=EDGE_CURVE('',#1455,#1454,#582,.T.);
#1785=EDGE_CURVE('',#1455,#1453,#583,.T.);
#1786=EDGE_CURVE('',#1453,#1456,#584,.T.);
#1787=EDGE_CURVE('',#1457,#1455,#585,.T.);
#1788=EDGE_CURVE('',#1457,#1456,#586,.T.);
#1789=EDGE_CURVE('',#1456,#1458,#587,.T.);
#1790=EDGE_CURVE('',#1459,#1457,#588,.T.);
#1791=EDGE_CURVE('',#1459,#1458,#589,.T.);
#1792=EDGE_CURVE('',#1458,#1452,#590,.T.);
#1793=EDGE_CURVE('',#1454,#1459,#591,.T.);
#1794=EDGE_CURVE('',#1460,#1461,#592,.T.);
#1795=EDGE_CURVE('',#1462,#1460,#593,.T.);
#1796=EDGE_CURVE('',#1463,#1462,#594,.T.);
#1797=EDGE_CURVE('',#1463,#1461,#595,.T.);
#1798=EDGE_CURVE('',#1461,#1464,#596,.T.);
#1799=EDGE_CURVE('',#1465,#1463,#597,.T.);
#1800=EDGE_CURVE('',#1465,#1464,#598,.T.);
#1801=EDGE_CURVE('',#1464,#1466,#599,.T.);
#1802=EDGE_CURVE('',#1467,#1465,#600,.T.);
#1803=EDGE_CURVE('',#1467,#1466,#601,.T.);
#1804=EDGE_CURVE('',#1466,#1460,#602,.T.);
#1805=EDGE_CURVE('',#1462,#1467,#603,.T.);
#1806=EDGE_CURVE('',#1468,#1469,#98,.T.);
#1807=EDGE_CURVE('',#1470,#1468,#604,.T.);
#1808=EDGE_CURVE('',#1471,#1470,#99,.T.);
#1809=EDGE_CURVE('',#1471,#1469,#605,.T.);
#1810=EDGE_CURVE('',#1472,#1471,#606,.T.);
#1811=EDGE_CURVE('',#1470,#1473,#607,.T.);
#1812=EDGE_CURVE('',#1473,#1474,#100,.T.);
#1813=EDGE_CURVE('',#1474,#1475,#608,.T.);
#1814=EDGE_CURVE('',#1475,#1476,#101,.T.);
#1815=EDGE_CURVE('',#1476,#1477,#609,.T.);
#1816=EDGE_CURVE('',#1477,#1478,#610,.T.);
#1817=EDGE_CURVE('',#1479,#1478,#102,.T.);
#1818=EDGE_CURVE('',#1480,#1479,#611,.T.);
#1819=EDGE_CURVE('',#1481,#1480,#91,.T.);
#1820=EDGE_CURVE('',#1481,#1482,#103,.T.);
#1821=EDGE_CURVE('',#1482,#1483,#104,.T.);
#1822=EDGE_CURVE('',#1483,#1484,#105,.T.);
#1823=EDGE_CURVE('',#1485,#1484,#612,.T.);
#1824=EDGE_CURVE('',#1485,#1486,#106,.T.);
#1825=EDGE_CURVE('',#1486,#1487,#92,.F.);
#1826=EDGE_CURVE('',#1487,#1488,#107,.T.);
#1827=EDGE_CURVE('',#1489,#1488,#613,.T.);
#1828=EDGE_CURVE('',#1489,#1490,#108,.T.);
#1829=EDGE_CURVE('',#1491,#1490,#93,.T.);
#1830=EDGE_CURVE('',#1491,#1492,#614,.T.);
#1831=EDGE_CURVE('',#1492,#1472,#109,.T.);
#1832=EDGE_CURVE('',#1493,#1431,#615,.T.);
#1833=EDGE_CURVE('',#1430,#1494,#616,.T.);
#1834=EDGE_CURVE('',#1493,#1494,#617,.T.);
#1835=EDGE_CURVE('',#1495,#1435,#618,.T.);
#1836=EDGE_CURVE('',#1434,#1496,#619,.T.);
#1837=EDGE_CURVE('',#1495,#1496,#620,.T.);
#1838=EDGE_CURVE('',#1497,#1427,#621,.T.);
#1839=EDGE_CURVE('',#1426,#1498,#622,.T.);
#1840=EDGE_CURVE('',#1497,#1498,#623,.T.);
#1841=EDGE_CURVE('',#1499,#1499,#110,.T.);
#1842=EDGE_CURVE('',#1500,#1500,#111,.T.);
#1843=EDGE_CURVE('',#1501,#1502,#624,.T.);
#1844=EDGE_CURVE('',#1503,#1501,#625,.T.);
#1845=EDGE_CURVE('',#1504,#1503,#626,.T.);
#1846=EDGE_CURVE('',#1502,#1504,#627,.T.);
#1847=EDGE_CURVE('',#1505,#1506,#628,.T.);
#1848=EDGE_CURVE('',#1507,#1505,#629,.T.);
#1849=EDGE_CURVE('',#1508,#1507,#630,.T.);
#1850=EDGE_CURVE('',#1506,#1508,#631,.T.);
#1851=EDGE_CURVE('',#1509,#1510,#632,.T.);
#1852=EDGE_CURVE('',#1511,#1509,#633,.T.);
#1853=EDGE_CURVE('',#1512,#1511,#634,.T.);
#1854=EDGE_CURVE('',#1510,#1512,#635,.T.);
#1855=EDGE_CURVE('',#1513,#1514,#636,.T.);
#1856=EDGE_CURVE('',#1515,#1513,#637,.T.);
#1857=EDGE_CURVE('',#1516,#1515,#638,.T.);
#1858=EDGE_CURVE('',#1514,#1516,#639,.T.);
#1859=EDGE_CURVE('',#1517,#1518,#640,.T.);
#1860=EDGE_CURVE('',#1519,#1517,#641,.T.);
#1861=EDGE_CURVE('',#1520,#1519,#642,.T.);
#1862=EDGE_CURVE('',#1518,#1520,#643,.T.);
#1863=EDGE_CURVE('',#1521,#1522,#644,.T.);
#1864=EDGE_CURVE('',#1523,#1521,#645,.T.);
#1865=EDGE_CURVE('',#1524,#1523,#646,.T.);
#1866=EDGE_CURVE('',#1522,#1524,#647,.T.);
#1867=EDGE_CURVE('',#1525,#1526,#648,.T.);
#1868=EDGE_CURVE('',#1527,#1525,#649,.T.);
#1869=EDGE_CURVE('',#1528,#1527,#650,.T.);
#1870=EDGE_CURVE('',#1526,#1528,#651,.T.);
#1871=EDGE_CURVE('',#1529,#1530,#652,.T.);
#1872=EDGE_CURVE('',#1531,#1529,#653,.T.);
#1873=EDGE_CURVE('',#1532,#1531,#654,.T.);
#1874=EDGE_CURVE('',#1530,#1532,#655,.T.);
#1875=EDGE_CURVE('',#1533,#1534,#656,.T.);
#1876=EDGE_CURVE('',#1535,#1533,#657,.T.);
#1877=EDGE_CURVE('',#1536,#1535,#658,.T.);
#1878=EDGE_CURVE('',#1534,#1536,#659,.T.);
#1879=EDGE_CURVE('',#1537,#1538,#660,.T.);
#1880=EDGE_CURVE('',#1539,#1537,#661,.T.);
#1881=EDGE_CURVE('',#1540,#1539,#662,.T.);
#1882=EDGE_CURVE('',#1538,#1540,#663,.T.);
#1883=EDGE_CURVE('',#1541,#1542,#664,.T.);
#1884=EDGE_CURVE('',#1543,#1541,#665,.T.);
#1885=EDGE_CURVE('',#1544,#1543,#666,.T.);
#1886=EDGE_CURVE('',#1542,#1544,#667,.T.);
#1887=EDGE_CURVE('',#1545,#1546,#668,.T.);
#1888=EDGE_CURVE('',#1547,#1545,#669,.T.);
#1889=EDGE_CURVE('',#1548,#1547,#670,.T.);
#1890=EDGE_CURVE('',#1546,#1548,#671,.T.);
#1891=EDGE_CURVE('',#1549,#1550,#672,.T.);
#1892=EDGE_CURVE('',#1551,#1549,#673,.T.);
#1893=EDGE_CURVE('',#1552,#1551,#674,.T.);
#1894=EDGE_CURVE('',#1550,#1552,#675,.T.);
#1895=EDGE_CURVE('',#1553,#1554,#676,.T.);
#1896=EDGE_CURVE('',#1555,#1553,#677,.T.);
#1897=EDGE_CURVE('',#1556,#1555,#678,.T.);
#1898=EDGE_CURVE('',#1554,#1556,#679,.T.);
#1899=EDGE_CURVE('',#1557,#1558,#680,.T.);
#1900=EDGE_CURVE('',#1559,#1557,#681,.T.);
#1901=EDGE_CURVE('',#1560,#1559,#682,.T.);
#1902=EDGE_CURVE('',#1558,#1560,#683,.T.);
#1903=EDGE_CURVE('',#1561,#1562,#684,.T.);
#1904=EDGE_CURVE('',#1563,#1561,#685,.T.);
#1905=EDGE_CURVE('',#1564,#1563,#686,.T.);
#1906=EDGE_CURVE('',#1562,#1564,#687,.T.);
#1907=EDGE_CURVE('',#1565,#1566,#688,.T.);
#1908=EDGE_CURVE('',#1567,#1565,#689,.T.);
#1909=EDGE_CURVE('',#1568,#1567,#690,.T.);
#1910=EDGE_CURVE('',#1566,#1568,#691,.T.);
#1911=EDGE_CURVE('',#1569,#1570,#692,.T.);
#1912=EDGE_CURVE('',#1571,#1569,#693,.T.);
#1913=EDGE_CURVE('',#1572,#1571,#694,.T.);
#1914=EDGE_CURVE('',#1570,#1572,#695,.T.);
#1915=EDGE_CURVE('',#1573,#1573,#112,.T.);
#1916=EDGE_CURVE('',#1574,#1574,#113,.T.);
#1917=EDGE_CURVE('',#1575,#1576,#696,.T.);
#1918=EDGE_CURVE('',#1577,#1575,#697,.T.);
#1919=EDGE_CURVE('',#1578,#1577,#698,.T.);
#1920=EDGE_CURVE('',#1576,#1578,#699,.T.);
#1921=EDGE_CURVE('',#1579,#1580,#700,.T.);
#1922=EDGE_CURVE('',#1581,#1579,#701,.T.);
#1923=EDGE_CURVE('',#1582,#1581,#702,.T.);
#1924=EDGE_CURVE('',#1580,#1582,#703,.T.);
#1925=EDGE_CURVE('',#1583,#1584,#704,.T.);
#1926=EDGE_CURVE('',#1585,#1583,#705,.T.);
#1927=EDGE_CURVE('',#1586,#1585,#706,.T.);
#1928=EDGE_CURVE('',#1584,#1586,#707,.T.);
#1929=EDGE_CURVE('',#1587,#1588,#708,.T.);
#1930=EDGE_CURVE('',#1589,#1587,#709,.T.);
#1931=EDGE_CURVE('',#1590,#1589,#710,.T.);
#1932=EDGE_CURVE('',#1588,#1590,#711,.T.);
#1933=EDGE_CURVE('',#1591,#1592,#712,.T.);
#1934=EDGE_CURVE('',#1592,#1593,#713,.T.);
#1935=EDGE_CURVE('',#1594,#1593,#714,.T.);
#1936=EDGE_CURVE('',#1594,#1595,#715,.T.);
#1937=EDGE_CURVE('',#1595,#1596,#716,.T.);
#1938=EDGE_CURVE('',#1596,#1597,#717,.T.);
#1939=EDGE_CURVE('',#1597,#1598,#718,.T.);
#1940=EDGE_CURVE('',#1599,#1598,#719,.T.);
#1941=EDGE_CURVE('',#1600,#1599,#720,.T.);
#1942=EDGE_CURVE('',#1601,#1600,#721,.T.);
#1943=EDGE_CURVE('',#1601,#1602,#722,.T.);
#1944=EDGE_CURVE('',#1602,#1591,#723,.T.);
#1945=EDGE_CURVE('',#1603,#1603,#114,.T.);
#1946=EDGE_CURVE('',#1604,#1605,#724,.T.);
#1947=EDGE_CURVE('',#1606,#1605,#725,.T.);
#1948=EDGE_CURVE('',#1607,#1606,#726,.T.);
#1949=EDGE_CURVE('',#1607,#1604,#727,.T.);
#1950=EDGE_CURVE('',#1608,#1491,#94,.T.);
#1951=EDGE_CURVE('',#1608,#1609,#728,.T.);
#1952=EDGE_CURVE('',#1492,#1609,#729,.T.);
#1953=EDGE_CURVE('',#1609,#1610,#115,.T.);
#1954=EDGE_CURVE('',#1472,#1610,#730,.T.);
#1955=EDGE_CURVE('',#1610,#1469,#731,.T.);
#1956=EDGE_CURVE('',#1493,#1611,#732,.T.);
#1957=EDGE_CURVE('',#1429,#1611,#733,.T.);
#1958=EDGE_CURVE('',#1495,#1612,#734,.T.);
#1959=EDGE_CURVE('',#1433,#1612,#735,.T.);
#1960=EDGE_CURVE('',#1497,#1613,#736,.T.);
#1961=EDGE_CURVE('',#1425,#1613,#737,.T.);
#1962=EDGE_CURVE('',#1614,#1428,#738,.T.);
#1963=EDGE_CURVE('',#1494,#1614,#739,.T.);
#1964=EDGE_CURVE('',#1614,#1611,#740,.T.);
#1965=EDGE_CURVE('',#1615,#1432,#741,.T.);
#1966=EDGE_CURVE('',#1496,#1615,#742,.T.);
#1967=EDGE_CURVE('',#1615,#1612,#743,.T.);
#1968=EDGE_CURVE('',#1616,#1424,#744,.T.);
#1969=EDGE_CURVE('',#1498,#1616,#745,.T.);
#1970=EDGE_CURVE('',#1616,#1613,#746,.T.);
#1971=EDGE_CURVE('',#1617,#1468,#747,.T.);
#1972=EDGE_CURVE('',#1473,#1617,#748,.T.);
#1973=EDGE_CURVE('',#1617,#1618,#116,.T.);
#1974=EDGE_CURVE('',#1474,#1618,#749,.T.);
#1975=EDGE_CURVE('',#1618,#1619,#750,.T.);
#1976=EDGE_CURVE('',#1475,#1619,#751,.T.);
#1977=EDGE_CURVE('',#1619,#1620,#117,.T.);
#1978=EDGE_CURVE('',#1476,#1620,#752,.T.);
#1979=EDGE_CURVE('',#1620,#1621,#753,.T.);
#1980=EDGE_CURVE('',#1477,#1621,#754,.T.);
#1981=EDGE_CURVE('',#1621,#1622,#755,.T.);
#1982=EDGE_CURVE('',#1478,#1622,#756,.T.);
#1983=EDGE_CURVE('',#1622,#1623,#118,.T.);
#1984=EDGE_CURVE('',#1623,#1479,#757,.T.);
#1985=EDGE_CURVE('',#1624,#1625,#758,.T.);
#1986=EDGE_CURVE('',#1605,#1624,#759,.T.);
#1987=EDGE_CURVE('',#1604,#1625,#760,.T.);
#1988=EDGE_CURVE('',#1624,#1626,#761,.T.);
#1989=EDGE_CURVE('',#1606,#1626,#762,.T.);
#1990=EDGE_CURVE('',#1626,#1627,#763,.T.);
#1991=EDGE_CURVE('',#1607,#1627,#764,.T.);
#1992=EDGE_CURVE('',#1625,#1627,#765,.T.);
#1993=EDGE_CURVE('',#1608,#1628,#95,.T.);
#1994=EDGE_CURVE('',#1628,#1629,#119,.T.);
#1995=EDGE_CURVE('',#1630,#1629,#766,.T.);
#1996=EDGE_CURVE('',#1630,#1631,#120,.T.);
#1997=EDGE_CURVE('',#1631,#1632,#121,.T.);
#1998=EDGE_CURVE('',#1632,#1633,#96,.T.);
#1999=EDGE_CURVE('',#1633,#1634,#122,.T.);
#2000=EDGE_CURVE('',#1635,#1634,#767,.T.);
#2001=EDGE_CURVE('',#1635,#1636,#123,.T.);
#2002=EDGE_CURVE('',#1636,#1637,#124,.T.);
#2003=EDGE_CURVE('',#1637,#1638,#125,.T.);
#2004=EDGE_CURVE('',#1638,#1639,#97,.T.);
#2005=EDGE_CURVE('',#1623,#1639,#768,.T.);
#2006=EDGE_CURVE('',#1640,#1640,#126,.T.);
#2007=EDGE_CURVE('',#1641,#1641,#127,.T.);
#2008=EDGE_CURVE('',#1642,#1643,#769,.T.);
#2009=EDGE_CURVE('',#1644,#1642,#770,.T.);
#2010=EDGE_CURVE('',#1645,#1644,#771,.T.);
#2011=EDGE_CURVE('',#1643,#1645,#772,.T.);
#2012=EDGE_CURVE('',#1646,#1647,#773,.T.);
#2013=EDGE_CURVE('',#1648,#1646,#774,.T.);
#2014=EDGE_CURVE('',#1649,#1648,#775,.T.);
#2015=EDGE_CURVE('',#1647,#1649,#776,.T.);
#2016=EDGE_CURVE('',#1650,#1651,#777,.T.);
#2017=EDGE_CURVE('',#1652,#1650,#778,.T.);
#2018=EDGE_CURVE('',#1653,#1652,#779,.T.);
#2019=EDGE_CURVE('',#1651,#1653,#780,.T.);
#2020=EDGE_CURVE('',#1654,#1655,#781,.T.);
#2021=EDGE_CURVE('',#1656,#1654,#782,.T.);
#2022=EDGE_CURVE('',#1657,#1656,#783,.T.);
#2023=EDGE_CURVE('',#1655,#1657,#784,.T.);
#2024=EDGE_CURVE('',#1658,#1659,#785,.T.);
#2025=EDGE_CURVE('',#1660,#1658,#786,.T.);
#2026=EDGE_CURVE('',#1661,#1660,#787,.T.);
#2027=EDGE_CURVE('',#1659,#1661,#788,.T.);
#2028=EDGE_CURVE('',#1662,#1663,#789,.T.);
#2029=EDGE_CURVE('',#1664,#1662,#790,.T.);
#2030=EDGE_CURVE('',#1665,#1664,#791,.T.);
#2031=EDGE_CURVE('',#1663,#1665,#792,.T.);
#2032=EDGE_CURVE('',#1666,#1667,#793,.T.);
#2033=EDGE_CURVE('',#1668,#1666,#794,.T.);
#2034=EDGE_CURVE('',#1669,#1668,#795,.T.);
#2035=EDGE_CURVE('',#1667,#1669,#796,.T.);
#2036=EDGE_CURVE('',#1670,#1671,#797,.T.);
#2037=EDGE_CURVE('',#1672,#1670,#798,.T.);
#2038=EDGE_CURVE('',#1673,#1672,#799,.T.);
#2039=EDGE_CURVE('',#1671,#1673,#800,.T.);
#2040=EDGE_CURVE('',#1674,#1675,#801,.T.);
#2041=EDGE_CURVE('',#1676,#1674,#802,.T.);
#2042=EDGE_CURVE('',#1677,#1676,#803,.T.);
#2043=EDGE_CURVE('',#1675,#1677,#804,.T.);
#2044=EDGE_CURVE('',#1678,#1679,#805,.T.);
#2045=EDGE_CURVE('',#1680,#1678,#806,.T.);
#2046=EDGE_CURVE('',#1681,#1680,#807,.T.);
#2047=EDGE_CURVE('',#1679,#1681,#808,.T.);
#2048=EDGE_CURVE('',#1682,#1683,#809,.T.);
#2049=EDGE_CURVE('',#1684,#1682,#810,.T.);
#2050=EDGE_CURVE('',#1685,#1684,#811,.T.);
#2051=EDGE_CURVE('',#1683,#1685,#812,.T.);
#2052=EDGE_CURVE('',#1686,#1687,#813,.T.);
#2053=EDGE_CURVE('',#1688,#1686,#814,.T.);
#2054=EDGE_CURVE('',#1689,#1688,#815,.T.);
#2055=EDGE_CURVE('',#1687,#1689,#816,.T.);
#2056=EDGE_CURVE('',#1690,#1691,#817,.T.);
#2057=EDGE_CURVE('',#1692,#1690,#818,.T.);
#2058=EDGE_CURVE('',#1693,#1692,#819,.T.);
#2059=EDGE_CURVE('',#1691,#1693,#820,.T.);
#2060=EDGE_CURVE('',#1694,#1695,#821,.T.);
#2061=EDGE_CURVE('',#1696,#1694,#822,.T.);
#2062=EDGE_CURVE('',#1697,#1696,#823,.T.);
#2063=EDGE_CURVE('',#1695,#1697,#824,.T.);
#2064=EDGE_CURVE('',#1698,#1699,#825,.T.);
#2065=EDGE_CURVE('',#1700,#1698,#826,.T.);
#2066=EDGE_CURVE('',#1701,#1700,#827,.T.);
#2067=EDGE_CURVE('',#1699,#1701,#828,.T.);
#2068=EDGE_CURVE('',#1702,#1703,#829,.T.);
#2069=EDGE_CURVE('',#1704,#1702,#830,.T.);
#2070=EDGE_CURVE('',#1705,#1704,#831,.T.);
#2071=EDGE_CURVE('',#1703,#1705,#832,.T.);
#2072=EDGE_CURVE('',#1706,#1707,#833,.T.);
#2073=EDGE_CURVE('',#1708,#1706,#834,.T.);
#2074=EDGE_CURVE('',#1709,#1708,#835,.T.);
#2075=EDGE_CURVE('',#1707,#1709,#836,.T.);
#2076=EDGE_CURVE('',#1710,#1711,#837,.T.);
#2077=EDGE_CURVE('',#1712,#1710,#838,.T.);
#2078=EDGE_CURVE('',#1713,#1712,#839,.T.);
#2079=EDGE_CURVE('',#1711,#1713,#840,.T.);
#2080=EDGE_CURVE('',#1714,#1714,#128,.T.);
#2081=EDGE_CURVE('',#1715,#1715,#129,.T.);
#2082=EDGE_CURVE('',#1716,#1717,#841,.T.);
#2083=EDGE_CURVE('',#1718,#1716,#842,.T.);
#2084=EDGE_CURVE('',#1719,#1718,#843,.T.);
#2085=EDGE_CURVE('',#1717,#1719,#844,.T.);
#2086=EDGE_CURVE('',#1720,#1721,#845,.T.);
#2087=EDGE_CURVE('',#1722,#1720,#846,.T.);
#2088=EDGE_CURVE('',#1723,#1722,#847,.T.);
#2089=EDGE_CURVE('',#1721,#1723,#848,.T.);
#2090=EDGE_CURVE('',#1724,#1725,#849,.T.);
#2091=EDGE_CURVE('',#1726,#1724,#850,.T.);
#2092=EDGE_CURVE('',#1727,#1726,#851,.T.);
#2093=EDGE_CURVE('',#1725,#1727,#852,.T.);
#2094=EDGE_CURVE('',#1728,#1729,#853,.T.);
#2095=EDGE_CURVE('',#1730,#1728,#854,.T.);
#2096=EDGE_CURVE('',#1731,#1730,#855,.T.);
#2097=EDGE_CURVE('',#1729,#1731,#856,.T.);
#2098=EDGE_CURVE('',#1732,#1733,#857,.T.);
#2099=EDGE_CURVE('',#1733,#1734,#858,.T.);
#2100=EDGE_CURVE('',#1735,#1734,#859,.T.);
#2101=EDGE_CURVE('',#1736,#1735,#860,.T.);
#2102=EDGE_CURVE('',#1737,#1736,#861,.T.);
#2103=EDGE_CURVE('',#1737,#1738,#862,.T.);
#2104=EDGE_CURVE('',#1738,#1739,#863,.T.);
#2105=EDGE_CURVE('',#1739,#1740,#864,.T.);
#2106=EDGE_CURVE('',#1740,#1741,#865,.T.);
#2107=EDGE_CURVE('',#1742,#1741,#866,.T.);
#2108=EDGE_CURVE('',#1742,#1743,#867,.T.);
#2109=EDGE_CURVE('',#1743,#1732,#868,.T.);
#2110=EDGE_CURVE('',#1744,#1744,#130,.T.);
#2111=EDGE_CURVE('',#1490,#1628,#869,.T.);
#2112=EDGE_CURVE('',#1629,#1489,#870,.T.);
#2113=EDGE_CURVE('',#1591,#1732,#871,.T.);
#2114=EDGE_CURVE('',#1733,#1602,#872,.T.);
#2115=EDGE_CURVE('',#1734,#1601,#873,.T.);
#2116=EDGE_CURVE('',#1598,#1737,#874,.T.);
#2117=EDGE_CURVE('',#1738,#1597,#875,.T.);
#2118=EDGE_CURVE('',#1739,#1596,#876,.T.);
#2119=EDGE_CURVE('',#1740,#1595,#877,.T.);
#2120=EDGE_CURVE('',#1741,#1594,#878,.T.);
#2121=EDGE_CURVE('',#1593,#1742,#879,.T.);
#2122=EDGE_CURVE('',#1743,#1592,#880,.T.);
#2123=EDGE_CURVE('',#1483,#1636,#881,.T.);
#2124=EDGE_CURVE('',#1637,#1482,#882,.T.);
#2125=EDGE_CURVE('',#1488,#1630,#883,.T.);
#2126=EDGE_CURVE('',#1487,#1632,#131,.T.);
#2127=EDGE_CURVE('',#1631,#1745,#132,.T.);
#2128=EDGE_CURVE('',#1481,#1638,#884,.T.);
#2129=EDGE_CURVE('',#1633,#1486,#885,.T.);
#2130=EDGE_CURVE('',#1634,#1485,#886,.T.);
#2131=EDGE_CURVE('',#1484,#1635,#887,.T.);
#2132=EDGE_CURVE('',#1603,#1744,#888,.T.);
#2133=EDGE_CURVE('',#1499,#1640,#889,.T.);
#2134=EDGE_CURVE('',#1500,#1641,#890,.T.);
#2135=EDGE_CURVE('',#1574,#1715,#891,.T.);
#2136=EDGE_CURVE('',#1573,#1714,#892,.T.);
#2137=EDGE_CURVE('',#1639,#1480,#893,.T.);
#2138=EDGE_CURVE('',#1559,#1700,#894,.T.);
#2139=EDGE_CURVE('',#1701,#1557,#895,.T.);
#2140=EDGE_CURVE('',#1699,#1558,#896,.T.);
#2141=EDGE_CURVE('',#1698,#1560,#897,.T.);
#2142=EDGE_CURVE('',#1532,#1670,#898,.T.);
#2143=EDGE_CURVE('',#1672,#1531,#899,.T.);
#2144=EDGE_CURVE('',#1673,#1529,#900,.T.);
#2145=EDGE_CURVE('',#1671,#1530,#901,.T.);
#2146=EDGE_CURVE('',#1504,#1642,#902,.T.);
#2147=EDGE_CURVE('',#1644,#1503,#903,.T.);
#2148=EDGE_CURVE('',#1645,#1501,#904,.T.);
#2149=EDGE_CURVE('',#1643,#1502,#905,.T.);
#2150=EDGE_CURVE('',#1578,#1716,#906,.T.);
#2151=EDGE_CURVE('',#1718,#1577,#907,.T.);
#2152=EDGE_CURVE('',#1719,#1575,#908,.T.);
#2153=EDGE_CURVE('',#1717,#1576,#909,.T.);
#2154=EDGE_CURVE('',#1528,#1666,#910,.T.);
#2155=EDGE_CURVE('',#1668,#1527,#911,.T.);
#2156=EDGE_CURVE('',#1669,#1525,#912,.T.);
#2157=EDGE_CURVE('',#1667,#1526,#913,.T.);
#2158=EDGE_CURVE('',#1545,#1689,#914,.T.);
#2159=EDGE_CURVE('',#1687,#1546,#915,.T.);
#2160=EDGE_CURVE('',#1686,#1548,#916,.T.);
#2161=EDGE_CURVE('',#1688,#1547,#917,.T.);
#2162=EDGE_CURVE('',#1517,#1661,#918,.T.);
#2163=EDGE_CURVE('',#1659,#1518,#919,.T.);
#2164=EDGE_CURVE('',#1658,#1520,#920,.T.);
#2165=EDGE_CURVE('',#1660,#1519,#921,.T.);
#2166=EDGE_CURVE('',#1522,#1663,#922,.T.);
#2167=EDGE_CURVE('',#1662,#1524,#923,.T.);
#2168=EDGE_CURVE('',#1664,#1523,#924,.T.);
#2169=EDGE_CURVE('',#1665,#1521,#925,.T.);
#2170=EDGE_CURVE('',#1507,#1648,#926,.T.);
#2171=EDGE_CURVE('',#1649,#1505,#927,.T.);
#2172=EDGE_CURVE('',#1647,#1506,#928,.T.);
#2173=EDGE_CURVE('',#1646,#1508,#929,.T.);
#2174=EDGE_CURVE('',#1555,#1696,#930,.T.);
#2175=EDGE_CURVE('',#1697,#1553,#931,.T.);
#2176=EDGE_CURVE('',#1695,#1554,#932,.T.);
#2177=EDGE_CURVE('',#1694,#1556,#933,.T.);
#2178=EDGE_CURVE('',#1513,#1657,#934,.T.);
#2179=EDGE_CURVE('',#1655,#1514,#935,.T.);
#2180=EDGE_CURVE('',#1654,#1516,#936,.T.);
#2181=EDGE_CURVE('',#1656,#1515,#937,.T.);
#2182=EDGE_CURVE('',#1512,#1650,#938,.T.);
#2183=EDGE_CURVE('',#1652,#1511,#939,.T.);
#2184=EDGE_CURVE('',#1653,#1509,#940,.T.);
#2185=EDGE_CURVE('',#1651,#1510,#941,.T.);
#2186=EDGE_CURVE('',#1534,#1675,#942,.T.);
#2187=EDGE_CURVE('',#1674,#1536,#943,.T.);
#2188=EDGE_CURVE('',#1676,#1535,#944,.T.);
#2189=EDGE_CURVE('',#1677,#1533,#945,.T.);
#2190=EDGE_CURVE('',#1584,#1725,#946,.T.);
#2191=EDGE_CURVE('',#1724,#1586,#947,.T.);
#2192=EDGE_CURVE('',#1726,#1585,#948,.T.);
#2193=EDGE_CURVE('',#1727,#1583,#949,.T.);
#2194=EDGE_CURVE('',#1568,#1706,#950,.T.);
#2195=EDGE_CURVE('',#1708,#1567,#951,.T.);
#2196=EDGE_CURVE('',#1709,#1565,#952,.T.);
#2197=EDGE_CURVE('',#1707,#1566,#953,.T.);
#2198=EDGE_CURVE('',#1588,#1729,#954,.T.);
#2199=EDGE_CURVE('',#1728,#1590,#955,.T.);
#2200=EDGE_CURVE('',#1730,#1589,#956,.T.);
#2201=EDGE_CURVE('',#1731,#1587,#957,.T.);
#2202=EDGE_CURVE('',#1580,#1721,#958,.T.);
#2203=EDGE_CURVE('',#1720,#1582,#959,.T.);
#2204=EDGE_CURVE('',#1722,#1581,#960,.T.);
#2205=EDGE_CURVE('',#1723,#1579,#961,.T.);
#2206=EDGE_CURVE('',#1735,#1600,#962,.T.);
#2207=EDGE_CURVE('',#1736,#1599,#963,.T.);
#2208=EDGE_CURVE('',#1544,#1682,#964,.T.);
#2209=EDGE_CURVE('',#1684,#1543,#965,.T.);
#2210=EDGE_CURVE('',#1685,#1541,#966,.T.);
#2211=EDGE_CURVE('',#1683,#1542,#967,.T.);
#2212=EDGE_CURVE('',#1539,#1680,#968,.T.);
#2213=EDGE_CURVE('',#1681,#1537,#969,.T.);
#2214=EDGE_CURVE('',#1679,#1538,#970,.T.);
#2215=EDGE_CURVE('',#1678,#1540,#971,.T.);
#2216=EDGE_CURVE('',#1563,#1704,#972,.T.);
#2217=EDGE_CURVE('',#1705,#1561,#973,.T.);
#2218=EDGE_CURVE('',#1703,#1562,#974,.T.);
#2219=EDGE_CURVE('',#1702,#1564,#975,.T.);
#2220=EDGE_CURVE('',#1569,#1713,#976,.T.);
#2221=EDGE_CURVE('',#1711,#1570,#977,.T.);
#2222=EDGE_CURVE('',#1710,#1572,#978,.T.);
#2223=EDGE_CURVE('',#1712,#1571,#979,.T.);
#2224=EDGE_CURVE('',#1549,#1693,#980,.T.);
#2225=EDGE_CURVE('',#1691,#1550,#981,.T.);
#2226=EDGE_CURVE('',#1690,#1552,#982,.T.);
#2227=EDGE_CURVE('',#1692,#1551,#983,.T.);
#2228=ORIENTED_EDGE('',*,*,#1746,.F.);
#2229=ORIENTED_EDGE('',*,*,#1747,.F.);
#2230=ORIENTED_EDGE('',*,*,#1748,.F.);
#2231=ORIENTED_EDGE('',*,*,#1749,.T.);
#2232=ORIENTED_EDGE('',*,*,#1750,.F.);
#2233=ORIENTED_EDGE('',*,*,#1751,.F.);
#2234=ORIENTED_EDGE('',*,*,#1752,.F.);
#2235=ORIENTED_EDGE('',*,*,#1753,.T.);
#2236=ORIENTED_EDGE('',*,*,#1754,.F.);
#2237=ORIENTED_EDGE('',*,*,#1755,.F.);
#2238=ORIENTED_EDGE('',*,*,#1756,.F.);
#2239=ORIENTED_EDGE('',*,*,#1757,.T.);
#2240=ORIENTED_EDGE('',*,*,#1758,.F.);
#2241=ORIENTED_EDGE('',*,*,#1759,.F.);
#2242=ORIENTED_EDGE('',*,*,#1760,.F.);
#2243=ORIENTED_EDGE('',*,*,#1761,.T.);
#2244=ORIENTED_EDGE('',*,*,#1762,.F.);
#2245=ORIENTED_EDGE('',*,*,#1761,.F.);
#2246=ORIENTED_EDGE('',*,*,#1763,.F.);
#2247=ORIENTED_EDGE('',*,*,#1764,.T.);
#2248=ORIENTED_EDGE('',*,*,#1765,.F.);
#2249=ORIENTED_EDGE('',*,*,#1764,.F.);
#2250=ORIENTED_EDGE('',*,*,#1766,.F.);
#2251=ORIENTED_EDGE('',*,*,#1767,.T.);
#2252=ORIENTED_EDGE('',*,*,#1768,.F.);
#2253=ORIENTED_EDGE('',*,*,#1767,.F.);
#2254=ORIENTED_EDGE('',*,*,#1769,.F.);
#2255=ORIENTED_EDGE('',*,*,#1759,.T.);
#2256=ORIENTED_EDGE('',*,*,#1770,.F.);
#2257=ORIENTED_EDGE('',*,*,#1771,.F.);
#2258=ORIENTED_EDGE('',*,*,#1772,.F.);
#2259=ORIENTED_EDGE('',*,*,#1773,.T.);
#2260=ORIENTED_EDGE('',*,*,#1774,.F.);
#2261=ORIENTED_EDGE('',*,*,#1773,.F.);
#2262=ORIENTED_EDGE('',*,*,#1775,.F.);
#2263=ORIENTED_EDGE('',*,*,#1776,.T.);
#2264=ORIENTED_EDGE('',*,*,#1777,.F.);
#2265=ORIENTED_EDGE('',*,*,#1776,.F.);
#2266=ORIENTED_EDGE('',*,*,#1778,.F.);
#2267=ORIENTED_EDGE('',*,*,#1779,.T.);
#2268=ORIENTED_EDGE('',*,*,#1780,.F.);
#2269=ORIENTED_EDGE('',*,*,#1779,.F.);
#2270=ORIENTED_EDGE('',*,*,#1781,.F.);
#2271=ORIENTED_EDGE('',*,*,#1771,.T.);
#2272=ORIENTED_EDGE('',*,*,#1782,.F.);
#2273=ORIENTED_EDGE('',*,*,#1783,.F.);
#2274=ORIENTED_EDGE('',*,*,#1784,.F.);
#2275=ORIENTED_EDGE('',*,*,#1785,.T.);
#2276=ORIENTED_EDGE('',*,*,#1786,.F.);
#2277=ORIENTED_EDGE('',*,*,#1785,.F.);
#2278=ORIENTED_EDGE('',*,*,#1787,.F.);
#2279=ORIENTED_EDGE('',*,*,#1788,.T.);
#2280=ORIENTED_EDGE('',*,*,#1789,.F.);
#2281=ORIENTED_EDGE('',*,*,#1788,.F.);
#2282=ORIENTED_EDGE('',*,*,#1790,.F.);
#2283=ORIENTED_EDGE('',*,*,#1791,.T.);
#2284=ORIENTED_EDGE('',*,*,#1792,.F.);
#2285=ORIENTED_EDGE('',*,*,#1791,.F.);
#2286=ORIENTED_EDGE('',*,*,#1793,.F.);
#2287=ORIENTED_EDGE('',*,*,#1783,.T.);
#2288=ORIENTED_EDGE('',*,*,#1794,.F.);
#2289=ORIENTED_EDGE('',*,*,#1795,.F.);
#2290=ORIENTED_EDGE('',*,*,#1796,.F.);
#2291=ORIENTED_EDGE('',*,*,#1797,.T.);
#2292=ORIENTED_EDGE('',*,*,#1798,.F.);
#2293=ORIENTED_EDGE('',*,*,#1797,.F.);
#2294=ORIENTED_EDGE('',*,*,#1799,.F.);
#2295=ORIENTED_EDGE('',*,*,#1800,.T.);
#2296=ORIENTED_EDGE('',*,*,#1801,.F.);
#2297=ORIENTED_EDGE('',*,*,#1800,.F.);
#2298=ORIENTED_EDGE('',*,*,#1802,.F.);
#2299=ORIENTED_EDGE('',*,*,#1803,.T.);
#2300=ORIENTED_EDGE('',*,*,#1804,.F.);
#2301=ORIENTED_EDGE('',*,*,#1803,.F.);
#2302=ORIENTED_EDGE('',*,*,#1805,.F.);
#2303=ORIENTED_EDGE('',*,*,#1795,.T.);
#2304=ORIENTED_EDGE('',*,*,#1806,.F.);
#2305=ORIENTED_EDGE('',*,*,#1807,.F.);
#2306=ORIENTED_EDGE('',*,*,#1808,.F.);
#2307=ORIENTED_EDGE('',*,*,#1809,.T.);
#2308=ORIENTED_EDGE('',*,*,#1810,.T.);
#2309=ORIENTED_EDGE('',*,*,#1808,.T.);
#2310=ORIENTED_EDGE('',*,*,#1811,.T.);
#2311=ORIENTED_EDGE('',*,*,#1812,.T.);
#2312=ORIENTED_EDGE('',*,*,#1813,.T.);
#2313=ORIENTED_EDGE('',*,*,#1814,.T.);
#2314=ORIENTED_EDGE('',*,*,#1815,.T.);
#2315=ORIENTED_EDGE('',*,*,#1816,.T.);
#2316=ORIENTED_EDGE('',*,*,#1817,.F.);
#2317=ORIENTED_EDGE('',*,*,#1818,.F.);
#2318=ORIENTED_EDGE('',*,*,#1819,.F.);
#2319=ORIENTED_EDGE('',*,*,#1820,.T.);
#2320=ORIENTED_EDGE('',*,*,#1821,.T.);
#2321=ORIENTED_EDGE('',*,*,#1822,.T.);
#2322=ORIENTED_EDGE('',*,*,#1823,.F.);
#2323=ORIENTED_EDGE('',*,*,#1824,.T.);
#2324=ORIENTED_EDGE('',*,*,#1825,.T.);
#2325=ORIENTED_EDGE('',*,*,#1826,.T.);
#2326=ORIENTED_EDGE('',*,*,#1827,.F.);
#2327=ORIENTED_EDGE('',*,*,#1828,.T.);
#2328=ORIENTED_EDGE('',*,*,#1829,.F.);
#2329=ORIENTED_EDGE('',*,*,#1830,.T.);
#2330=ORIENTED_EDGE('',*,*,#1831,.T.);
#2331=ORIENTED_EDGE('',*,*,#1832,.T.);
#2332=ORIENTED_EDGE('',*,*,#1752,.T.);
#2333=ORIENTED_EDGE('',*,*,#1833,.T.);
#2334=ORIENTED_EDGE('',*,*,#1834,.F.);
#2335=ORIENTED_EDGE('',*,*,#1835,.T.);
#2336=ORIENTED_EDGE('',*,*,#1756,.T.);
#2337=ORIENTED_EDGE('',*,*,#1836,.T.);
#2338=ORIENTED_EDGE('',*,*,#1837,.F.);
#2339=ORIENTED_EDGE('',*,*,#1838,.T.);
#2340=ORIENTED_EDGE('',*,*,#1748,.T.);
#2341=ORIENTED_EDGE('',*,*,#1839,.T.);
#2342=ORIENTED_EDGE('',*,*,#1840,.F.);
#2343=ORIENTED_EDGE('',*,*,#1841,.T.);
#2344=ORIENTED_EDGE('',*,*,#1842,.T.);
#2345=ORIENTED_EDGE('',*,*,#1843,.F.);
#2346=ORIENTED_EDGE('',*,*,#1844,.F.);
#2347=ORIENTED_EDGE('',*,*,#1845,.F.);
#2348=ORIENTED_EDGE('',*,*,#1846,.F.);
#2349=ORIENTED_EDGE('',*,*,#1847,.F.);
#2350=ORIENTED_EDGE('',*,*,#1848,.F.);
#2351=ORIENTED_EDGE('',*,*,#1849,.F.);
#2352=ORIENTED_EDGE('',*,*,#1850,.F.);
#2353=ORIENTED_EDGE('',*,*,#1851,.F.);
#2354=ORIENTED_EDGE('',*,*,#1852,.F.);
#2355=ORIENTED_EDGE('',*,*,#1853,.F.);
#2356=ORIENTED_EDGE('',*,*,#1854,.F.);
#2357=ORIENTED_EDGE('',*,*,#1855,.F.);
#2358=ORIENTED_EDGE('',*,*,#1856,.F.);
#2359=ORIENTED_EDGE('',*,*,#1857,.F.);
#2360=ORIENTED_EDGE('',*,*,#1858,.F.);
#2361=ORIENTED_EDGE('',*,*,#1859,.F.);
#2362=ORIENTED_EDGE('',*,*,#1860,.F.);
#2363=ORIENTED_EDGE('',*,*,#1861,.F.);
#2364=ORIENTED_EDGE('',*,*,#1862,.F.);
#2365=ORIENTED_EDGE('',*,*,#1863,.F.);
#2366=ORIENTED_EDGE('',*,*,#1864,.F.);
#2367=ORIENTED_EDGE('',*,*,#1865,.F.);
#2368=ORIENTED_EDGE('',*,*,#1866,.F.);
#2369=ORIENTED_EDGE('',*,*,#1867,.F.);
#2370=ORIENTED_EDGE('',*,*,#1868,.F.);
#2371=ORIENTED_EDGE('',*,*,#1869,.F.);
#2372=ORIENTED_EDGE('',*,*,#1870,.F.);
#2373=ORIENTED_EDGE('',*,*,#1871,.F.);
#2374=ORIENTED_EDGE('',*,*,#1872,.F.);
#2375=ORIENTED_EDGE('',*,*,#1873,.F.);
#2376=ORIENTED_EDGE('',*,*,#1874,.F.);
#2377=ORIENTED_EDGE('',*,*,#1875,.F.);
#2378=ORIENTED_EDGE('',*,*,#1876,.F.);
#2379=ORIENTED_EDGE('',*,*,#1877,.F.);
#2380=ORIENTED_EDGE('',*,*,#1878,.F.);
#2381=ORIENTED_EDGE('',*,*,#1879,.F.);
#2382=ORIENTED_EDGE('',*,*,#1880,.F.);
#2383=ORIENTED_EDGE('',*,*,#1881,.F.);
#2384=ORIENTED_EDGE('',*,*,#1882,.F.);
#2385=ORIENTED_EDGE('',*,*,#1883,.F.);
#2386=ORIENTED_EDGE('',*,*,#1884,.F.);
#2387=ORIENTED_EDGE('',*,*,#1885,.F.);
#2388=ORIENTED_EDGE('',*,*,#1886,.F.);
#2389=ORIENTED_EDGE('',*,*,#1887,.F.);
#2390=ORIENTED_EDGE('',*,*,#1888,.F.);
#2391=ORIENTED_EDGE('',*,*,#1889,.F.);
#2392=ORIENTED_EDGE('',*,*,#1890,.F.);
#2393=ORIENTED_EDGE('',*,*,#1891,.F.);
#2394=ORIENTED_EDGE('',*,*,#1892,.F.);
#2395=ORIENTED_EDGE('',*,*,#1893,.F.);
#2396=ORIENTED_EDGE('',*,*,#1894,.F.);
#2397=ORIENTED_EDGE('',*,*,#1895,.F.);
#2398=ORIENTED_EDGE('',*,*,#1896,.F.);
#2399=ORIENTED_EDGE('',*,*,#1897,.F.);
#2400=ORIENTED_EDGE('',*,*,#1898,.F.);
#2401=ORIENTED_EDGE('',*,*,#1899,.F.);
#2402=ORIENTED_EDGE('',*,*,#1900,.F.);
#2403=ORIENTED_EDGE('',*,*,#1901,.F.);
#2404=ORIENTED_EDGE('',*,*,#1902,.F.);
#2405=ORIENTED_EDGE('',*,*,#1903,.F.);
#2406=ORIENTED_EDGE('',*,*,#1904,.F.);
#2407=ORIENTED_EDGE('',*,*,#1905,.F.);
#2408=ORIENTED_EDGE('',*,*,#1906,.F.);
#2409=ORIENTED_EDGE('',*,*,#1907,.F.);
#2410=ORIENTED_EDGE('',*,*,#1908,.F.);
#2411=ORIENTED_EDGE('',*,*,#1909,.F.);
#2412=ORIENTED_EDGE('',*,*,#1910,.F.);
#2413=ORIENTED_EDGE('',*,*,#1911,.F.);
#2414=ORIENTED_EDGE('',*,*,#1912,.F.);
#2415=ORIENTED_EDGE('',*,*,#1913,.F.);
#2416=ORIENTED_EDGE('',*,*,#1914,.F.);
#2417=ORIENTED_EDGE('',*,*,#1915,.T.);
#2418=ORIENTED_EDGE('',*,*,#1916,.T.);
#2419=ORIENTED_EDGE('',*,*,#1917,.F.);
#2420=ORIENTED_EDGE('',*,*,#1918,.F.);
#2421=ORIENTED_EDGE('',*,*,#1919,.F.);
#2422=ORIENTED_EDGE('',*,*,#1920,.F.);
#2423=ORIENTED_EDGE('',*,*,#1921,.F.);
#2424=ORIENTED_EDGE('',*,*,#1922,.F.);
#2425=ORIENTED_EDGE('',*,*,#1923,.F.);
#2426=ORIENTED_EDGE('',*,*,#1924,.F.);
#2427=ORIENTED_EDGE('',*,*,#1925,.F.);
#2428=ORIENTED_EDGE('',*,*,#1926,.F.);
#2429=ORIENTED_EDGE('',*,*,#1927,.F.);
#2430=ORIENTED_EDGE('',*,*,#1928,.F.);
#2431=ORIENTED_EDGE('',*,*,#1929,.F.);
#2432=ORIENTED_EDGE('',*,*,#1930,.F.);
#2433=ORIENTED_EDGE('',*,*,#1931,.F.);
#2434=ORIENTED_EDGE('',*,*,#1932,.F.);
#2435=ORIENTED_EDGE('',*,*,#1933,.T.);
#2436=ORIENTED_EDGE('',*,*,#1934,.T.);
#2437=ORIENTED_EDGE('',*,*,#1935,.F.);
#2438=ORIENTED_EDGE('',*,*,#1936,.T.);
#2439=ORIENTED_EDGE('',*,*,#1937,.T.);
#2440=ORIENTED_EDGE('',*,*,#1938,.T.);
#2441=ORIENTED_EDGE('',*,*,#1939,.T.);
#2442=ORIENTED_EDGE('',*,*,#1940,.F.);
#2443=ORIENTED_EDGE('',*,*,#1941,.F.);
#2444=ORIENTED_EDGE('',*,*,#1942,.F.);
#2445=ORIENTED_EDGE('',*,*,#1943,.T.);
#2446=ORIENTED_EDGE('',*,*,#1944,.T.);
#2447=ORIENTED_EDGE('',*,*,#1945,.T.);
#2448=ORIENTED_EDGE('',*,*,#1802,.T.);
#2449=ORIENTED_EDGE('',*,*,#1799,.T.);
#2450=ORIENTED_EDGE('',*,*,#1796,.T.);
#2451=ORIENTED_EDGE('',*,*,#1805,.T.);
#2452=ORIENTED_EDGE('',*,*,#1790,.T.);
#2453=ORIENTED_EDGE('',*,*,#1787,.T.);
#2454=ORIENTED_EDGE('',*,*,#1784,.T.);
#2455=ORIENTED_EDGE('',*,*,#1793,.T.);
#2456=ORIENTED_EDGE('',*,*,#1778,.T.);
#2457=ORIENTED_EDGE('',*,*,#1775,.T.);
#2458=ORIENTED_EDGE('',*,*,#1772,.T.);
#2459=ORIENTED_EDGE('',*,*,#1781,.T.);
#2460=ORIENTED_EDGE('',*,*,#1766,.T.);
#2461=ORIENTED_EDGE('',*,*,#1763,.T.);
#2462=ORIENTED_EDGE('',*,*,#1760,.T.);
#2463=ORIENTED_EDGE('',*,*,#1769,.T.);
#2464=ORIENTED_EDGE('',*,*,#1946,.T.);
#2465=ORIENTED_EDGE('',*,*,#1947,.F.);
#2466=ORIENTED_EDGE('',*,*,#1948,.F.);
#2467=ORIENTED_EDGE('',*,*,#1949,.T.);
#2468=ORIENTED_EDGE('',*,*,#1950,.F.);
#2469=ORIENTED_EDGE('',*,*,#1951,.T.);
#2470=ORIENTED_EDGE('',*,*,#1952,.F.);
#2471=ORIENTED_EDGE('',*,*,#1830,.F.);
#2472=ORIENTED_EDGE('',*,*,#1953,.T.);
#2473=ORIENTED_EDGE('',*,*,#1954,.F.);
#2474=ORIENTED_EDGE('',*,*,#1831,.F.);
#2475=ORIENTED_EDGE('',*,*,#1952,.T.);
#2476=ORIENTED_EDGE('',*,*,#1810,.F.);
#2477=ORIENTED_EDGE('',*,*,#1954,.T.);
#2478=ORIENTED_EDGE('',*,*,#1955,.T.);
#2479=ORIENTED_EDGE('',*,*,#1809,.F.);
#2480=ORIENTED_EDGE('',*,*,#1832,.F.);
#2481=ORIENTED_EDGE('',*,*,#1956,.T.);
#2482=ORIENTED_EDGE('',*,*,#1957,.F.);
#2483=ORIENTED_EDGE('',*,*,#1753,.F.);
#2484=ORIENTED_EDGE('',*,*,#1835,.F.);
#2485=ORIENTED_EDGE('',*,*,#1958,.T.);
#2486=ORIENTED_EDGE('',*,*,#1959,.F.);
#2487=ORIENTED_EDGE('',*,*,#1757,.F.);
#2488=ORIENTED_EDGE('',*,*,#1838,.F.);
#2489=ORIENTED_EDGE('',*,*,#1960,.T.);
#2490=ORIENTED_EDGE('',*,*,#1961,.F.);
#2491=ORIENTED_EDGE('',*,*,#1749,.F.);
#2492=ORIENTED_EDGE('',*,*,#1962,.F.);
#2493=ORIENTED_EDGE('',*,*,#1963,.F.);
#2494=ORIENTED_EDGE('',*,*,#1833,.F.);
#2495=ORIENTED_EDGE('',*,*,#1751,.T.);
#2496=ORIENTED_EDGE('',*,*,#1964,.T.);
#2497=ORIENTED_EDGE('',*,*,#1956,.F.);
#2498=ORIENTED_EDGE('',*,*,#1834,.T.);
#2499=ORIENTED_EDGE('',*,*,#1963,.T.);
#2500=ORIENTED_EDGE('',*,*,#1965,.F.);
#2501=ORIENTED_EDGE('',*,*,#1966,.F.);
#2502=ORIENTED_EDGE('',*,*,#1836,.F.);
#2503=ORIENTED_EDGE('',*,*,#1755,.T.);
#2504=ORIENTED_EDGE('',*,*,#1967,.T.);
#2505=ORIENTED_EDGE('',*,*,#1958,.F.);
#2506=ORIENTED_EDGE('',*,*,#1837,.T.);
#2507=ORIENTED_EDGE('',*,*,#1966,.T.);
#2508=ORIENTED_EDGE('',*,*,#1968,.F.);
#2509=ORIENTED_EDGE('',*,*,#1969,.F.);
#2510=ORIENTED_EDGE('',*,*,#1839,.F.);
#2511=ORIENTED_EDGE('',*,*,#1747,.T.);
#2512=ORIENTED_EDGE('',*,*,#1970,.T.);
#2513=ORIENTED_EDGE('',*,*,#1960,.F.);
#2514=ORIENTED_EDGE('',*,*,#1840,.T.);
#2515=ORIENTED_EDGE('',*,*,#1969,.T.);
#2516=ORIENTED_EDGE('',*,*,#1971,.F.);
#2517=ORIENTED_EDGE('',*,*,#1972,.F.);
#2518=ORIENTED_EDGE('',*,*,#1811,.F.);
#2519=ORIENTED_EDGE('',*,*,#1807,.T.);
#2520=ORIENTED_EDGE('',*,*,#1973,.T.);
#2521=ORIENTED_EDGE('',*,*,#1974,.F.);
#2522=ORIENTED_EDGE('',*,*,#1812,.F.);
#2523=ORIENTED_EDGE('',*,*,#1972,.T.);
#2524=ORIENTED_EDGE('',*,*,#1975,.T.);
#2525=ORIENTED_EDGE('',*,*,#1976,.F.);
#2526=ORIENTED_EDGE('',*,*,#1813,.F.);
#2527=ORIENTED_EDGE('',*,*,#1974,.T.);
#2528=ORIENTED_EDGE('',*,*,#1977,.T.);
#2529=ORIENTED_EDGE('',*,*,#1978,.F.);
#2530=ORIENTED_EDGE('',*,*,#1814,.F.);
#2531=ORIENTED_EDGE('',*,*,#1976,.T.);
#2532=ORIENTED_EDGE('',*,*,#1979,.T.);
#2533=ORIENTED_EDGE('',*,*,#1980,.F.);
#2534=ORIENTED_EDGE('',*,*,#1815,.F.);
#2535=ORIENTED_EDGE('',*,*,#1978,.T.);
#2536=ORIENTED_EDGE('',*,*,#1981,.T.);
#2537=ORIENTED_EDGE('',*,*,#1982,.F.);
#2538=ORIENTED_EDGE('',*,*,#1816,.F.);
#2539=ORIENTED_EDGE('',*,*,#1980,.T.);
#2540=ORIENTED_EDGE('',*,*,#1983,.T.);
#2541=ORIENTED_EDGE('',*,*,#1984,.T.);
#2542=ORIENTED_EDGE('',*,*,#1817,.T.);
#2543=ORIENTED_EDGE('',*,*,#1982,.T.);
#2544=ORIENTED_EDGE('',*,*,#1985,.F.);
#2545=ORIENTED_EDGE('',*,*,#1986,.F.);
#2546=ORIENTED_EDGE('',*,*,#1946,.F.);
#2547=ORIENTED_EDGE('',*,*,#1987,.T.);
#2548=ORIENTED_EDGE('',*,*,#1988,.T.);
#2549=ORIENTED_EDGE('',*,*,#1989,.F.);
#2550=ORIENTED_EDGE('',*,*,#1947,.T.);
#2551=ORIENTED_EDGE('',*,*,#1986,.T.);
#2552=ORIENTED_EDGE('',*,*,#1990,.T.);
#2553=ORIENTED_EDGE('',*,*,#1991,.F.);
#2554=ORIENTED_EDGE('',*,*,#1948,.T.);
#2555=ORIENTED_EDGE('',*,*,#1989,.T.);
#2556=ORIENTED_EDGE('',*,*,#1992,.F.);
#2557=ORIENTED_EDGE('',*,*,#1987,.F.);
#2558=ORIENTED_EDGE('',*,*,#1949,.F.);
#2559=ORIENTED_EDGE('',*,*,#1991,.T.);
#2560=ORIENTED_EDGE('',*,*,#1955,.F.);
#2561=ORIENTED_EDGE('',*,*,#1953,.F.);
#2562=ORIENTED_EDGE('',*,*,#1951,.F.);
#2563=ORIENTED_EDGE('',*,*,#1993,.T.);
#2564=ORIENTED_EDGE('',*,*,#1994,.T.);
#2565=ORIENTED_EDGE('',*,*,#1995,.F.);
#2566=ORIENTED_EDGE('',*,*,#1996,.T.);
#2567=ORIENTED_EDGE('',*,*,#1997,.T.);
#2568=ORIENTED_EDGE('',*,*,#1998,.T.);
#2569=ORIENTED_EDGE('',*,*,#1999,.T.);
#2570=ORIENTED_EDGE('',*,*,#2000,.F.);
#2571=ORIENTED_EDGE('',*,*,#2001,.T.);
#2572=ORIENTED_EDGE('',*,*,#2002,.T.);
#2573=ORIENTED_EDGE('',*,*,#2003,.T.);
#2574=ORIENTED_EDGE('',*,*,#2004,.T.);
#2575=ORIENTED_EDGE('',*,*,#2005,.F.);
#2576=ORIENTED_EDGE('',*,*,#1983,.F.);
#2577=ORIENTED_EDGE('',*,*,#1981,.F.);
#2578=ORIENTED_EDGE('',*,*,#1979,.F.);
#2579=ORIENTED_EDGE('',*,*,#1977,.F.);
#2580=ORIENTED_EDGE('',*,*,#1975,.F.);
#2581=ORIENTED_EDGE('',*,*,#1973,.F.);
#2582=ORIENTED_EDGE('',*,*,#1971,.T.);
#2583=ORIENTED_EDGE('',*,*,#1806,.T.);
#2584=ORIENTED_EDGE('',*,*,#1985,.T.);
#2585=ORIENTED_EDGE('',*,*,#1992,.T.);
#2586=ORIENTED_EDGE('',*,*,#1990,.F.);
#2587=ORIENTED_EDGE('',*,*,#1988,.F.);
#2588=ORIENTED_EDGE('',*,*,#2006,.T.);
#2589=ORIENTED_EDGE('',*,*,#2007,.T.);
#2590=ORIENTED_EDGE('',*,*,#2008,.F.);
#2591=ORIENTED_EDGE('',*,*,#2009,.F.);
#2592=ORIENTED_EDGE('',*,*,#2010,.F.);
#2593=ORIENTED_EDGE('',*,*,#2011,.F.);
#2594=ORIENTED_EDGE('',*,*,#2012,.F.);
#2595=ORIENTED_EDGE('',*,*,#2013,.F.);
#2596=ORIENTED_EDGE('',*,*,#2014,.F.);
#2597=ORIENTED_EDGE('',*,*,#2015,.F.);
#2598=ORIENTED_EDGE('',*,*,#2016,.F.);
#2599=ORIENTED_EDGE('',*,*,#2017,.F.);
#2600=ORIENTED_EDGE('',*,*,#2018,.F.);
#2601=ORIENTED_EDGE('',*,*,#2019,.F.);
#2602=ORIENTED_EDGE('',*,*,#2020,.F.);
#2603=ORIENTED_EDGE('',*,*,#2021,.F.);
#2604=ORIENTED_EDGE('',*,*,#2022,.F.);
#2605=ORIENTED_EDGE('',*,*,#2023,.F.);
#2606=ORIENTED_EDGE('',*,*,#2024,.F.);
#2607=ORIENTED_EDGE('',*,*,#2025,.F.);
#2608=ORIENTED_EDGE('',*,*,#2026,.F.);
#2609=ORIENTED_EDGE('',*,*,#2027,.F.);
#2610=ORIENTED_EDGE('',*,*,#2028,.F.);
#2611=ORIENTED_EDGE('',*,*,#2029,.F.);
#2612=ORIENTED_EDGE('',*,*,#2030,.F.);
#2613=ORIENTED_EDGE('',*,*,#2031,.F.);
#2614=ORIENTED_EDGE('',*,*,#2032,.F.);
#2615=ORIENTED_EDGE('',*,*,#2033,.F.);
#2616=ORIENTED_EDGE('',*,*,#2034,.F.);
#2617=ORIENTED_EDGE('',*,*,#2035,.F.);
#2618=ORIENTED_EDGE('',*,*,#2036,.F.);
#2619=ORIENTED_EDGE('',*,*,#2037,.F.);
#2620=ORIENTED_EDGE('',*,*,#2038,.F.);
#2621=ORIENTED_EDGE('',*,*,#2039,.F.);
#2622=ORIENTED_EDGE('',*,*,#2040,.F.);
#2623=ORIENTED_EDGE('',*,*,#2041,.F.);
#2624=ORIENTED_EDGE('',*,*,#2042,.F.);
#2625=ORIENTED_EDGE('',*,*,#2043,.F.);
#2626=ORIENTED_EDGE('',*,*,#2044,.F.);
#2627=ORIENTED_EDGE('',*,*,#2045,.F.);
#2628=ORIENTED_EDGE('',*,*,#2046,.F.);
#2629=ORIENTED_EDGE('',*,*,#2047,.F.);
#2630=ORIENTED_EDGE('',*,*,#2048,.F.);
#2631=ORIENTED_EDGE('',*,*,#2049,.F.);
#2632=ORIENTED_EDGE('',*,*,#2050,.F.);
#2633=ORIENTED_EDGE('',*,*,#2051,.F.);
#2634=ORIENTED_EDGE('',*,*,#2052,.F.);
#2635=ORIENTED_EDGE('',*,*,#2053,.F.);
#2636=ORIENTED_EDGE('',*,*,#2054,.F.);
#2637=ORIENTED_EDGE('',*,*,#2055,.F.);
#2638=ORIENTED_EDGE('',*,*,#2056,.F.);
#2639=ORIENTED_EDGE('',*,*,#2057,.F.);
#2640=ORIENTED_EDGE('',*,*,#2058,.F.);
#2641=ORIENTED_EDGE('',*,*,#2059,.F.);
#2642=ORIENTED_EDGE('',*,*,#2060,.F.);
#2643=ORIENTED_EDGE('',*,*,#2061,.F.);
#2644=ORIENTED_EDGE('',*,*,#2062,.F.);
#2645=ORIENTED_EDGE('',*,*,#2063,.F.);
#2646=ORIENTED_EDGE('',*,*,#2064,.F.);
#2647=ORIENTED_EDGE('',*,*,#2065,.F.);
#2648=ORIENTED_EDGE('',*,*,#2066,.F.);
#2649=ORIENTED_EDGE('',*,*,#2067,.F.);
#2650=ORIENTED_EDGE('',*,*,#2068,.F.);
#2651=ORIENTED_EDGE('',*,*,#2069,.F.);
#2652=ORIENTED_EDGE('',*,*,#2070,.F.);
#2653=ORIENTED_EDGE('',*,*,#2071,.F.);
#2654=ORIENTED_EDGE('',*,*,#2072,.F.);
#2655=ORIENTED_EDGE('',*,*,#2073,.F.);
#2656=ORIENTED_EDGE('',*,*,#2074,.F.);
#2657=ORIENTED_EDGE('',*,*,#2075,.F.);
#2658=ORIENTED_EDGE('',*,*,#2076,.F.);
#2659=ORIENTED_EDGE('',*,*,#2077,.F.);
#2660=ORIENTED_EDGE('',*,*,#2078,.F.);
#2661=ORIENTED_EDGE('',*,*,#2079,.F.);
#2662=ORIENTED_EDGE('',*,*,#2080,.T.);
#2663=ORIENTED_EDGE('',*,*,#2081,.T.);
#2664=ORIENTED_EDGE('',*,*,#2082,.F.);
#2665=ORIENTED_EDGE('',*,*,#2083,.F.);
#2666=ORIENTED_EDGE('',*,*,#2084,.F.);
#2667=ORIENTED_EDGE('',*,*,#2085,.F.);
#2668=ORIENTED_EDGE('',*,*,#2086,.F.);
#2669=ORIENTED_EDGE('',*,*,#2087,.F.);
#2670=ORIENTED_EDGE('',*,*,#2088,.F.);
#2671=ORIENTED_EDGE('',*,*,#2089,.F.);
#2672=ORIENTED_EDGE('',*,*,#2090,.F.);
#2673=ORIENTED_EDGE('',*,*,#2091,.F.);
#2674=ORIENTED_EDGE('',*,*,#2092,.F.);
#2675=ORIENTED_EDGE('',*,*,#2093,.F.);
#2676=ORIENTED_EDGE('',*,*,#2094,.F.);
#2677=ORIENTED_EDGE('',*,*,#2095,.F.);
#2678=ORIENTED_EDGE('',*,*,#2096,.F.);
#2679=ORIENTED_EDGE('',*,*,#2097,.F.);
#2680=ORIENTED_EDGE('',*,*,#2098,.T.);
#2681=ORIENTED_EDGE('',*,*,#2099,.T.);
#2682=ORIENTED_EDGE('',*,*,#2100,.F.);
#2683=ORIENTED_EDGE('',*,*,#2101,.F.);
#2684=ORIENTED_EDGE('',*,*,#2102,.F.);
#2685=ORIENTED_EDGE('',*,*,#2103,.T.);
#2686=ORIENTED_EDGE('',*,*,#2104,.T.);
#2687=ORIENTED_EDGE('',*,*,#2105,.T.);
#2688=ORIENTED_EDGE('',*,*,#2106,.T.);
#2689=ORIENTED_EDGE('',*,*,#2107,.F.);
#2690=ORIENTED_EDGE('',*,*,#2108,.T.);
#2691=ORIENTED_EDGE('',*,*,#2109,.T.);
#2692=ORIENTED_EDGE('',*,*,#2110,.T.);
#2693=ORIENTED_EDGE('',*,*,#1801,.T.);
#2694=ORIENTED_EDGE('',*,*,#1804,.T.);
#2695=ORIENTED_EDGE('',*,*,#1794,.T.);
#2696=ORIENTED_EDGE('',*,*,#1798,.T.);
#2697=ORIENTED_EDGE('',*,*,#1789,.T.);
#2698=ORIENTED_EDGE('',*,*,#1792,.T.);
#2699=ORIENTED_EDGE('',*,*,#1782,.T.);
#2700=ORIENTED_EDGE('',*,*,#1786,.T.);
#2701=ORIENTED_EDGE('',*,*,#1777,.T.);
#2702=ORIENTED_EDGE('',*,*,#1780,.T.);
#2703=ORIENTED_EDGE('',*,*,#1770,.T.);
#2704=ORIENTED_EDGE('',*,*,#1774,.T.);
#2705=ORIENTED_EDGE('',*,*,#1765,.T.);
#2706=ORIENTED_EDGE('',*,*,#1768,.T.);
#2707=ORIENTED_EDGE('',*,*,#1758,.T.);
#2708=ORIENTED_EDGE('',*,*,#1762,.T.);
#2709=ORIENTED_EDGE('',*,*,#1959,.T.);
#2710=ORIENTED_EDGE('',*,*,#1967,.F.);
#2711=ORIENTED_EDGE('',*,*,#1965,.T.);
#2712=ORIENTED_EDGE('',*,*,#1754,.T.);
#2713=ORIENTED_EDGE('',*,*,#1957,.T.);
#2714=ORIENTED_EDGE('',*,*,#1964,.F.);
#2715=ORIENTED_EDGE('',*,*,#1962,.T.);
#2716=ORIENTED_EDGE('',*,*,#1750,.T.);
#2717=ORIENTED_EDGE('',*,*,#1961,.T.);
#2718=ORIENTED_EDGE('',*,*,#1970,.F.);
#2719=ORIENTED_EDGE('',*,*,#1968,.T.);
#2720=ORIENTED_EDGE('',*,*,#1746,.T.);
#2721=ORIENTED_EDGE('',*,*,#2111,.F.);
#2722=ORIENTED_EDGE('',*,*,#1828,.F.);
#2723=ORIENTED_EDGE('',*,*,#2112,.F.);
#2724=ORIENTED_EDGE('',*,*,#1994,.F.);
#2725=ORIENTED_EDGE('',*,*,#2113,.F.);
#2726=ORIENTED_EDGE('',*,*,#1944,.F.);
#2727=ORIENTED_EDGE('',*,*,#2114,.F.);
#2728=ORIENTED_EDGE('',*,*,#2098,.F.);
#2729=ORIENTED_EDGE('',*,*,#2099,.F.);
#2730=ORIENTED_EDGE('',*,*,#2114,.T.);
#2731=ORIENTED_EDGE('',*,*,#1943,.F.);
#2732=ORIENTED_EDGE('',*,*,#2115,.F.);
#2733=ORIENTED_EDGE('',*,*,#2103,.F.);
#2734=ORIENTED_EDGE('',*,*,#2116,.F.);
#2735=ORIENTED_EDGE('',*,*,#1939,.F.);
#2736=ORIENTED_EDGE('',*,*,#2117,.F.);
#2737=ORIENTED_EDGE('',*,*,#2104,.F.);
#2738=ORIENTED_EDGE('',*,*,#2117,.T.);
#2739=ORIENTED_EDGE('',*,*,#1938,.F.);
#2740=ORIENTED_EDGE('',*,*,#2118,.F.);
#2741=ORIENTED_EDGE('',*,*,#2105,.F.);
#2742=ORIENTED_EDGE('',*,*,#2118,.T.);
#2743=ORIENTED_EDGE('',*,*,#1937,.F.);
#2744=ORIENTED_EDGE('',*,*,#2119,.F.);
#2745=ORIENTED_EDGE('',*,*,#2119,.T.);
#2746=ORIENTED_EDGE('',*,*,#1936,.F.);
#2747=ORIENTED_EDGE('',*,*,#2120,.F.);
#2748=ORIENTED_EDGE('',*,*,#2106,.F.);
#2749=ORIENTED_EDGE('',*,*,#2108,.F.);
#2750=ORIENTED_EDGE('',*,*,#2121,.F.);
#2751=ORIENTED_EDGE('',*,*,#1934,.F.);
#2752=ORIENTED_EDGE('',*,*,#2122,.F.);
#2753=ORIENTED_EDGE('',*,*,#2109,.F.);
#2754=ORIENTED_EDGE('',*,*,#2122,.T.);
#2755=ORIENTED_EDGE('',*,*,#1933,.F.);
#2756=ORIENTED_EDGE('',*,*,#2113,.T.);
#2757=ORIENTED_EDGE('',*,*,#2002,.F.);
#2758=ORIENTED_EDGE('',*,*,#2123,.F.);
#2759=ORIENTED_EDGE('',*,*,#1821,.F.);
#2760=ORIENTED_EDGE('',*,*,#2124,.F.);
#2761=ORIENTED_EDGE('',*,*,#2125,.F.);
#2762=ORIENTED_EDGE('',*,*,#1826,.F.);
#2763=ORIENTED_EDGE('',*,*,#2126,.T.);
#2764=ORIENTED_EDGE('',*,*,#1997,.F.);
#2765=ORIENTED_EDGE('',*,*,#2127,.T.);
#2766=ORIENTED_EDGE('',*,*,#2127,.F.);
#2767=ORIENTED_EDGE('',*,*,#1996,.F.);
#2768=ORIENTED_EDGE('',*,*,#2003,.F.);
#2769=ORIENTED_EDGE('',*,*,#2124,.T.);
#2770=ORIENTED_EDGE('',*,*,#1820,.F.);
#2771=ORIENTED_EDGE('',*,*,#2128,.T.);
#2772=ORIENTED_EDGE('',*,*,#2129,.T.);
#2773=ORIENTED_EDGE('',*,*,#1824,.F.);
#2774=ORIENTED_EDGE('',*,*,#2130,.F.);
#2775=ORIENTED_EDGE('',*,*,#1999,.F.);
#2776=ORIENTED_EDGE('',*,*,#2001,.F.);
#2777=ORIENTED_EDGE('',*,*,#2131,.F.);
#2778=ORIENTED_EDGE('',*,*,#1822,.F.);
#2779=ORIENTED_EDGE('',*,*,#2123,.T.);
#2780=ORIENTED_EDGE('',*,*,#1945,.F.);
#2781=ORIENTED_EDGE('',*,*,#2132,.T.);
#2782=ORIENTED_EDGE('',*,*,#2110,.F.);
#2783=ORIENTED_EDGE('',*,*,#2132,.F.);
#2784=ORIENTED_EDGE('',*,*,#1841,.F.);
#2785=ORIENTED_EDGE('',*,*,#2133,.T.);
#2786=ORIENTED_EDGE('',*,*,#2006,.F.);
#2787=ORIENTED_EDGE('',*,*,#2133,.F.);
#2788=ORIENTED_EDGE('',*,*,#1842,.F.);
#2789=ORIENTED_EDGE('',*,*,#2134,.T.);
#2790=ORIENTED_EDGE('',*,*,#2007,.F.);
#2791=ORIENTED_EDGE('',*,*,#2134,.F.);
#2792=ORIENTED_EDGE('',*,*,#1916,.F.);
#2793=ORIENTED_EDGE('',*,*,#2135,.T.);
#2794=ORIENTED_EDGE('',*,*,#2081,.F.);
#2795=ORIENTED_EDGE('',*,*,#2135,.F.);
#2796=ORIENTED_EDGE('',*,*,#1915,.F.);
#2797=ORIENTED_EDGE('',*,*,#2136,.T.);
#2798=ORIENTED_EDGE('',*,*,#2080,.F.);
#2799=ORIENTED_EDGE('',*,*,#2136,.F.);
#2800=ORIENTED_EDGE('',*,*,#1984,.F.);
#2801=ORIENTED_EDGE('',*,*,#2005,.T.);
#2802=ORIENTED_EDGE('',*,*,#2137,.T.);
#2803=ORIENTED_EDGE('',*,*,#1818,.T.);
#2804=ORIENTED_EDGE('',*,*,#1995,.T.);
#2805=ORIENTED_EDGE('',*,*,#2112,.T.);
#2806=ORIENTED_EDGE('',*,*,#1827,.T.);
#2807=ORIENTED_EDGE('',*,*,#2125,.T.);
#2808=ORIENTED_EDGE('',*,*,#2000,.T.);
#2809=ORIENTED_EDGE('',*,*,#2130,.T.);
#2810=ORIENTED_EDGE('',*,*,#1823,.T.);
#2811=ORIENTED_EDGE('',*,*,#2131,.T.);
#2812=ORIENTED_EDGE('',*,*,#2066,.T.);
#2813=ORIENTED_EDGE('',*,*,#2138,.F.);
#2814=ORIENTED_EDGE('',*,*,#1900,.T.);
#2815=ORIENTED_EDGE('',*,*,#2139,.F.);
#2816=ORIENTED_EDGE('',*,*,#2067,.T.);
#2817=ORIENTED_EDGE('',*,*,#2139,.T.);
#2818=ORIENTED_EDGE('',*,*,#1899,.T.);
#2819=ORIENTED_EDGE('',*,*,#2140,.F.);
#2820=ORIENTED_EDGE('',*,*,#2140,.T.);
#2821=ORIENTED_EDGE('',*,*,#1902,.T.);
#2822=ORIENTED_EDGE('',*,*,#2141,.F.);
#2823=ORIENTED_EDGE('',*,*,#2064,.T.);
#2824=ORIENTED_EDGE('',*,*,#2141,.T.);
#2825=ORIENTED_EDGE('',*,*,#1901,.T.);
#2826=ORIENTED_EDGE('',*,*,#2138,.T.);
#2827=ORIENTED_EDGE('',*,*,#2065,.T.);
#2828=ORIENTED_EDGE('',*,*,#2142,.F.);
#2829=ORIENTED_EDGE('',*,*,#1873,.T.);
#2830=ORIENTED_EDGE('',*,*,#2143,.F.);
#2831=ORIENTED_EDGE('',*,*,#2037,.T.);
#2832=ORIENTED_EDGE('',*,*,#2038,.T.);
#2833=ORIENTED_EDGE('',*,*,#2143,.T.);
#2834=ORIENTED_EDGE('',*,*,#1872,.T.);
#2835=ORIENTED_EDGE('',*,*,#2144,.F.);
#2836=ORIENTED_EDGE('',*,*,#2039,.T.);
#2837=ORIENTED_EDGE('',*,*,#2144,.T.);
#2838=ORIENTED_EDGE('',*,*,#1871,.T.);
#2839=ORIENTED_EDGE('',*,*,#2145,.F.);
#2840=ORIENTED_EDGE('',*,*,#2145,.T.);
#2841=ORIENTED_EDGE('',*,*,#1874,.T.);
#2842=ORIENTED_EDGE('',*,*,#2142,.T.);
#2843=ORIENTED_EDGE('',*,*,#2036,.T.);
#2844=ORIENTED_EDGE('',*,*,#2146,.F.);
#2845=ORIENTED_EDGE('',*,*,#1845,.T.);
#2846=ORIENTED_EDGE('',*,*,#2147,.F.);
#2847=ORIENTED_EDGE('',*,*,#2009,.T.);
#2848=ORIENTED_EDGE('',*,*,#2010,.T.);
#2849=ORIENTED_EDGE('',*,*,#2147,.T.);
#2850=ORIENTED_EDGE('',*,*,#1844,.T.);
#2851=ORIENTED_EDGE('',*,*,#2148,.F.);
#2852=ORIENTED_EDGE('',*,*,#2011,.T.);
#2853=ORIENTED_EDGE('',*,*,#2148,.T.);
#2854=ORIENTED_EDGE('',*,*,#1843,.T.);
#2855=ORIENTED_EDGE('',*,*,#2149,.F.);
#2856=ORIENTED_EDGE('',*,*,#2149,.T.);
#2857=ORIENTED_EDGE('',*,*,#1846,.T.);
#2858=ORIENTED_EDGE('',*,*,#2146,.T.);
#2859=ORIENTED_EDGE('',*,*,#2008,.T.);
#2860=ORIENTED_EDGE('',*,*,#2150,.F.);
#2861=ORIENTED_EDGE('',*,*,#1919,.T.);
#2862=ORIENTED_EDGE('',*,*,#2151,.F.);
#2863=ORIENTED_EDGE('',*,*,#2083,.T.);
#2864=ORIENTED_EDGE('',*,*,#2084,.T.);
#2865=ORIENTED_EDGE('',*,*,#2151,.T.);
#2866=ORIENTED_EDGE('',*,*,#1918,.T.);
#2867=ORIENTED_EDGE('',*,*,#2152,.F.);
#2868=ORIENTED_EDGE('',*,*,#2085,.T.);
#2869=ORIENTED_EDGE('',*,*,#2152,.T.);
#2870=ORIENTED_EDGE('',*,*,#1917,.T.);
#2871=ORIENTED_EDGE('',*,*,#2153,.F.);
#2872=ORIENTED_EDGE('',*,*,#2153,.T.);
#2873=ORIENTED_EDGE('',*,*,#1920,.T.);
#2874=ORIENTED_EDGE('',*,*,#2150,.T.);
#2875=ORIENTED_EDGE('',*,*,#2082,.T.);
#2876=ORIENTED_EDGE('',*,*,#2154,.F.);
#2877=ORIENTED_EDGE('',*,*,#1869,.T.);
#2878=ORIENTED_EDGE('',*,*,#2155,.F.);
#2879=ORIENTED_EDGE('',*,*,#2033,.T.);
#2880=ORIENTED_EDGE('',*,*,#2034,.T.);
#2881=ORIENTED_EDGE('',*,*,#2155,.T.);
#2882=ORIENTED_EDGE('',*,*,#1868,.T.);
#2883=ORIENTED_EDGE('',*,*,#2156,.F.);
#2884=ORIENTED_EDGE('',*,*,#2035,.T.);
#2885=ORIENTED_EDGE('',*,*,#2156,.T.);
#2886=ORIENTED_EDGE('',*,*,#1867,.T.);
#2887=ORIENTED_EDGE('',*,*,#2157,.F.);
#2888=ORIENTED_EDGE('',*,*,#2157,.T.);
#2889=ORIENTED_EDGE('',*,*,#1870,.T.);
#2890=ORIENTED_EDGE('',*,*,#2154,.T.);
#2891=ORIENTED_EDGE('',*,*,#2032,.T.);
#2892=ORIENTED_EDGE('',*,*,#2055,.T.);
#2893=ORIENTED_EDGE('',*,*,#2158,.F.);
#2894=ORIENTED_EDGE('',*,*,#1887,.T.);
#2895=ORIENTED_EDGE('',*,*,#2159,.F.);
#2896=ORIENTED_EDGE('',*,*,#2159,.T.);
#2897=ORIENTED_EDGE('',*,*,#1890,.T.);
#2898=ORIENTED_EDGE('',*,*,#2160,.F.);
#2899=ORIENTED_EDGE('',*,*,#2052,.T.);
#2900=ORIENTED_EDGE('',*,*,#2160,.T.);
#2901=ORIENTED_EDGE('',*,*,#1889,.T.);
#2902=ORIENTED_EDGE('',*,*,#2161,.F.);
#2903=ORIENTED_EDGE('',*,*,#2053,.T.);
#2904=ORIENTED_EDGE('',*,*,#2054,.T.);
#2905=ORIENTED_EDGE('',*,*,#2161,.T.);
#2906=ORIENTED_EDGE('',*,*,#1888,.T.);
#2907=ORIENTED_EDGE('',*,*,#2158,.T.);
#2908=ORIENTED_EDGE('',*,*,#2027,.T.);
#2909=ORIENTED_EDGE('',*,*,#2162,.F.);
#2910=ORIENTED_EDGE('',*,*,#1859,.T.);
#2911=ORIENTED_EDGE('',*,*,#2163,.F.);
#2912=ORIENTED_EDGE('',*,*,#2163,.T.);
#2913=ORIENTED_EDGE('',*,*,#1862,.T.);
#2914=ORIENTED_EDGE('',*,*,#2164,.F.);
#2915=ORIENTED_EDGE('',*,*,#2024,.T.);
#2916=ORIENTED_EDGE('',*,*,#2164,.T.);
#2917=ORIENTED_EDGE('',*,*,#1861,.T.);
#2918=ORIENTED_EDGE('',*,*,#2165,.F.);
#2919=ORIENTED_EDGE('',*,*,#2025,.T.);
#2920=ORIENTED_EDGE('',*,*,#2026,.T.);
#2921=ORIENTED_EDGE('',*,*,#2165,.T.);
#2922=ORIENTED_EDGE('',*,*,#1860,.T.);
#2923=ORIENTED_EDGE('',*,*,#2162,.T.);
#2924=ORIENTED_EDGE('',*,*,#2166,.F.);
#2925=ORIENTED_EDGE('',*,*,#1866,.T.);
#2926=ORIENTED_EDGE('',*,*,#2167,.F.);
#2927=ORIENTED_EDGE('',*,*,#2028,.T.);
#2928=ORIENTED_EDGE('',*,*,#2167,.T.);
#2929=ORIENTED_EDGE('',*,*,#1865,.T.);
#2930=ORIENTED_EDGE('',*,*,#2168,.F.);
#2931=ORIENTED_EDGE('',*,*,#2029,.T.);
#2932=ORIENTED_EDGE('',*,*,#2030,.T.);
#2933=ORIENTED_EDGE('',*,*,#2168,.T.);
#2934=ORIENTED_EDGE('',*,*,#1864,.T.);
#2935=ORIENTED_EDGE('',*,*,#2169,.F.);
#2936=ORIENTED_EDGE('',*,*,#2031,.T.);
#2937=ORIENTED_EDGE('',*,*,#2169,.T.);
#2938=ORIENTED_EDGE('',*,*,#1863,.T.);
#2939=ORIENTED_EDGE('',*,*,#2166,.T.);
#2940=ORIENTED_EDGE('',*,*,#2014,.T.);
#2941=ORIENTED_EDGE('',*,*,#2170,.F.);
#2942=ORIENTED_EDGE('',*,*,#1848,.T.);
#2943=ORIENTED_EDGE('',*,*,#2171,.F.);
#2944=ORIENTED_EDGE('',*,*,#2015,.T.);
#2945=ORIENTED_EDGE('',*,*,#2171,.T.);
#2946=ORIENTED_EDGE('',*,*,#1847,.T.);
#2947=ORIENTED_EDGE('',*,*,#2172,.F.);
#2948=ORIENTED_EDGE('',*,*,#2172,.T.);
#2949=ORIENTED_EDGE('',*,*,#1850,.T.);
#2950=ORIENTED_EDGE('',*,*,#2173,.F.);
#2951=ORIENTED_EDGE('',*,*,#2012,.T.);
#2952=ORIENTED_EDGE('',*,*,#2173,.T.);
#2953=ORIENTED_EDGE('',*,*,#1849,.T.);
#2954=ORIENTED_EDGE('',*,*,#2170,.T.);
#2955=ORIENTED_EDGE('',*,*,#2013,.T.);
#2956=ORIENTED_EDGE('',*,*,#2062,.T.);
#2957=ORIENTED_EDGE('',*,*,#2174,.F.);
#2958=ORIENTED_EDGE('',*,*,#1896,.T.);
#2959=ORIENTED_EDGE('',*,*,#2175,.F.);
#2960=ORIENTED_EDGE('',*,*,#2063,.T.);
#2961=ORIENTED_EDGE('',*,*,#2175,.T.);
#2962=ORIENTED_EDGE('',*,*,#1895,.T.);
#2963=ORIENTED_EDGE('',*,*,#2176,.F.);
#2964=ORIENTED_EDGE('',*,*,#2176,.T.);
#2965=ORIENTED_EDGE('',*,*,#1898,.T.);
#2966=ORIENTED_EDGE('',*,*,#2177,.F.);
#2967=ORIENTED_EDGE('',*,*,#2060,.T.);
#2968=ORIENTED_EDGE('',*,*,#2177,.T.);
#2969=ORIENTED_EDGE('',*,*,#1897,.T.);
#2970=ORIENTED_EDGE('',*,*,#2174,.T.);
#2971=ORIENTED_EDGE('',*,*,#2061,.T.);
#2972=ORIENTED_EDGE('',*,*,#2023,.T.);
#2973=ORIENTED_EDGE('',*,*,#2178,.F.);
#2974=ORIENTED_EDGE('',*,*,#1855,.T.);
#2975=ORIENTED_EDGE('',*,*,#2179,.F.);
#2976=ORIENTED_EDGE('',*,*,#2179,.T.);
#2977=ORIENTED_EDGE('',*,*,#1858,.T.);
#2978=ORIENTED_EDGE('',*,*,#2180,.F.);
#2979=ORIENTED_EDGE('',*,*,#2020,.T.);
#2980=ORIENTED_EDGE('',*,*,#2180,.T.);
#2981=ORIENTED_EDGE('',*,*,#1857,.T.);
#2982=ORIENTED_EDGE('',*,*,#2181,.F.);
#2983=ORIENTED_EDGE('',*,*,#2021,.T.);
#2984=ORIENTED_EDGE('',*,*,#2022,.T.);
#2985=ORIENTED_EDGE('',*,*,#2181,.T.);
#2986=ORIENTED_EDGE('',*,*,#1856,.T.);
#2987=ORIENTED_EDGE('',*,*,#2178,.T.);
#2988=ORIENTED_EDGE('',*,*,#2182,.F.);
#2989=ORIENTED_EDGE('',*,*,#1853,.T.);
#2990=ORIENTED_EDGE('',*,*,#2183,.F.);
#2991=ORIENTED_EDGE('',*,*,#2017,.T.);
#2992=ORIENTED_EDGE('',*,*,#2018,.T.);
#2993=ORIENTED_EDGE('',*,*,#2183,.T.);
#2994=ORIENTED_EDGE('',*,*,#1852,.T.);
#2995=ORIENTED_EDGE('',*,*,#2184,.F.);
#2996=ORIENTED_EDGE('',*,*,#2019,.T.);
#2997=ORIENTED_EDGE('',*,*,#2184,.T.);
#2998=ORIENTED_EDGE('',*,*,#1851,.T.);
#2999=ORIENTED_EDGE('',*,*,#2185,.F.);
#3000=ORIENTED_EDGE('',*,*,#2185,.T.);
#3001=ORIENTED_EDGE('',*,*,#1854,.T.);
#3002=ORIENTED_EDGE('',*,*,#2182,.T.);
#3003=ORIENTED_EDGE('',*,*,#2016,.T.);
#3004=ORIENTED_EDGE('',*,*,#2186,.F.);
#3005=ORIENTED_EDGE('',*,*,#1878,.T.);
#3006=ORIENTED_EDGE('',*,*,#2187,.F.);
#3007=ORIENTED_EDGE('',*,*,#2040,.T.);
#3008=ORIENTED_EDGE('',*,*,#2187,.T.);
#3009=ORIENTED_EDGE('',*,*,#1877,.T.);
#3010=ORIENTED_EDGE('',*,*,#2188,.F.);
#3011=ORIENTED_EDGE('',*,*,#2041,.T.);
#3012=ORIENTED_EDGE('',*,*,#2042,.T.);
#3013=ORIENTED_EDGE('',*,*,#2188,.T.);
#3014=ORIENTED_EDGE('',*,*,#1876,.T.);
#3015=ORIENTED_EDGE('',*,*,#2189,.F.);
#3016=ORIENTED_EDGE('',*,*,#2043,.T.);
#3017=ORIENTED_EDGE('',*,*,#2189,.T.);
#3018=ORIENTED_EDGE('',*,*,#1875,.T.);
#3019=ORIENTED_EDGE('',*,*,#2186,.T.);
#3020=ORIENTED_EDGE('',*,*,#2190,.F.);
#3021=ORIENTED_EDGE('',*,*,#1928,.T.);
#3022=ORIENTED_EDGE('',*,*,#2191,.F.);
#3023=ORIENTED_EDGE('',*,*,#2090,.T.);
#3024=ORIENTED_EDGE('',*,*,#2191,.T.);
#3025=ORIENTED_EDGE('',*,*,#1927,.T.);
#3026=ORIENTED_EDGE('',*,*,#2192,.F.);
#3027=ORIENTED_EDGE('',*,*,#2091,.T.);
#3028=ORIENTED_EDGE('',*,*,#2092,.T.);
#3029=ORIENTED_EDGE('',*,*,#2192,.T.);
#3030=ORIENTED_EDGE('',*,*,#1926,.T.);
#3031=ORIENTED_EDGE('',*,*,#2193,.F.);
#3032=ORIENTED_EDGE('',*,*,#2093,.T.);
#3033=ORIENTED_EDGE('',*,*,#2193,.T.);
#3034=ORIENTED_EDGE('',*,*,#1925,.T.);
#3035=ORIENTED_EDGE('',*,*,#2190,.T.);
#3036=ORIENTED_EDGE('',*,*,#2194,.F.);
#3037=ORIENTED_EDGE('',*,*,#1909,.T.);
#3038=ORIENTED_EDGE('',*,*,#2195,.F.);
#3039=ORIENTED_EDGE('',*,*,#2073,.T.);
#3040=ORIENTED_EDGE('',*,*,#2074,.T.);
#3041=ORIENTED_EDGE('',*,*,#2195,.T.);
#3042=ORIENTED_EDGE('',*,*,#1908,.T.);
#3043=ORIENTED_EDGE('',*,*,#2196,.F.);
#3044=ORIENTED_EDGE('',*,*,#2075,.T.);
#3045=ORIENTED_EDGE('',*,*,#2196,.T.);
#3046=ORIENTED_EDGE('',*,*,#1907,.T.);
#3047=ORIENTED_EDGE('',*,*,#2197,.F.);
#3048=ORIENTED_EDGE('',*,*,#2197,.T.);
#3049=ORIENTED_EDGE('',*,*,#1910,.T.);
#3050=ORIENTED_EDGE('',*,*,#2194,.T.);
#3051=ORIENTED_EDGE('',*,*,#2072,.T.);
#3052=ORIENTED_EDGE('',*,*,#2198,.F.);
#3053=ORIENTED_EDGE('',*,*,#1932,.T.);
#3054=ORIENTED_EDGE('',*,*,#2199,.F.);
#3055=ORIENTED_EDGE('',*,*,#2094,.T.);
#3056=ORIENTED_EDGE('',*,*,#2199,.T.);
#3057=ORIENTED_EDGE('',*,*,#1931,.T.);
#3058=ORIENTED_EDGE('',*,*,#2200,.F.);
#3059=ORIENTED_EDGE('',*,*,#2095,.T.);
#3060=ORIENTED_EDGE('',*,*,#2096,.T.);
#3061=ORIENTED_EDGE('',*,*,#2200,.T.);
#3062=ORIENTED_EDGE('',*,*,#1930,.T.);
#3063=ORIENTED_EDGE('',*,*,#2201,.F.);
#3064=ORIENTED_EDGE('',*,*,#2097,.T.);
#3065=ORIENTED_EDGE('',*,*,#2201,.T.);
#3066=ORIENTED_EDGE('',*,*,#1929,.T.);
#3067=ORIENTED_EDGE('',*,*,#2198,.T.);
#3068=ORIENTED_EDGE('',*,*,#2202,.F.);
#3069=ORIENTED_EDGE('',*,*,#1924,.T.);
#3070=ORIENTED_EDGE('',*,*,#2203,.F.);
#3071=ORIENTED_EDGE('',*,*,#2086,.T.);
#3072=ORIENTED_EDGE('',*,*,#2203,.T.);
#3073=ORIENTED_EDGE('',*,*,#1923,.T.);
#3074=ORIENTED_EDGE('',*,*,#2204,.F.);
#3075=ORIENTED_EDGE('',*,*,#2087,.T.);
#3076=ORIENTED_EDGE('',*,*,#2088,.T.);
#3077=ORIENTED_EDGE('',*,*,#2204,.T.);
#3078=ORIENTED_EDGE('',*,*,#1922,.T.);
#3079=ORIENTED_EDGE('',*,*,#2205,.F.);
#3080=ORIENTED_EDGE('',*,*,#2089,.T.);
#3081=ORIENTED_EDGE('',*,*,#2205,.T.);
#3082=ORIENTED_EDGE('',*,*,#1921,.T.);
#3083=ORIENTED_EDGE('',*,*,#2202,.T.);
#3084=ORIENTED_EDGE('',*,*,#2115,.T.);
#3085=ORIENTED_EDGE('',*,*,#1942,.T.);
#3086=ORIENTED_EDGE('',*,*,#2206,.F.);
#3087=ORIENTED_EDGE('',*,*,#2100,.T.);
#3088=ORIENTED_EDGE('',*,*,#2206,.T.);
#3089=ORIENTED_EDGE('',*,*,#1941,.T.);
#3090=ORIENTED_EDGE('',*,*,#2207,.F.);
#3091=ORIENTED_EDGE('',*,*,#2101,.T.);
#3092=ORIENTED_EDGE('',*,*,#2102,.T.);
#3093=ORIENTED_EDGE('',*,*,#2207,.T.);
#3094=ORIENTED_EDGE('',*,*,#1940,.T.);
#3095=ORIENTED_EDGE('',*,*,#2116,.T.);
#3096=ORIENTED_EDGE('',*,*,#2107,.T.);
#3097=ORIENTED_EDGE('',*,*,#2120,.T.);
#3098=ORIENTED_EDGE('',*,*,#1935,.T.);
#3099=ORIENTED_EDGE('',*,*,#2121,.T.);
#3100=ORIENTED_EDGE('',*,*,#2208,.F.);
#3101=ORIENTED_EDGE('',*,*,#1885,.T.);
#3102=ORIENTED_EDGE('',*,*,#2209,.F.);
#3103=ORIENTED_EDGE('',*,*,#2049,.T.);
#3104=ORIENTED_EDGE('',*,*,#2050,.T.);
#3105=ORIENTED_EDGE('',*,*,#2209,.T.);
#3106=ORIENTED_EDGE('',*,*,#1884,.T.);
#3107=ORIENTED_EDGE('',*,*,#2210,.F.);
#3108=ORIENTED_EDGE('',*,*,#2051,.T.);
#3109=ORIENTED_EDGE('',*,*,#2210,.T.);
#3110=ORIENTED_EDGE('',*,*,#1883,.T.);
#3111=ORIENTED_EDGE('',*,*,#2211,.F.);
#3112=ORIENTED_EDGE('',*,*,#2211,.T.);
#3113=ORIENTED_EDGE('',*,*,#1886,.T.);
#3114=ORIENTED_EDGE('',*,*,#2208,.T.);
#3115=ORIENTED_EDGE('',*,*,#2048,.T.);
#3116=ORIENTED_EDGE('',*,*,#2046,.T.);
#3117=ORIENTED_EDGE('',*,*,#2212,.F.);
#3118=ORIENTED_EDGE('',*,*,#1880,.T.);
#3119=ORIENTED_EDGE('',*,*,#2213,.F.);
#3120=ORIENTED_EDGE('',*,*,#2047,.T.);
#3121=ORIENTED_EDGE('',*,*,#2213,.T.);
#3122=ORIENTED_EDGE('',*,*,#1879,.T.);
#3123=ORIENTED_EDGE('',*,*,#2214,.F.);
#3124=ORIENTED_EDGE('',*,*,#2214,.T.);
#3125=ORIENTED_EDGE('',*,*,#1882,.T.);
#3126=ORIENTED_EDGE('',*,*,#2215,.F.);
#3127=ORIENTED_EDGE('',*,*,#2044,.T.);
#3128=ORIENTED_EDGE('',*,*,#2215,.T.);
#3129=ORIENTED_EDGE('',*,*,#1881,.T.);
#3130=ORIENTED_EDGE('',*,*,#2212,.T.);
#3131=ORIENTED_EDGE('',*,*,#2045,.T.);
#3132=ORIENTED_EDGE('',*,*,#2070,.T.);
#3133=ORIENTED_EDGE('',*,*,#2216,.F.);
#3134=ORIENTED_EDGE('',*,*,#1904,.T.);
#3135=ORIENTED_EDGE('',*,*,#2217,.F.);
#3136=ORIENTED_EDGE('',*,*,#2071,.T.);
#3137=ORIENTED_EDGE('',*,*,#2217,.T.);
#3138=ORIENTED_EDGE('',*,*,#1903,.T.);
#3139=ORIENTED_EDGE('',*,*,#2218,.F.);
#3140=ORIENTED_EDGE('',*,*,#2218,.T.);
#3141=ORIENTED_EDGE('',*,*,#1906,.T.);
#3142=ORIENTED_EDGE('',*,*,#2219,.F.);
#3143=ORIENTED_EDGE('',*,*,#2068,.T.);
#3144=ORIENTED_EDGE('',*,*,#2219,.T.);
#3145=ORIENTED_EDGE('',*,*,#1905,.T.);
#3146=ORIENTED_EDGE('',*,*,#2216,.T.);
#3147=ORIENTED_EDGE('',*,*,#2069,.T.);
#3148=ORIENTED_EDGE('',*,*,#2079,.T.);
#3149=ORIENTED_EDGE('',*,*,#2220,.F.);
#3150=ORIENTED_EDGE('',*,*,#1911,.T.);
#3151=ORIENTED_EDGE('',*,*,#2221,.F.);
#3152=ORIENTED_EDGE('',*,*,#2221,.T.);
#3153=ORIENTED_EDGE('',*,*,#1914,.T.);
#3154=ORIENTED_EDGE('',*,*,#2222,.F.);
#3155=ORIENTED_EDGE('',*,*,#2076,.T.);
#3156=ORIENTED_EDGE('',*,*,#2222,.T.);
#3157=ORIENTED_EDGE('',*,*,#1913,.T.);
#3158=ORIENTED_EDGE('',*,*,#2223,.F.);
#3159=ORIENTED_EDGE('',*,*,#2077,.T.);
#3160=ORIENTED_EDGE('',*,*,#2078,.T.);
#3161=ORIENTED_EDGE('',*,*,#2223,.T.);
#3162=ORIENTED_EDGE('',*,*,#1912,.T.);
#3163=ORIENTED_EDGE('',*,*,#2220,.T.);
#3164=ORIENTED_EDGE('',*,*,#2059,.T.);
#3165=ORIENTED_EDGE('',*,*,#2224,.F.);
#3166=ORIENTED_EDGE('',*,*,#1891,.T.);
#3167=ORIENTED_EDGE('',*,*,#2225,.F.);
#3168=ORIENTED_EDGE('',*,*,#2225,.T.);
#3169=ORIENTED_EDGE('',*,*,#1894,.T.);
#3170=ORIENTED_EDGE('',*,*,#2226,.F.);
#3171=ORIENTED_EDGE('',*,*,#2056,.T.);
#3172=ORIENTED_EDGE('',*,*,#2226,.T.);
#3173=ORIENTED_EDGE('',*,*,#1893,.T.);
#3174=ORIENTED_EDGE('',*,*,#2227,.F.);
#3175=ORIENTED_EDGE('',*,*,#2057,.T.);
#3176=ORIENTED_EDGE('',*,*,#2058,.T.);
#3177=ORIENTED_EDGE('',*,*,#2227,.T.);
#3178=ORIENTED_EDGE('',*,*,#1892,.T.);
#3179=ORIENTED_EDGE('',*,*,#2224,.T.);
#3180=ORIENTED_EDGE('',*,*,#1950,.T.);
#3181=ORIENTED_EDGE('',*,*,#1829,.T.);
#3182=ORIENTED_EDGE('',*,*,#2111,.T.);
#3183=ORIENTED_EDGE('',*,*,#1993,.F.);
#3184=ORIENTED_EDGE('',*,*,#2004,.F.);
#3185=ORIENTED_EDGE('',*,*,#2128,.F.);
#3186=ORIENTED_EDGE('',*,*,#1819,.T.);
#3187=ORIENTED_EDGE('',*,*,#2137,.F.);
#3188=ORIENTED_EDGE('',*,*,#1825,.F.);
#3189=ORIENTED_EDGE('',*,*,#2129,.F.);
#3190=ORIENTED_EDGE('',*,*,#1998,.F.);
#3191=ORIENTED_EDGE('',*,*,#2126,.F.);
#3192=PLANE('',#3511);
#3193=PLANE('',#3512);
#3194=PLANE('',#3513);
#3195=PLANE('',#3514);
#3196=PLANE('',#3515);
#3197=PLANE('',#3516);
#3198=PLANE('',#3517);
#3199=PLANE('',#3518);
#3200=PLANE('',#3519);
#3201=PLANE('',#3520);
#3202=PLANE('',#3521);
#3203=PLANE('',#3522);
#3204=PLANE('',#3523);
#3205=PLANE('',#3524);
#3206=PLANE('',#3525);
#3207=PLANE('',#3526);
#3208=PLANE('',#3527);
#3209=PLANE('',#3528);
#3210=PLANE('',#3529);
#3211=PLANE('',#3533);
#3212=PLANE('',#3549);
#3213=PLANE('',#3552);
#3214=PLANE('',#3553);
#3215=PLANE('',#3554);
#3216=PLANE('',#3555);
#3217=PLANE('',#3556);
#3218=PLANE('',#3557);
#3219=PLANE('',#3558);
#3220=PLANE('',#3559);
#3221=PLANE('',#3560);
#3222=PLANE('',#3561);
#3223=PLANE('',#3562);
#3224=PLANE('',#3565);
#3225=PLANE('',#3568);
#3226=PLANE('',#3569);
#3227=PLANE('',#3572);
#3228=PLANE('',#3573);
#3229=PLANE('',#3574);
#3230=PLANE('',#3575);
#3231=PLANE('',#3576);
#3232=PLANE('',#3590);
#3233=PLANE('',#3591);
#3234=PLANE('',#3592);
#3235=PLANE('',#3593);
#3236=PLANE('',#3594);
#3237=PLANE('',#3595);
#3238=PLANE('',#3596);
#3239=PLANE('',#3597);
#3240=PLANE('',#3610);
#3241=PLANE('',#3611);
#3242=PLANE('',#3612);
#3243=PLANE('',#3613);
#3244=PLANE('',#3614);
#3245=PLANE('',#3615);
#3246=PLANE('',#3616);
#3247=PLANE('',#3617);
#3248=PLANE('',#3618);
#3249=PLANE('',#3619);
#3250=PLANE('',#3620);
#3251=PLANE('',#3621);
#3252=PLANE('',#3622);
#3253=PLANE('',#3623);
#3254=PLANE('',#3624);
#3255=PLANE('',#3625);
#3256=PLANE('',#3626);
#3257=PLANE('',#3627);
#3258=PLANE('',#3628);
#3259=PLANE('',#3629);
#3260=PLANE('',#3630);
#3261=PLANE('',#3631);
#3262=PLANE('',#3632);
#3263=PLANE('',#3633);
#3264=PLANE('',#3634);
#3265=PLANE('',#3635);
#3266=PLANE('',#3636);
#3267=PLANE('',#3637);
#3268=PLANE('',#3638);
#3269=PLANE('',#3639);
#3270=PLANE('',#3640);
#3271=PLANE('',#3641);
#3272=PLANE('',#3642);
#3273=PLANE('',#3643);
#3274=PLANE('',#3644);
#3275=PLANE('',#3645);
#3276=PLANE('',#3646);
#3277=PLANE('',#3647);
#3278=PLANE('',#3648);
#3279=PLANE('',#3649);
#3280=PLANE('',#3650);
#3281=PLANE('',#3651);
#3282=PLANE('',#3652);
#3283=PLANE('',#3653);
#3284=PLANE('',#3654);
#3285=PLANE('',#3655);
#3286=PLANE('',#3656);
#3287=PLANE('',#3657);
#3288=PLANE('',#3658);
#3289=PLANE('',#3659);
#3290=PLANE('',#3660);
#3291=PLANE('',#3661);
#3292=PLANE('',#3662);
#3293=PLANE('',#3663);
#3294=PLANE('',#3664);
#3295=PLANE('',#3665);
#3296=PLANE('',#3666);
#3297=PLANE('',#3667);
#3298=PLANE('',#3668);
#3299=PLANE('',#3669);
#3300=PLANE('',#3670);
#3301=PLANE('',#3671);
#3302=PLANE('',#3672);
#3303=PLANE('',#3673);
#3304=PLANE('',#3674);
#3305=PLANE('',#3675);
#3306=PLANE('',#3676);
#3307=PLANE('',#3677);
#3308=PLANE('',#3678);
#3309=PLANE('',#3679);
#3310=PLANE('',#3680);
#3311=PLANE('',#3681);
#3312=PLANE('',#3682);
#3313=PLANE('',#3683);
#3314=PLANE('',#3684);
#3315=PLANE('',#3685);
#3316=PLANE('',#3686);
#3317=PLANE('',#3687);
#3318=PLANE('',#3688);
#3319=PLANE('',#3689);
#3320=PLANE('',#3690);
#3321=PLANE('',#3691);
#3322=PLANE('',#3692);
#3323=PLANE('',#3693);
#3324=PLANE('',#3694);
#3325=PLANE('',#3695);
#3326=PLANE('',#3696);
#3327=PLANE('',#3697);
#3328=PLANE('',#3698);
#3329=PLANE('',#3699);
#3330=PLANE('',#3700);
#3331=PLANE('',#3701);
#3332=PLANE('',#3702);
#3333=PLANE('',#3703);
#3334=PLANE('',#3704);
#3335=ADVANCED_FACE('',(#148),#3192,.F.);
#3336=ADVANCED_FACE('',(#149),#3193,.F.);
#3337=ADVANCED_FACE('',(#150),#3194,.F.);
#3338=ADVANCED_FACE('',(#151),#3195,.F.);
#3339=ADVANCED_FACE('',(#152),#3196,.F.);
#3340=ADVANCED_FACE('',(#153),#3197,.F.);
#3341=ADVANCED_FACE('',(#154),#3198,.F.);
#3342=ADVANCED_FACE('',(#155),#3199,.F.);
#3343=ADVANCED_FACE('',(#156),#3200,.F.);
#3344=ADVANCED_FACE('',(#157),#3201,.F.);
#3345=ADVANCED_FACE('',(#158),#3202,.F.);
#3346=ADVANCED_FACE('',(#159),#3203,.F.);
#3347=ADVANCED_FACE('',(#160),#3204,.F.);
#3348=ADVANCED_FACE('',(#161),#3205,.F.);
#3349=ADVANCED_FACE('',(#162),#3206,.F.);
#3350=ADVANCED_FACE('',(#163),#3207,.F.);
#3351=ADVANCED_FACE('',(#164),#3208,.F.);
#3352=ADVANCED_FACE('',(#165),#3209,.F.);
#3353=ADVANCED_FACE('',(#166),#3210,.F.);
#3354=ADVANCED_FACE('',(#167),#133,.T.);
#3355=ADVANCED_FACE('',(#168,#19,#20,#21,#22,#23,#24,#25,#26,#27,#28,#29,
#30,#31,#32,#33,#34,#35,#36,#37,#38,#39,#40,#41,#42,#43,#44,#45,#46,#47,
#48,#49,#50,#51,#52,#53,#54),#3211,.T.);
#3356=ADVANCED_FACE('',(#169),#3212,.T.);
#3357=ADVANCED_FACE('',(#170),#134,.T.);
#3358=ADVANCED_FACE('',(#171),#3213,.T.);
#3359=ADVANCED_FACE('',(#172),#3214,.T.);
#3360=ADVANCED_FACE('',(#173),#3215,.T.);
#3361=ADVANCED_FACE('',(#174),#3216,.T.);
#3362=ADVANCED_FACE('',(#175),#3217,.T.);
#3363=ADVANCED_FACE('',(#176),#3218,.T.);
#3364=ADVANCED_FACE('',(#177),#3219,.T.);
#3365=ADVANCED_FACE('',(#178),#3220,.T.);
#3366=ADVANCED_FACE('',(#179),#3221,.T.);
#3367=ADVANCED_FACE('',(#180),#3222,.T.);
#3368=ADVANCED_FACE('',(#181),#3223,.T.);
#3369=ADVANCED_FACE('',(#182),#135,.T.);
#3370=ADVANCED_FACE('',(#183),#3224,.T.);
#3371=ADVANCED_FACE('',(#184),#136,.T.);
#3372=ADVANCED_FACE('',(#185),#3225,.T.);
#3373=ADVANCED_FACE('',(#186),#3226,.T.);
#3374=ADVANCED_FACE('',(#187),#137,.F.);
#3375=ADVANCED_FACE('',(#188),#3227,.T.);
#3376=ADVANCED_FACE('',(#189),#3228,.T.);
#3377=ADVANCED_FACE('',(#190),#3229,.T.);
#3378=ADVANCED_FACE('',(#191),#3230,.T.);
#3379=ADVANCED_FACE('',(#192,#55,#56,#57,#58,#59,#60,#61,#62,#63,#64,#65,
#66,#67,#68,#69,#70,#71,#72,#73,#74,#75,#76,#77,#78,#79,#80,#81,#82,#83,
#84,#85,#86,#87,#88,#89,#90),#3231,.F.);
#3380=ADVANCED_FACE('',(#193),#138,.T.);
#3381=ADVANCED_FACE('',(#194),#3232,.T.);
#3382=ADVANCED_FACE('',(#195),#3233,.F.);
#3383=ADVANCED_FACE('',(#196),#3234,.F.);
#3384=ADVANCED_FACE('',(#197),#3235,.F.);
#3385=ADVANCED_FACE('',(#198),#3236,.F.);
#3386=ADVANCED_FACE('',(#199),#3237,.T.);
#3387=ADVANCED_FACE('',(#200),#3238,.F.);
#3388=ADVANCED_FACE('',(#201),#3239,.F.);
#3389=ADVANCED_FACE('',(#202),#139,.F.);
#3390=ADVANCED_FACE('',(#203),#18,.F.);
#3391=ADVANCED_FACE('',(#204),#140,.F.);
#3392=ADVANCED_FACE('',(#205),#141,.T.);
#3393=ADVANCED_FACE('',(#206),#142,.T.);
#3394=ADVANCED_FACE('',(#207),#143,.F.);
#3395=ADVANCED_FACE('',(#208),#144,.F.);
#3396=ADVANCED_FACE('',(#209),#145,.F.);
#3397=ADVANCED_FACE('',(#210),#146,.F.);
#3398=ADVANCED_FACE('',(#211),#147,.F.);
#3399=ADVANCED_FACE('',(#212),#3240,.F.);
#3400=ADVANCED_FACE('',(#213),#3241,.T.);
#3401=ADVANCED_FACE('',(#214),#3242,.F.);
#3402=ADVANCED_FACE('',(#215),#3243,.F.);
#3403=ADVANCED_FACE('',(#216),#3244,.T.);
#3404=ADVANCED_FACE('',(#217),#3245,.T.);
#3405=ADVANCED_FACE('',(#218),#3246,.F.);
#3406=ADVANCED_FACE('',(#219),#3247,.F.);
#3407=ADVANCED_FACE('',(#220),#3248,.F.);
#3408=ADVANCED_FACE('',(#221),#3249,.T.);
#3409=ADVANCED_FACE('',(#222),#3250,.T.);
#3410=ADVANCED_FACE('',(#223),#3251,.F.);
#3411=ADVANCED_FACE('',(#224),#3252,.F.);
#3412=ADVANCED_FACE('',(#225),#3253,.T.);
#3413=ADVANCED_FACE('',(#226),#3254,.T.);
#3414=ADVANCED_FACE('',(#227),#3255,.F.);
#3415=ADVANCED_FACE('',(#228),#3256,.F.);
#3416=ADVANCED_FACE('',(#229),#3257,.T.);
#3417=ADVANCED_FACE('',(#230),#3258,.T.);
#3418=ADVANCED_FACE('',(#231),#3259,.F.);
#3419=ADVANCED_FACE('',(#232),#3260,.F.);
#3420=ADVANCED_FACE('',(#233),#3261,.T.);
#3421=ADVANCED_FACE('',(#234),#3262,.T.);
#3422=ADVANCED_FACE('',(#235),#3263,.T.);
#3423=ADVANCED_FACE('',(#236),#3264,.T.);
#3424=ADVANCED_FACE('',(#237),#3265,.F.);
#3425=ADVANCED_FACE('',(#238),#3266,.F.);
#3426=ADVANCED_FACE('',(#239),#3267,.T.);
#3427=ADVANCED_FACE('',(#240),#3268,.T.);
#3428=ADVANCED_FACE('',(#241),#3269,.F.);
#3429=ADVANCED_FACE('',(#242),#3270,.F.);
#3430=ADVANCED_FACE('',(#243),#3271,.T.);
#3431=ADVANCED_FACE('',(#244),#3272,.F.);
#3432=ADVANCED_FACE('',(#245),#3273,.F.);
#3433=ADVANCED_FACE('',(#246),#3274,.T.);
#3434=ADVANCED_FACE('',(#247),#3275,.F.);
#3435=ADVANCED_FACE('',(#248),#3276,.T.);
#3436=ADVANCED_FACE('',(#249),#3277,.T.);
#3437=ADVANCED_FACE('',(#250),#3278,.F.);
#3438=ADVANCED_FACE('',(#251),#3279,.F.);
#3439=ADVANCED_FACE('',(#252),#3280,.T.);
#3440=ADVANCED_FACE('',(#253),#3281,.T.);
#3441=ADVANCED_FACE('',(#254),#3282,.F.);
#3442=ADVANCED_FACE('',(#255),#3283,.T.);
#3443=ADVANCED_FACE('',(#256),#3284,.T.);
#3444=ADVANCED_FACE('',(#257),#3285,.F.);
#3445=ADVANCED_FACE('',(#258),#3286,.F.);
#3446=ADVANCED_FACE('',(#259),#3287,.F.);
#3447=ADVANCED_FACE('',(#260),#3288,.F.);
#3448=ADVANCED_FACE('',(#261),#3289,.T.);
#3449=ADVANCED_FACE('',(#262),#3290,.T.);
#3450=ADVANCED_FACE('',(#263),#3291,.T.);
#3451=ADVANCED_FACE('',(#264),#3292,.F.);
#3452=ADVANCED_FACE('',(#265),#3293,.F.);
#3453=ADVANCED_FACE('',(#266),#3294,.T.);
#3454=ADVANCED_FACE('',(#267),#3295,.T.);
#3455=ADVANCED_FACE('',(#268),#3296,.F.);
#3456=ADVANCED_FACE('',(#269),#3297,.F.);
#3457=ADVANCED_FACE('',(#270),#3298,.T.);
#3458=ADVANCED_FACE('',(#271),#3299,.F.);
#3459=ADVANCED_FACE('',(#272),#3300,.F.);
#3460=ADVANCED_FACE('',(#273),#3301,.T.);
#3461=ADVANCED_FACE('',(#274),#3302,.T.);
#3462=ADVANCED_FACE('',(#275),#3303,.T.);
#3463=ADVANCED_FACE('',(#276),#3304,.F.);
#3464=ADVANCED_FACE('',(#277),#3305,.F.);
#3465=ADVANCED_FACE('',(#278),#3306,.T.);
#3466=ADVANCED_FACE('',(#279),#3307,.T.);
#3467=ADVANCED_FACE('',(#280),#3308,.F.);
#3468=ADVANCED_FACE('',(#281),#3309,.F.);
#3469=ADVANCED_FACE('',(#282),#3310,.T.);
#3470=ADVANCED_FACE('',(#283),#3311,.T.);
#3471=ADVANCED_FACE('',(#284),#3312,.T.);
#3472=ADVANCED_FACE('',(#285),#3313,.F.);
#3473=ADVANCED_FACE('',(#286),#3314,.F.);
#3474=ADVANCED_FACE('',(#287),#3315,.F.);
#3475=ADVANCED_FACE('',(#288),#3316,.F.);
#3476=ADVANCED_FACE('',(#289),#3317,.T.);
#3477=ADVANCED_FACE('',(#290),#3318,.T.);
#3478=ADVANCED_FACE('',(#291),#3319,.F.);
#3479=ADVANCED_FACE('',(#292),#3320,.T.);
#3480=ADVANCED_FACE('',(#293),#3321,.T.);
#3481=ADVANCED_FACE('',(#294),#3322,.F.);
#3482=ADVANCED_FACE('',(#295),#3323,.F.);
#3483=ADVANCED_FACE('',(#296),#3324,.T.);
#3484=ADVANCED_FACE('',(#297),#3325,.T.);
#3485=ADVANCED_FACE('',(#298),#3326,.F.);
#3486=ADVANCED_FACE('',(#299),#3327,.T.);
#3487=ADVANCED_FACE('',(#300),#3328,.T.);
#3488=ADVANCED_FACE('',(#301),#3329,.F.);
#3489=ADVANCED_FACE('',(#302),#3330,.F.);
#3490=ADVANCED_FACE('',(#303),#3331,.T.);
#3491=ADVANCED_FACE('',(#304),#3332,.T.);
#3492=ADVANCED_FACE('',(#305),#3333,.F.);
#3493=ADVANCED_FACE('',(#306),#3334,.F.);
#3494=ADVANCED_FACE('',(#307),#15,.F.);
#3495=ADVANCED_FACE('',(#308),#16,.F.);
#3496=ADVANCED_FACE('',(#309),#17,.F.);
#3497=CLOSED_SHELL('',(#3335,#3336,#3337,#3338,#3339,#3340,#3341,#3342,
#3343,#3344,#3345,#3346,#3347,#3348,#3349,#3350,#3351,#3352,#3353,#3354,
#3355,#3356,#3357,#3358,#3359,#3360,#3361,#3362,#3363,#3364,#3365,#3366,
#3367,#3368,#3369,#3370,#3371,#3372,#3373,#3374,#3375,#3376,#3377,#3378,
#3379,#3380,#3381,#3382,#3383,#3384,#3385,#3386,#3387,#3388,#3389,#3390,
#3391,#3392,#3393,#3394,#3395,#3396,#3397,#3398,#3399,#3400,#3401,#3402,
#3403,#3404,#3405,#3406,#3407,#3408,#3409,#3410,#3411,#3412,#3413,#3414,
#3415,#3416,#3417,#3418,#3419,#3420,#3421,#3422,#3423,#3424,#3425,#3426,
#3427,#3428,#3429,#3430,#3431,#3432,#3433,#3434,#3435,#3436,#3437,#3438,
#3439,#3440,#3441,#3442,#3443,#3444,#3445,#3446,#3447,#3448,#3449,#3450,
#3451,#3452,#3453,#3454,#3455,#3456,#3457,#3458,#3459,#3460,#3461,#3462,
#3463,#3464,#3465,#3466,#3467,#3468,#3469,#3470,#3471,#3472,#3473,#3474,
#3475,#3476,#3477,#3478,#3479,#3480,#3481,#3482,#3483,#3484,#3485,#3486,
#3487,#3488,#3489,#3490,#3491,#3492,#3493,#3494,#3495,#3496));
#3498=DERIVED_UNIT_ELEMENT(#3500,1.);
#3499=DERIVED_UNIT_ELEMENT(#5931,-3.);
#3500=(
MASS_UNIT()
NAMED_UNIT(*)
SI_UNIT(.KILO.,.GRAM.)
);
#3501=DERIVED_UNIT((#3498,#3499));
#3502=MEASURE_REPRESENTATION_ITEM('density measure',
POSITIVE_RATIO_MEASURE(7850.),#3501);
#3503=PROPERTY_DEFINITION_REPRESENTATION(#3508,#3505);
#3504=PROPERTY_DEFINITION_REPRESENTATION(#3509,#3506);
#3505=REPRESENTATION('material name',(#3507),#5928);
#3506=REPRESENTATION('density',(#3502),#5928);
#3507=DESCRIPTIVE_REPRESENTATION_ITEM('Steel','Steel');
#3508=PROPERTY_DEFINITION('material property','material name',#5938);
#3509=PROPERTY_DEFINITION('material property','density of part',#5938);
#3510=AXIS2_PLACEMENT_3D('',#4535,#3705,#3706);
#3511=AXIS2_PLACEMENT_3D('',#4536,#3707,#3708);
#3512=AXIS2_PLACEMENT_3D('',#4545,#3713,#3714);
#3513=AXIS2_PLACEMENT_3D('',#4554,#3719,#3720);
#3514=AXIS2_PLACEMENT_3D('',#4563,#3725,#3726);
#3515=AXIS2_PLACEMENT_3D('',#4572,#3731,#3732);
#3516=AXIS2_PLACEMENT_3D('',#4578,#3736,#3737);
#3517=AXIS2_PLACEMENT_3D('',#4584,#3741,#3742);
#3518=AXIS2_PLACEMENT_3D('',#4587,#3745,#3746);
#3519=AXIS2_PLACEMENT_3D('',#4596,#3751,#3752);
#3520=AXIS2_PLACEMENT_3D('',#4602,#3756,#3757);
#3521=AXIS2_PLACEMENT_3D('',#4608,#3761,#3762);
#3522=AXIS2_PLACEMENT_3D('',#4611,#3765,#3766);
#3523=AXIS2_PLACEMENT_3D('',#4620,#3771,#3772);
#3524=AXIS2_PLACEMENT_3D('',#4626,#3776,#3777);
#3525=AXIS2_PLACEMENT_3D('',#4632,#3781,#3782);
#3526=AXIS2_PLACEMENT_3D('',#4635,#3785,#3786);
#3527=AXIS2_PLACEMENT_3D('',#4644,#3791,#3792);
#3528=AXIS2_PLACEMENT_3D('',#4650,#3796,#3797);
#3529=AXIS2_PLACEMENT_3D('',#4656,#3801,#3802);
#3530=AXIS2_PLACEMENT_3D('',#4659,#3805,#3806);
#3531=AXIS2_PLACEMENT_3D('',#4662,#3807,#3808);
#3532=AXIS2_PLACEMENT_3D('',#4666,#3810,#3811);
#3533=AXIS2_PLACEMENT_3D('',#4668,#3813,#3814);
#3534=AXIS2_PLACEMENT_3D('',#4674,#3817,#3818);
#3535=AXIS2_PLACEMENT_3D('',#4678,#3820,#3821);
#3536=AXIS2_PLACEMENT_3D('',#4684,#3824,#3825);
#3537=AXIS2_PLACEMENT_3D('',#4709,#3827,#3828);
#3538=AXIS2_PLACEMENT_3D('',#4711,#3829,#3830);
#3539=AXIS2_PLACEMENT_3D('',#4713,#3831,#3832);
#3540=AXIS2_PLACEMENT_3D('',#4717,#3834,#3835);
#3541=AXIS2_PLACEMENT_3D('',#4732,#3836,#3837);
#3542=AXIS2_PLACEMENT_3D('',#4736,#3839,#3840);
#3543=AXIS2_PLACEMENT_3D('',#4745,#3842,#3843);
#3544=AXIS2_PLACEMENT_3D('',#4762,#3853,#3854);
#3545=AXIS2_PLACEMENT_3D('',#4764,#3855,#3856);
#3546=AXIS2_PLACEMENT_3D('',#4910,#3929,#3930);
#3547=AXIS2_PLACEMENT_3D('',#4912,#3931,#3932);
#3548=AXIS2_PLACEMENT_3D('',#4970,#3961,#3962);
#3549=AXIS2_PLACEMENT_3D('',#4979,#3967,#3968);
#3550=AXIS2_PLACEMENT_3D('',#4990,#3971,#3972);
#3551=AXIS2_PLACEMENT_3D('',#4992,#3973,#3974);
#3552=AXIS2_PLACEMENT_3D('',#4994,#3976,#3977);
#3553=AXIS2_PLACEMENT_3D('',#4996,#3979,#3980);
#3554=AXIS2_PLACEMENT_3D('',#5000,#3983,#3984);
#3555=AXIS2_PLACEMENT_3D('',#5004,#3987,#3988);
#3556=AXIS2_PLACEMENT_3D('',#5008,#3991,#3992);
#3557=AXIS2_PLACEMENT_3D('',#5012,#3995,#3996);
#3558=AXIS2_PLACEMENT_3D('',#5014,#3998,#3999);
#3559=AXIS2_PLACEMENT_3D('',#5018,#4002,#4003);
#3560=AXIS2_PLACEMENT_3D('',#5020,#4005,#4006);
#3561=AXIS2_PLACEMENT_3D('',#5024,#4009,#4010);
#3562=AXIS2_PLACEMENT_3D('',#5026,#4012,#4013);
#3563=AXIS2_PLACEMENT_3D('',#5030,#4016,#4017);
#3564=AXIS2_PLACEMENT_3D('',#5032,#4018,#4019);
#3565=AXIS2_PLACEMENT_3D('',#5034,#4021,#4022);
#3566=AXIS2_PLACEMENT_3D('',#5038,#4025,#4026);
#3567=AXIS2_PLACEMENT_3D('',#5040,#4027,#4028);
#3568=AXIS2_PLACEMENT_3D('',#5042,#4030,#4031);
#3569=AXIS2_PLACEMENT_3D('',#5046,#4034,#4035);
#3570=AXIS2_PLACEMENT_3D('',#5050,#4038,#4039);
#3571=AXIS2_PLACEMENT_3D('',#5052,#4040,#4041);
#3572=AXIS2_PLACEMENT_3D('',#5054,#4043,#4044);
#3573=AXIS2_PLACEMENT_3D('',#5060,#4048,#4049);
#3574=AXIS2_PLACEMENT_3D('',#5064,#4052,#4053);
#3575=AXIS2_PLACEMENT_3D('',#5068,#4056,#4057);
#3576=AXIS2_PLACEMENT_3D('',#5070,#4059,#4060);
#3577=AXIS2_PLACEMENT_3D('',#5078,#4061,#4062);
#3578=AXIS2_PLACEMENT_3D('',#5082,#4064,#4065);
#3579=AXIS2_PLACEMENT_3D('',#5084,#4066,#4067);
#3580=AXIS2_PLACEMENT_3D('',#5097,#4068,#4069);
#3581=AXIS2_PLACEMENT_3D('',#5101,#4071,#4072);
#3582=AXIS2_PLACEMENT_3D('',#5103,#4073,#4074);
#3583=AXIS2_PLACEMENT_3D('',#5105,#4075,#4076);
#3584=AXIS2_PLACEMENT_3D('',#5129,#4078,#4079);
#3585=AXIS2_PLACEMENT_3D('',#5131,#4080,#4081);
#3586=AXIS2_PLACEMENT_3D('',#5277,#4154,#4155);
#3587=AXIS2_PLACEMENT_3D('',#5279,#4156,#4157);
#3588=AXIS2_PLACEMENT_3D('',#5337,#4186,#4187);
#3589=AXIS2_PLACEMENT_3D('',#5338,#4188,#4189);
#3590=AXIS2_PLACEMENT_3D('',#5341,#4192,#4193);
#3591=AXIS2_PLACEMENT_3D('',#5344,#4196,#4197);
#3592=AXIS2_PLACEMENT_3D('',#5346,#4199,#4200);
#3593=AXIS2_PLACEMENT_3D('',#5349,#4203,#4204);
#3594=AXIS2_PLACEMENT_3D('',#5351,#4206,#4207);
#3595=AXIS2_PLACEMENT_3D('',#5353,#4209,#4210);
#3596=AXIS2_PLACEMENT_3D('',#5355,#4212,#4213);
#3597=AXIS2_PLACEMENT_3D('',#5358,#4216,#4217);
#3598=AXIS2_PLACEMENT_3D('',#5359,#4218,#4219);
#3599=AXIS2_PLACEMENT_3D('',#5362,#4222,#4223);
#3600=AXIS2_PLACEMENT_3D('',#5364,#4225,#4226);
#3601=AXIS2_PLACEMENT_3D('',#5366,#4227,#4228);
#3602=AXIS2_PLACEMENT_3D('',#5367,#4229,#4230);
#3603=AXIS2_PLACEMENT_3D('',#5369,#4232,#4233);
#3604=AXIS2_PLACEMENT_3D('',#5372,#4236,#4237);
#3605=AXIS2_PLACEMENT_3D('',#5374,#4239,#4240);
#3606=AXIS2_PLACEMENT_3D('',#5376,#4242,#4243);
#3607=AXIS2_PLACEMENT_3D('',#5378,#4245,#4246);
#3608=AXIS2_PLACEMENT_3D('',#5380,#4248,#4249);
#3609=AXIS2_PLACEMENT_3D('',#5382,#4251,#4252);
#3610=AXIS2_PLACEMENT_3D('',#5384,#4254,#4255);
#3611=AXIS2_PLACEMENT_3D('',#5386,#4257,#4258);
#3612=AXIS2_PLACEMENT_3D('',#5387,#4259,#4260);
#3613=AXIS2_PLACEMENT_3D('',#5388,#4261,#4262);
#3614=AXIS2_PLACEMENT_3D('',#5391,#4265,#4266);
#3615=AXIS2_PLACEMENT_3D('',#5393,#4268,#4269);
#3616=AXIS2_PLACEMENT_3D('',#5395,#4271,#4272);
#3617=AXIS2_PLACEMENT_3D('',#5396,#4273,#4274);
#3618=AXIS2_PLACEMENT_3D('',#5399,#4277,#4278);
#3619=AXIS2_PLACEMENT_3D('',#5401,#4280,#4281);
#3620=AXIS2_PLACEMENT_3D('',#5403,#4283,#4284);
#3621=AXIS2_PLACEMENT_3D('',#5404,#4285,#4286);
#3622=AXIS2_PLACEMENT_3D('',#5407,#4289,#4290);
#3623=AXIS2_PLACEMENT_3D('',#5409,#4292,#4293);
#3624=AXIS2_PLACEMENT_3D('',#5411,#4295,#4296);
#3625=AXIS2_PLACEMENT_3D('',#5412,#4297,#4298);
#3626=AXIS2_PLACEMENT_3D('',#5415,#4301,#4302);
#3627=AXIS2_PLACEMENT_3D('',#5417,#4304,#4305);
#3628=AXIS2_PLACEMENT_3D('',#5419,#4307,#4308);
#3629=AXIS2_PLACEMENT_3D('',#5420,#4309,#4310);
#3630=AXIS2_PLACEMENT_3D('',#5423,#4313,#4314);
#3631=AXIS2_PLACEMENT_3D('',#5425,#4316,#4317);
#3632=AXIS2_PLACEMENT_3D('',#5427,#4319,#4320);
#3633=AXIS2_PLACEMENT_3D('',#5428,#4321,#4322);
#3634=AXIS2_PLACEMENT_3D('',#5431,#4325,#4326);
#3635=AXIS2_PLACEMENT_3D('',#5433,#4328,#4329);
#3636=AXIS2_PLACEMENT_3D('',#5435,#4331,#4332);
#3637=AXIS2_PLACEMENT_3D('',#5436,#4333,#4334);
#3638=AXIS2_PLACEMENT_3D('',#5439,#4337,#4338);
#3639=AXIS2_PLACEMENT_3D('',#5441,#4340,#4341);
#3640=AXIS2_PLACEMENT_3D('',#5443,#4343,#4344);
#3641=AXIS2_PLACEMENT_3D('',#5444,#4345,#4346);
#3642=AXIS2_PLACEMENT_3D('',#5447,#4349,#4350);
#3643=AXIS2_PLACEMENT_3D('',#5449,#4352,#4353);
#3644=AXIS2_PLACEMENT_3D('',#5451,#4355,#4356);
#3645=AXIS2_PLACEMENT_3D('',#5452,#4357,#4358);
#3646=AXIS2_PLACEMENT_3D('',#5455,#4361,#4362);
#3647=AXIS2_PLACEMENT_3D('',#5457,#4364,#4365);
#3648=AXIS2_PLACEMENT_3D('',#5459,#4367,#4368);
#3649=AXIS2_PLACEMENT_3D('',#5460,#4369,#4370);
#3650=AXIS2_PLACEMENT_3D('',#5463,#4373,#4374);
#3651=AXIS2_PLACEMENT_3D('',#5465,#4376,#4377);
#3652=AXIS2_PLACEMENT_3D('',#5467,#4379,#4380);
#3653=AXIS2_PLACEMENT_3D('',#5468,#4381,#4382);
#3654=AXIS2_PLACEMENT_3D('',#5471,#4385,#4386);
#3655=AXIS2_PLACEMENT_3D('',#5473,#4388,#4389);
#3656=AXIS2_PLACEMENT_3D('',#5475,#4391,#4392);
#3657=AXIS2_PLACEMENT_3D('',#5476,#4393,#4394);
#3658=AXIS2_PLACEMENT_3D('',#5479,#4397,#4398);
#3659=AXIS2_PLACEMENT_3D('',#5481,#4400,#4401);
#3660=AXIS2_PLACEMENT_3D('',#5483,#4403,#4404);
#3661=AXIS2_PLACEMENT_3D('',#5484,#4405,#4406);
#3662=AXIS2_PLACEMENT_3D('',#5487,#4409,#4410);
#3663=AXIS2_PLACEMENT_3D('',#5489,#4412,#4413);
#3664=AXIS2_PLACEMENT_3D('',#5491,#4415,#4416);
#3665=AXIS2_PLACEMENT_3D('',#5492,#4417,#4418);
#3666=AXIS2_PLACEMENT_3D('',#5495,#4421,#4422);
#3667=AXIS2_PLACEMENT_3D('',#5497,#4424,#4425);
#3668=AXIS2_PLACEMENT_3D('',#5499,#4427,#4428);
#3669=AXIS2_PLACEMENT_3D('',#5500,#4429,#4430);
#3670=AXIS2_PLACEMENT_3D('',#5503,#4433,#4434);
#3671=AXIS2_PLACEMENT_3D('',#5505,#4436,#4437);
#3672=AXIS2_PLACEMENT_3D('',#5507,#4439,#4440);
#3673=AXIS2_PLACEMENT_3D('',#5508,#4441,#4442);
#3674=AXIS2_PLACEMENT_3D('',#5511,#4445,#4446);
#3675=AXIS2_PLACEMENT_3D('',#5513,#4448,#4449);
#3676=AXIS2_PLACEMENT_3D('',#5515,#4451,#4452);
#3677=AXIS2_PLACEMENT_3D('',#5516,#4453,#4454);
#3678=AXIS2_PLACEMENT_3D('',#5519,#4457,#4458);
#3679=AXIS2_PLACEMENT_3D('',#5521,#4460,#4461);
#3680=AXIS2_PLACEMENT_3D('',#5523,#4463,#4464);
#3681=AXIS2_PLACEMENT_3D('',#5524,#4465,#4466);
#3682=AXIS2_PLACEMENT_3D('',#5526,#4468,#4469);
#3683=AXIS2_PLACEMENT_3D('',#5528,#4471,#4472);
#3684=AXIS2_PLACEMENT_3D('',#5529,#4473,#4474);
#3685=AXIS2_PLACEMENT_3D('',#5530,#4475,#4476);
#3686=AXIS2_PLACEMENT_3D('',#5533,#4479,#4480);
#3687=AXIS2_PLACEMENT_3D('',#5535,#4482,#4483);
#3688=AXIS2_PLACEMENT_3D('',#5537,#4485,#4486);
#3689=AXIS2_PLACEMENT_3D('',#5538,#4487,#4488);
#3690=AXIS2_PLACEMENT_3D('',#5541,#4491,#4492);
#3691=AXIS2_PLACEMENT_3D('',#5543,#4494,#4495);
#3692=AXIS2_PLACEMENT_3D('',#5545,#4497,#4498);
#3693=AXIS2_PLACEMENT_3D('',#5546,#4499,#4500);
#3694=AXIS2_PLACEMENT_3D('',#5549,#4503,#4504);
#3695=AXIS2_PLACEMENT_3D('',#5551,#4506,#4507);
#3696=AXIS2_PLACEMENT_3D('',#5553,#4509,#4510);
#3697=AXIS2_PLACEMENT_3D('',#5554,#4511,#4512);
#3698=AXIS2_PLACEMENT_3D('',#5557,#4515,#4516);
#3699=AXIS2_PLACEMENT_3D('',#5559,#4518,#4519);
#3700=AXIS2_PLACEMENT_3D('',#5561,#4521,#4522);
#3701=AXIS2_PLACEMENT_3D('',#5562,#4523,#4524);
#3702=AXIS2_PLACEMENT_3D('',#5565,#4527,#4528);
#3703=AXIS2_PLACEMENT_3D('',#5567,#4530,#4531);
#3704=AXIS2_PLACEMENT_3D('',#5569,#4533,#4534);
#3705=DIRECTION('axis',(0.,0.,1.));
#3706=DIRECTION('refdir',(1.,0.,0.));
#3707=DIRECTION('center_axis',(1.,0.,0.));
#3708=DIRECTION('ref_axis',(0.,-1.,0.));
#3709=DIRECTION('',(0.,1.,0.));
#3710=DIRECTION('',(0.,0.,-1.));
#3711=DIRECTION('',(0.,-1.,0.));
#3712=DIRECTION('',(0.,0.,-1.));
#3713=DIRECTION('center_axis',(1.,0.,0.));
#3714=DIRECTION('ref_axis',(0.,-1.,0.));
#3715=DIRECTION('',(0.,1.,0.));
#3716=DIRECTION('',(0.,0.,-1.));
#3717=DIRECTION('',(0.,-1.,0.));
#3718=DIRECTION('',(0.,0.,-1.));
#3719=DIRECTION('center_axis',(1.,0.,0.));
#3720=DIRECTION('ref_axis',(0.,-1.,0.));
#3721=DIRECTION('',(0.,1.,0.));
#3722=DIRECTION('',(0.,0.,-1.));
#3723=DIRECTION('',(0.,-1.,0.));
#3724=DIRECTION('',(0.,0.,-1.));
#3725=DIRECTION('center_axis',(0.,-1.,0.));
#3726=DIRECTION('ref_axis',(-1.,0.,0.));
#3727=DIRECTION('',(1.,0.,0.));
#3728=DIRECTION('',(0.,0.,-1.));
#3729=DIRECTION('',(-1.,0.,0.));
#3730=DIRECTION('',(0.,0.,-1.));
#3731=DIRECTION('center_axis',(1.,0.,0.));
#3732=DIRECTION('ref_axis',(0.,-1.,0.));
#3733=DIRECTION('',(0.,1.,0.));
#3734=DIRECTION('',(0.,-1.,0.));
#3735=DIRECTION('',(0.,0.,-1.));
#3736=DIRECTION('center_axis',(0.,1.,0.));
#3737=DIRECTION('ref_axis',(1.,0.,0.));
#3738=DIRECTION('',(-1.,0.,0.));
#3739=DIRECTION('',(1.,0.,0.));
#3740=DIRECTION('',(0.,0.,-1.));
#3741=DIRECTION('center_axis',(-1.,0.,0.));
#3742=DIRECTION('ref_axis',(0.,1.,0.));
#3743=DIRECTION('',(0.,-1.,0.));
#3744=DIRECTION('',(0.,1.,0.));
#3745=DIRECTION('center_axis',(0.,-1.,0.));
#3746=DIRECTION('ref_axis',(-1.,0.,0.));
#3747=DIRECTION('',(1.,0.,0.));
#3748=DIRECTION('',(0.,0.,-1.));
#3749=DIRECTION('',(-1.,0.,0.));
#3750=DIRECTION('',(0.,0.,-1.));
#3751=DIRECTION('center_axis',(1.,0.,0.));
#3752=DIRECTION('ref_axis',(0.,-1.,0.));
#3753=DIRECTION('',(0.,1.,0.));
#3754=DIRECTION('',(0.,-1.,0.));
#3755=DIRECTION('',(0.,0.,-1.));
#3756=DIRECTION('center_axis',(0.,1.,0.));
#3757=DIRECTION('ref_axis',(1.,0.,0.));
#3758=DIRECTION('',(-1.,0.,0.));
#3759=DIRECTION('',(1.,0.,0.));
#3760=DIRECTION('',(0.,0.,-1.));
#3761=DIRECTION('center_axis',(-1.,0.,0.));
#3762=DIRECTION('ref_axis',(0.,1.,0.));
#3763=DIRECTION('',(0.,-1.,0.));
#3764=DIRECTION('',(0.,1.,0.));
#3765=DIRECTION('center_axis',(0.,-1.,0.));
#3766=DIRECTION('ref_axis',(-1.,0.,0.));
#3767=DIRECTION('',(1.,0.,0.));
#3768=DIRECTION('',(0.,0.,-1.));
#3769=DIRECTION('',(-1.,0.,0.));
#3770=DIRECTION('',(0.,0.,-1.));
#3771=DIRECTION('center_axis',(1.,0.,0.));
#3772=DIRECTION('ref_axis',(0.,-1.,0.));
#3773=DIRECTION('',(0.,1.,0.));
#3774=DIRECTION('',(0.,-1.,0.));
#3775=DIRECTION('',(0.,0.,-1.));
#3776=DIRECTION('center_axis',(0.,1.,0.));
#3777=DIRECTION('ref_axis',(1.,0.,0.));
#3778=DIRECTION('',(-1.,0.,0.));
#3779=DIRECTION('',(1.,0.,0.));
#3780=DIRECTION('',(0.,0.,-1.));
#3781=DIRECTION('center_axis',(-1.,0.,0.));
#3782=DIRECTION('ref_axis',(0.,1.,0.));
#3783=DIRECTION('',(0.,-1.,0.));
#3784=DIRECTION('',(0.,1.,0.));
#3785=DIRECTION('center_axis',(0.,-1.,0.));
#3786=DIRECTION('ref_axis',(-1.,0.,0.));
#3787=DIRECTION('',(1.,0.,0.));
#3788=DIRECTION('',(0.,0.,-1.));
#3789=DIRECTION('',(-1.,0.,0.));
#3790=DIRECTION('',(0.,0.,-1.));
#3791=DIRECTION('center_axis',(1.,0.,0.));
#3792=DIRECTION('ref_axis',(0.,-1.,0.));
#3793=DIRECTION('',(0.,1.,0.));
#3794=DIRECTION('',(0.,-1.,0.));
#3795=DIRECTION('',(0.,0.,-1.));
#3796=DIRECTION('center_axis',(0.,1.,0.));
#3797=DIRECTION('ref_axis',(1.,0.,0.));
#3798=DIRECTION('',(-1.,0.,0.));
#3799=DIRECTION('',(1.,0.,0.));
#3800=DIRECTION('',(0.,0.,-1.));
#3801=DIRECTION('center_axis',(-1.,0.,0.));
#3802=DIRECTION('ref_axis',(0.,1.,0.));
#3803=DIRECTION('',(0.,-1.,0.));
#3804=DIRECTION('',(0.,1.,0.));
#3805=DIRECTION('center_axis',(0.,0.,-1.));
#3806=DIRECTION('ref_axis',(2.22044604922614E-14,1.,0.));
#3807=DIRECTION('center_axis',(0.,0.,-1.));
#3808=DIRECTION('ref_axis',(2.22044604922614E-14,1.,0.));
#3809=DIRECTION('',(0.,0.,-1.));
#3810=DIRECTION('center_axis',(0.,0.,1.));
#3811=DIRECTION('ref_axis',(2.22044604922614E-14,1.,0.));
#3812=DIRECTION('',(0.,0.,-1.));
#3813=DIRECTION('center_axis',(0.,0.,1.));
#3814=DIRECTION('ref_axis',(1.,0.,0.));
#3815=DIRECTION('',(-1.,0.,0.));
#3816=DIRECTION('',(-0.936327859531909,-0.351126956334023,0.));
#3817=DIRECTION('center_axis',(0.,0.,1.));
#3818=DIRECTION('ref_axis',(-0.351126956334022,0.936327859531909,0.));
#3819=DIRECTION('',(-3.55266988629272E-16,-1.,0.));
#3820=DIRECTION('center_axis',(0.,0.,1.));
#3821=DIRECTION('ref_axis',(-1.,0.,0.));
#3822=DIRECTION('',(1.,0.,0.));
#3823=DIRECTION('',(0.951120689749238,0.308819418966705,0.));
#3824=DIRECTION('center_axis',(0.,0.,1.));
#3825=DIRECTION('ref_axis',(1.,0.,0.));
#3826=DIRECTION('',(0.,1.,0.));
#3827=DIRECTION('center_axis',(0.,0.,-1.));
#3828=DIRECTION('ref_axis',(-1.,0.,2.34850925972848E-11));
#3829=DIRECTION('center_axis',(0.,0.,-1.));
#3830=DIRECTION('ref_axis',(0.,-1.,0.));
#3831=DIRECTION('center_axis',(0.,0.,1.));
#3832=DIRECTION('ref_axis',(0.866025491904831,-0.499999847370972,0.));
#3833=DIRECTION('',(-0.499999847370971,-0.866025491904832,0.));
#3834=DIRECTION('center_axis',(0.,0.,1.));
#3835=DIRECTION('ref_axis',(-1.,0.,7.08536391866143E-13));
#3836=DIRECTION('center_axis',(0.,0.,-1.));
#3837=DIRECTION('ref_axis',(0.,1.,0.));
#3838=DIRECTION('',(0.,-1.,0.));
#3839=DIRECTION('center_axis',(0.,0.,1.));
#3840=DIRECTION('ref_axis',(-1.,-2.07579967754329E-17,0.));
#3841=DIRECTION('',(-0.883683970137909,0.468084010537963,0.));
#3842=DIRECTION('center_axis',(0.,0.,1.));
#3843=DIRECTION('ref_axis',(0.468084010537967,0.883683970137906,0.));
#3844=DIRECTION('',(1.,1.25095524345702E-15,0.));
#3845=DIRECTION('',(-1.,0.,0.));
#3846=DIRECTION('',(1.58603224408242E-16,-1.,0.));
#3847=DIRECTION('',(1.,1.25095524345702E-15,0.));
#3848=DIRECTION('',(-1.,0.,0.));
#3849=DIRECTION('',(1.58603224408242E-16,-1.,0.));
#3850=DIRECTION('',(1.,1.25095524345702E-15,0.));
#3851=DIRECTION('',(-1.,0.,0.));
#3852=DIRECTION('',(1.58603224408242E-16,-1.,0.));
#3853=DIRECTION('center_axis',(0.,0.,-1.));
#3854=DIRECTION('ref_axis',(1.,0.,-3.168992843038E-17));
#3855=DIRECTION('center_axis',(0.,0.,-1.));
#3856=DIRECTION('ref_axis',(1.,0.,-6.20135362528273E-17));
#3857=DIRECTION('',(0.,-1.,0.));
#3858=DIRECTION('',(-1.,0.,0.));
#3859=DIRECTION('',(0.,1.,0.));
#3860=DIRECTION('',(1.,0.,0.));
#3861=DIRECTION('',(0.,-1.,0.));
#3862=DIRECTION('',(-1.,0.,0.));
#3863=DIRECTION('',(0.,1.,0.));
#3864=DIRECTION('',(1.,0.,0.));
#3865=DIRECTION('',(0.,-1.,0.));
#3866=DIRECTION('',(-1.,0.,0.));
#3867=DIRECTION('',(0.,1.,0.));
#3868=DIRECTION('',(1.,0.,0.));
#3869=DIRECTION('',(0.,-1.,0.));
#3870=DIRECTION('',(-1.,0.,0.));
#3871=DIRECTION('',(0.,1.,0.));
#3872=DIRECTION('',(1.,0.,0.));
#3873=DIRECTION('',(0.,-1.,0.));
#3874=DIRECTION('',(-1.,0.,0.));
#3875=DIRECTION('',(0.,1.,0.));
#3876=DIRECTION('',(1.,0.,0.));
#3877=DIRECTION('',(0.,-1.,0.));
#3878=DIRECTION('',(-1.,0.,0.));
#3879=DIRECTION('',(0.,1.,0.));
#3880=DIRECTION('',(1.,0.,0.));
#3881=DIRECTION('',(0.,-1.,0.));
#3882=DIRECTION('',(-1.,0.,0.));
#3883=DIRECTION('',(0.,1.,0.));
#3884=DIRECTION('',(1.,0.,0.));
#3885=DIRECTION('',(0.,-1.,0.));
#3886=DIRECTION('',(-1.,0.,0.));
#3887=DIRECTION('',(0.,1.,0.));
#3888=DIRECTION('',(1.,0.,0.));
#3889=DIRECTION('',(0.,-1.,0.));
#3890=DIRECTION('',(-1.,0.,0.));
#3891=DIRECTION('',(0.,1.,0.));
#3892=DIRECTION('',(1.,0.,0.));
#3893=DIRECTION('',(0.,-1.,0.));
#3894=DIRECTION('',(-1.,0.,0.));
#3895=DIRECTION('',(0.,1.,0.));
#3896=DIRECTION('',(1.,0.,0.));
#3897=DIRECTION('',(0.,-1.,0.));
#3898=DIRECTION('',(-1.,0.,0.));
#3899=DIRECTION('',(0.,1.,0.));
#3900=DIRECTION('',(1.,0.,0.));
#3901=DIRECTION('',(0.,-1.,0.));
#3902=DIRECTION('',(-1.,0.,0.));
#3903=DIRECTION('',(0.,1.,0.));
#3904=DIRECTION('',(1.,0.,0.));
#3905=DIRECTION('',(0.,-1.,0.));
#3906=DIRECTION('',(-1.,0.,0.));
#3907=DIRECTION('',(0.,1.,0.));
#3908=DIRECTION('',(1.,0.,0.));
#3909=DIRECTION('',(0.,-1.,0.));
#3910=DIRECTION('',(-1.,0.,0.));
#3911=DIRECTION('',(0.,1.,0.));
#3912=DIRECTION('',(1.,0.,0.));
#3913=DIRECTION('',(0.,-1.,0.));
#3914=DIRECTION('',(-1.,0.,0.));
#3915=DIRECTION('',(0.,1.,0.));
#3916=DIRECTION('',(1.,0.,0.));
#3917=DIRECTION('',(0.,-1.,0.));
#3918=DIRECTION('',(-1.,0.,0.));
#3919=DIRECTION('',(0.,1.,0.));
#3920=DIRECTION('',(1.,0.,0.));
#3921=DIRECTION('',(0.,-1.,0.));
#3922=DIRECTION('',(-1.,0.,0.));
#3923=DIRECTION('',(0.,1.,0.));
#3924=DIRECTION('',(1.,0.,0.));
#3925=DIRECTION('',(0.,-1.,0.));
#3926=DIRECTION('',(-1.,0.,0.));
#3927=DIRECTION('',(0.,1.,0.));
#3928=DIRECTION('',(1.,0.,0.));
#3929=DIRECTION('center_axis',(0.,0.,-1.));
#3930=DIRECTION('ref_axis',(1.,0.,1.71875078219712E-15));
#3931=DIRECTION('center_axis',(0.,0.,-1.));
#3932=DIRECTION('ref_axis',(1.,0.,2.35740649680534E-15));
#3933=DIRECTION('',(0.,-1.,0.));
#3934=DIRECTION('',(-1.,0.,0.));
#3935=DIRECTION('',(0.,1.,0.));
#3936=DIRECTION('',(1.,0.,0.));
#3937=DIRECTION('',(0.,-1.,0.));
#3938=DIRECTION('',(-1.,0.,0.));
#3939=DIRECTION('',(0.,1.,0.));
#3940=DIRECTION('',(1.,0.,0.));
#3941=DIRECTION('',(0.,-1.,0.));
#3942=DIRECTION('',(-1.,0.,0.));
#3943=DIRECTION('',(0.,1.,0.));
#3944=DIRECTION('',(1.,0.,0.));
#3945=DIRECTION('',(0.,-1.,0.));
#3946=DIRECTION('',(-1.,0.,0.));
#3947=DIRECTION('',(0.,1.,0.));
#3948=DIRECTION('',(1.,0.,0.));
#3949=DIRECTION('',(0.500000655108429,0.86602502555708,0.));
#3950=DIRECTION('',(0.866025303002189,-0.500000174559935,0.));
#3951=DIRECTION('',(-0.50000073018681,-0.866024982210477,0.));
#3952=DIRECTION('',(-0.866027011282611,0.499997215721156,0.));
#3953=DIRECTION('',(0.500002403723665,0.866024015989486,0.));
#3954=DIRECTION('',(0.866022562304473,-0.500004921555374,0.));
#3955=DIRECTION('',(0.499992992837457,0.866029449333822,0.));
#3956=DIRECTION('',(-0.866025195856398,0.500000360141757,0.));
#3957=DIRECTION('',(0.500000653993628,0.866025026200712,0.));
#3958=DIRECTION('',(0.866024988686227,-0.500000718970503,0.));
#3959=DIRECTION('',(0.499999888351147,0.866025468244925,0.));
#3960=DIRECTION('',(-0.866025303002189,0.500000174559935,0.));
#3961=DIRECTION('center_axis',(0.,0.,-1.));
#3962=DIRECTION('ref_axis',(1.,0.,1.73686702883781E-15));
#3963=DIRECTION('',(0.,-1.,0.));
#3964=DIRECTION('',(1.,0.,0.));
#3965=DIRECTION('',(1.58603224408242E-16,-1.,0.));
#3966=DIRECTION('',(1.,1.25095524345702E-15,0.));
#3967=DIRECTION('center_axis',(0.468084010537963,0.883683970137909,0.));
#3968=DIRECTION('ref_axis',(0.883683970137909,-0.468084010537963,0.));
#3969=DIRECTION('',(-0.883683970137909,0.468084010537963,0.));
#3970=DIRECTION('',(0.,0.,-1.));
#3971=DIRECTION('center_axis',(0.,0.,-1.));
#3972=DIRECTION('ref_axis',(0.468084010537967,0.883683970137906,0.));
#3973=DIRECTION('center_axis',(0.,0.,1.));
#3974=DIRECTION('ref_axis',(0.468084010537967,0.883683970137906,0.));
#3975=DIRECTION('',(0.,0.,-1.));
#3976=DIRECTION('center_axis',(0.,1.,0.));
#3977=DIRECTION('ref_axis',(1.,0.,0.));
#3978=DIRECTION('',(-1.,0.,0.));
#3979=DIRECTION('center_axis',(1.25095524345702E-15,-1.,0.));
#3980=DIRECTION('ref_axis',(-1.,-1.25095524345702E-15,0.));
#3981=DIRECTION('',(0.,0.,-1.));
#3982=DIRECTION('',(-1.,-1.25095524345702E-15,0.));
#3983=DIRECTION('center_axis',(1.25095524345702E-15,-1.,0.));
#3984=DIRECTION('ref_axis',(-1.,-1.25095524345702E-15,0.));
#3985=DIRECTION('',(0.,0.,-1.));
#3986=DIRECTION('',(-1.,-1.25095524345702E-15,0.));
#3987=DIRECTION('center_axis',(1.25095524345702E-15,-1.,0.));
#3988=DIRECTION('ref_axis',(-1.,-1.25095524345702E-15,0.));
#3989=DIRECTION('',(0.,0.,-1.));
#3990=DIRECTION('',(-1.,-1.25095524345702E-15,0.));
#3991=DIRECTION('center_axis',(0.,1.,0.));
#3992=DIRECTION('ref_axis',(1.,0.,0.));
#3993=DIRECTION('',(1.,0.,0.));
#3994=DIRECTION('',(0.,0.,-1.));
#3995=DIRECTION('center_axis',(1.,1.58603224408242E-16,0.));
#3996=DIRECTION('ref_axis',(1.58603224408242E-16,-1.,0.));
#3997=DIRECTION('',(-1.58603224408242E-16,1.,0.));
#3998=DIRECTION('center_axis',(0.,1.,0.));
#3999=DIRECTION('ref_axis',(1.,0.,0.));
#4000=DIRECTION('',(1.,0.,0.));
#4001=DIRECTION('',(0.,0.,-1.));
#4002=DIRECTION('center_axis',(1.,1.58603224408242E-16,0.));
#4003=DIRECTION('ref_axis',(1.58603224408242E-16,-1.,0.));
#4004=DIRECTION('',(-1.58603224408242E-16,1.,0.));
#4005=DIRECTION('center_axis',(0.,1.,0.));
#4006=DIRECTION('ref_axis',(1.,0.,0.));
#4007=DIRECTION('',(1.,0.,0.));
#4008=DIRECTION('',(0.,0.,-1.));
#4009=DIRECTION('center_axis',(1.,1.58603224408242E-16,0.));
#4010=DIRECTION('ref_axis',(1.58603224408242E-16,-1.,0.));
#4011=DIRECTION('',(-1.58603224408242E-16,1.,0.));
#4012=DIRECTION('center_axis',(-0.351126956334023,0.936327859531909,0.));
#4013=DIRECTION('ref_axis',(0.936327859531909,0.351126956334023,0.));
#4014=DIRECTION('',(0.936327859531909,0.351126956334023,0.));
#4015=DIRECTION('',(0.,0.,-1.));
#4016=DIRECTION('center_axis',(0.,0.,-1.));
#4017=DIRECTION('ref_axis',(-0.351126956334022,0.936327859531909,0.));
#4018=DIRECTION('center_axis',(0.,0.,1.));
#4019=DIRECTION('ref_axis',(-0.351126956334022,0.936327859531909,0.));
#4020=DIRECTION('',(0.,0.,-1.));
#4021=DIRECTION('center_axis',(-1.,3.55266988629272E-16,0.));
#4022=DIRECTION('ref_axis',(3.55266988629272E-16,1.,0.));
#4023=DIRECTION('',(-3.55266988629272E-16,-1.,0.));
#4024=DIRECTION('',(0.,0.,-1.));
#4025=DIRECTION('center_axis',(0.,0.,-1.));
#4026=DIRECTION('ref_axis',(-1.,0.,0.));
#4027=DIRECTION('center_axis',(0.,0.,1.));
#4028=DIRECTION('ref_axis',(-1.,0.,0.));
#4029=DIRECTION('',(0.,0.,-1.));
#4030=DIRECTION('center_axis',(0.,-1.,0.));
#4031=DIRECTION('ref_axis',(-1.,0.,0.));
#4032=DIRECTION('',(1.,0.,0.));
#4033=DIRECTION('',(0.,0.,-1.));
#4034=DIRECTION('center_axis',(0.308819418966705,-0.951120689749238,0.));
#4035=DIRECTION('ref_axis',(-0.951120689749238,-0.308819418966705,0.));
#4036=DIRECTION('',(0.951120689749238,0.308819418966705,0.));
#4037=DIRECTION('',(0.,0.,-1.));
#4038=DIRECTION('center_axis',(0.,0.,-1.));
#4039=DIRECTION('ref_axis',(1.,0.,0.));
#4040=DIRECTION('center_axis',(0.,0.,-1.));
#4041=DIRECTION('ref_axis',(1.,0.,0.));
#4042=DIRECTION('',(0.,0.,1.));
#4043=DIRECTION('center_axis',(-1.,0.,0.));
#4044=DIRECTION('ref_axis',(0.,1.,0.));
#4045=DIRECTION('',(0.,1.,0.));
#4046=DIRECTION('',(0.,0.,-1.));
#4047=DIRECTION('',(0.,0.,-1.));
#4048=DIRECTION('center_axis',(0.,1.,0.));
#4049=DIRECTION('ref_axis',(1.,0.,0.));
#4050=DIRECTION('',(-1.,0.,0.));
#4051=DIRECTION('',(0.,0.,-1.));
#4052=DIRECTION('center_axis',(1.,1.58603224408242E-16,0.));
#4053=DIRECTION('ref_axis',(1.58603224408242E-16,-1.,0.));
#4054=DIRECTION('',(-1.58603224408242E-16,1.,0.));
#4055=DIRECTION('',(0.,0.,-1.));
#4056=DIRECTION('center_axis',(1.25095524345702E-15,-1.,0.));
#4057=DIRECTION('ref_axis',(-1.,-1.25095524345702E-15,0.));
#4058=DIRECTION('',(-1.,-1.25095524345702E-15,0.));
#4059=DIRECTION('center_axis',(0.,0.,1.));
#4060=DIRECTION('ref_axis',(1.,0.,0.));
#4061=DIRECTION('center_axis',(0.,0.,-1.));
#4062=DIRECTION('ref_axis',(-1.,-2.07579967754329E-17,0.));
#4063=DIRECTION('',(0.,1.,0.));
#4064=DIRECTION('center_axis',(0.,0.,1.));
#4065=DIRECTION('ref_axis',(0.,1.,0.));
#4066=DIRECTION('center_axis',(0.,0.,1.));
#4067=DIRECTION('ref_axis',(0.,1.,0.));
#4068=DIRECTION('center_axis',(0.,0.,-1.));
#4069=DIRECTION('ref_axis',(-1.,0.,7.08536391866143E-13));
#4070=DIRECTION('',(0.499999847370971,0.866025491904832,0.));
#4071=DIRECTION('center_axis',(0.,0.,-1.));
#4072=DIRECTION('ref_axis',(0.866025491904831,-0.499999847370972,0.));
#4073=DIRECTION('center_axis',(0.,0.,1.));
#4074=DIRECTION('ref_axis',(0.,-1.,0.));
#4075=DIRECTION('center_axis',(0.,0.,1.));
#4076=DIRECTION('ref_axis',(-1.,0.,2.34850925972848E-11));
#4077=DIRECTION('',(0.,-1.,0.));
#4078=DIRECTION('center_axis',(0.,0.,1.));
#4079=DIRECTION('ref_axis',(1.,0.,-3.168992843038E-17));
#4080=DIRECTION('center_axis',(0.,0.,1.));
#4081=DIRECTION('ref_axis',(1.,0.,-6.20135362528273E-17));
#4082=DIRECTION('',(-1.,0.,0.));
#4083=DIRECTION('',(0.,-1.,0.));
#4084=DIRECTION('',(1.,0.,0.));
#4085=DIRECTION('',(0.,1.,0.));
#4086=DIRECTION('',(-1.,0.,0.));
#4087=DIRECTION('',(0.,-1.,0.));
#4088=DIRECTION('',(1.,0.,0.));
#4089=DIRECTION('',(0.,1.,0.));
#4090=DIRECTION('',(-1.,0.,0.));
#4091=DIRECTION('',(0.,-1.,0.));
#4092=DIRECTION('',(1.,0.,0.));
#4093=DIRECTION('',(0.,1.,0.));
#4094=DIRECTION('',(-1.,0.,0.));
#4095=DIRECTION('',(0.,-1.,0.));
#4096=DIRECTION('',(1.,0.,0.));
#4097=DIRECTION('',(0.,1.,0.));
#4098=DIRECTION('',(-1.,0.,0.));
#4099=DIRECTION('',(0.,-1.,0.));
#4100=DIRECTION('',(1.,0.,0.));
#4101=DIRECTION('',(0.,1.,0.));
#4102=DIRECTION('',(-1.,0.,0.));
#4103=DIRECTION('',(0.,-1.,0.));
#4104=DIRECTION('',(1.,0.,0.));
#4105=DIRECTION('',(0.,1.,0.));
#4106=DIRECTION('',(-1.,0.,0.));
#4107=DIRECTION('',(0.,-1.,0.));
#4108=DIRECTION('',(1.,0.,0.));
#4109=DIRECTION('',(0.,1.,0.));
#4110=DIRECTION('',(-1.,0.,0.));
#4111=DIRECTION('',(0.,-1.,0.));
#4112=DIRECTION('',(1.,0.,0.));
#4113=DIRECTION('',(0.,1.,0.));
#4114=DIRECTION('',(-1.,0.,0.));
#4115=DIRECTION('',(0.,-1.,0.));
#4116=DIRECTION('',(1.,0.,0.));
#4117=DIRECTION('',(0.,1.,0.));
#4118=DIRECTION('',(-1.,0.,0.));
#4119=DIRECTION('',(0.,-1.,0.));
#4120=DIRECTION('',(1.,0.,0.));
#4121=DIRECTION('',(0.,1.,0.));
#4122=DIRECTION('',(-1.,0.,0.));
#4123=DIRECTION('',(0.,-1.,0.));
#4124=DIRECTION('',(1.,0.,0.));
#4125=DIRECTION('',(0.,1.,0.));
#4126=DIRECTION('',(-1.,0.,0.));
#4127=DIRECTION('',(0.,-1.,0.));
#4128=DIRECTION('',(1.,0.,0.));
#4129=DIRECTION('',(0.,1.,0.));
#4130=DIRECTION('',(-1.,0.,0.));
#4131=DIRECTION('',(0.,-1.,0.));
#4132=DIRECTION('',(1.,0.,0.));
#4133=DIRECTION('',(0.,1.,0.));
#4134=DIRECTION('',(-1.,0.,0.));
#4135=DIRECTION('',(0.,-1.,0.));
#4136=DIRECTION('',(1.,0.,0.));
#4137=DIRECTION('',(0.,1.,0.));
#4138=DIRECTION('',(-1.,0.,0.));
#4139=DIRECTION('',(0.,-1.,0.));
#4140=DIRECTION('',(1.,0.,0.));
#4141=DIRECTION('',(0.,1.,0.));
#4142=DIRECTION('',(-1.,0.,0.));
#4143=DIRECTION('',(0.,-1.,0.));
#4144=DIRECTION('',(1.,0.,0.));
#4145=DIRECTION('',(0.,1.,0.));
#4146=DIRECTION('',(-1.,0.,0.));
#4147=DIRECTION('',(0.,-1.,0.));
#4148=DIRECTION('',(1.,0.,0.));
#4149=DIRECTION('',(0.,1.,0.));
#4150=DIRECTION('',(-1.,0.,0.));
#4151=DIRECTION('',(0.,-1.,0.));
#4152=DIRECTION('',(1.,0.,0.));
#4153=DIRECTION('',(0.,1.,0.));
#4154=DIRECTION('center_axis',(0.,0.,1.));
#4155=DIRECTION('ref_axis',(1.,0.,1.71875078219712E-15));
#4156=DIRECTION('center_axis',(0.,0.,1.));
#4157=DIRECTION('ref_axis',(1.,0.,2.35740649680534E-15));
#4158=DIRECTION('',(-1.,0.,0.));
#4159=DIRECTION('',(0.,-1.,0.));
#4160=DIRECTION('',(1.,0.,0.));
#4161=DIRECTION('',(0.,1.,0.));
#4162=DIRECTION('',(-1.,0.,0.));
#4163=DIRECTION('',(0.,-1.,0.));
#4164=DIRECTION('',(1.,0.,0.));
#4165=DIRECTION('',(0.,1.,0.));
#4166=DIRECTION('',(-1.,0.,0.));
#4167=DIRECTION('',(0.,-1.,0.));
#4168=DIRECTION('',(1.,0.,0.));
#4169=DIRECTION('',(0.,1.,0.));
#4170=DIRECTION('',(-1.,0.,0.));
#4171=DIRECTION('',(0.,-1.,0.));
#4172=DIRECTION('',(1.,0.,0.));
#4173=DIRECTION('',(0.,1.,0.));
#4174=DIRECTION('',(0.866025303002189,-0.500000174559935,0.));
#4175=DIRECTION('',(-0.499999888351147,-0.866025468244925,0.));
#4176=DIRECTION('',(-0.866024988686227,0.500000718970503,0.));
#4177=DIRECTION('',(-0.500000653993628,-0.866025026200712,0.));
#4178=DIRECTION('',(0.866025195856398,-0.500000360141757,0.));
#4179=DIRECTION('',(-0.499992992837457,-0.866029449333822,0.));
#4180=DIRECTION('',(-0.866022562304473,0.500004921555374,0.));
#4181=DIRECTION('',(-0.500002403723665,-0.866024015989486,0.));
#4182=DIRECTION('',(0.866027011282611,-0.499997215721156,0.));
#4183=DIRECTION('',(0.50000073018681,0.866024982210477,0.));
#4184=DIRECTION('',(-0.866025303002189,0.500000174559935,0.));
#4185=DIRECTION('',(-0.500000655108429,-0.86602502555708,0.));
#4186=DIRECTION('center_axis',(0.,0.,1.));
#4187=DIRECTION('ref_axis',(1.,0.,1.73686702883781E-15));
#4188=DIRECTION('center_axis',(-5.91047179132619E-9,-3.51207103397329E-9,
1.));
#4189=DIRECTION('ref_axis',(0.859193811785625,0.511650265112106,6.87519286346594E-9));
#4190=DIRECTION('',(5.91047179132619E-9,3.51207103397329E-9,-1.));
#4191=DIRECTION('',(0.,0.,1.));
#4192=DIRECTION('center_axis',(0.500000174559935,0.86602530300219,0.));
#4193=DIRECTION('ref_axis',(0.,0.,-1.));
#4194=DIRECTION('',(0.,0.,-1.));
#4195=DIRECTION('',(0.,0.,1.));
#4196=DIRECTION('center_axis',(-0.866025468244925,0.499999888351147,0.));
#4197=DIRECTION('ref_axis',(0.,0.,1.));
#4198=DIRECTION('',(0.,0.,1.));
#4199=DIRECTION('center_axis',(-0.866029449333822,0.499992992837458,0.));
#4200=DIRECTION('ref_axis',(0.,0.,1.));
#4201=DIRECTION('',(0.,0.,-1.));
#4202=DIRECTION('',(0.,0.,1.));
#4203=DIRECTION('center_axis',(0.500004921555374,0.866022562304473,0.));
#4204=DIRECTION('ref_axis',(0.,0.,-1.));
#4205=DIRECTION('',(0.,0.,1.));
#4206=DIRECTION('center_axis',(-0.866024015989486,0.500002403723665,0.));
#4207=DIRECTION('ref_axis',(0.,0.,1.));
#4208=DIRECTION('',(0.,0.,1.));
#4209=DIRECTION('center_axis',(0.499997215721156,0.866027011282611,0.));
#4210=DIRECTION('ref_axis',(0.,0.,1.));
#4211=DIRECTION('',(0.,0.,1.));
#4212=DIRECTION('center_axis',(0.500000174559935,0.86602530300219,0.));
#4213=DIRECTION('ref_axis',(0.,0.,-1.));
#4214=DIRECTION('',(0.,0.,-1.));
#4215=DIRECTION('',(0.,0.,1.));
#4216=DIRECTION('center_axis',(-0.86602502555708,0.500000655108429,0.));
#4217=DIRECTION('ref_axis',(0.,0.,1.));
#4218=DIRECTION('center_axis',(-8.32820340615614E-8,-9.5809765209137E-8,
-0.999999999999992));
#4219=DIRECTION('ref_axis',(0.999999999999996,0.,-8.32820340615618E-8));
#4220=DIRECTION('',(0.,0.,-1.));
#4221=DIRECTION('',(2.34850925972848E-11,-7.52535505078949E-11,1.));
#4222=DIRECTION('center_axis',(-0.871154980462285,-0.491008146587973,1.14432493917563E-16));
#4223=DIRECTION('ref_axis',(0.,0.,1.));
#4224=DIRECTION('',(0.,0.,-1.));
#4225=DIRECTION('center_axis',(0.871154980462285,0.491008146587973,0.));
#4226=DIRECTION('ref_axis',(3.36126084109519E-16,0.,1.));
#4227=DIRECTION('center_axis',(-0.491008146587973,0.871154980462285,0.));
#4228=DIRECTION('ref_axis',(0.,0.,-1.));
#4229=DIRECTION('center_axis',(2.34850925972848E-11,-7.52535505078949E-11,
1.));
#4230=DIRECTION('ref_axis',(-1.,0.,2.34850925972848E-11));
#4231=DIRECTION('',(-2.34850925972848E-11,7.52535505078949E-11,-1.));
#4232=DIRECTION('center_axis',(7.08536391866143E-13,2.41613882170274E-13,
1.));
#4233=DIRECTION('ref_axis',(0.946369212751877,0.323087160307235,-7.48599370457618E-13));
#4234=DIRECTION('',(7.08536391866143E-13,2.41613882170274E-13,1.));
#4235=DIRECTION('',(0.,0.,1.));
#4236=DIRECTION('center_axis',(0.,0.,1.));
#4237=DIRECTION('ref_axis',(0.866025491904831,-0.499999847370972,0.));
#4238=DIRECTION('',(0.,0.,-1.));
#4239=DIRECTION('center_axis',(1.73686702883781E-15,-1.05756961653258E-16,
-1.));
#4240=DIRECTION('ref_axis',(1.,0.,1.73686702883781E-15));
#4241=DIRECTION('',(1.73686702883781E-15,-1.05756961653258E-16,-1.));
#4242=DIRECTION('center_axis',(-3.168992843038E-17,-2.60782773023879E-16,
-1.));
#4243=DIRECTION('ref_axis',(1.,0.,-3.168992843038E-17));
#4244=DIRECTION('',(-3.168992843038E-17,-2.60782773023879E-16,-1.));
#4245=DIRECTION('center_axis',(-6.20135362528273E-17,-5.33099160509929E-16,
-1.));
#4246=DIRECTION('ref_axis',(1.,0.,-6.20135362528273E-17));
#4247=DIRECTION('',(-6.20135362528273E-17,-5.33099160509929E-16,-1.));
#4248=DIRECTION('center_axis',(2.35740649680534E-15,-7.53118462489247E-16,
-1.));
#4249=DIRECTION('ref_axis',(1.,0.,2.35740649680534E-15));
#4250=DIRECTION('',(2.35740649680534E-15,-7.53118462489247E-16,-1.));
#4251=DIRECTION('center_axis',(1.71875078219712E-15,3.80929218988852E-16,
-1.));
#4252=DIRECTION('ref_axis',(1.,0.,1.71875078219712E-15));
#4253=DIRECTION('',(1.71875078219712E-15,3.80929218988852E-16,-1.));
#4254=DIRECTION('center_axis',(1.,0.,0.));
#4255=DIRECTION('ref_axis',(0.,0.,-1.));
#4256=DIRECTION('',(0.,0.,1.));
#4257=DIRECTION('center_axis',(1.,0.,0.));
#4258=DIRECTION('ref_axis',(0.,0.,-1.));
#4259=DIRECTION('center_axis',(-0.866025491904832,0.499999847370971,0.));
#4260=DIRECTION('ref_axis',(0.,0.,1.));
#4261=DIRECTION('center_axis',(0.,1.,0.));
#4262=DIRECTION('ref_axis',(0.,0.,1.));
#4263=DIRECTION('',(0.,0.,-1.));
#4264=DIRECTION('',(0.,0.,1.));
#4265=DIRECTION('center_axis',(1.,0.,0.));
#4266=DIRECTION('ref_axis',(0.,0.,-1.));
#4267=DIRECTION('',(0.,0.,1.));
#4268=DIRECTION('center_axis',(0.,1.,0.));
#4269=DIRECTION('ref_axis',(0.,0.,1.));
#4270=DIRECTION('',(0.,0.,1.));
#4271=DIRECTION('center_axis',(1.,0.,0.));
#4272=DIRECTION('ref_axis',(0.,0.,-1.));
#4273=DIRECTION('center_axis',(1.,0.,0.));
#4274=DIRECTION('ref_axis',(0.,0.,-1.));
#4275=DIRECTION('',(0.,0.,-1.));
#4276=DIRECTION('',(0.,0.,1.));
#4277=DIRECTION('center_axis',(0.,1.,0.));
#4278=DIRECTION('ref_axis',(0.,0.,1.));
#4279=DIRECTION('',(0.,0.,1.));
#4280=DIRECTION('center_axis',(1.,0.,0.));
#4281=DIRECTION('ref_axis',(0.,0.,-1.));
#4282=DIRECTION('',(0.,0.,1.));
#4283=DIRECTION('center_axis',(0.,1.,0.));
#4284=DIRECTION('ref_axis',(0.,0.,1.));
#4285=DIRECTION('center_axis',(1.,0.,0.));
#4286=DIRECTION('ref_axis',(0.,0.,-1.));
#4287=DIRECTION('',(0.,0.,-1.));
#4288=DIRECTION('',(0.,0.,1.));
#4289=DIRECTION('center_axis',(0.,1.,0.));
#4290=DIRECTION('ref_axis',(0.,0.,1.));
#4291=DIRECTION('',(0.,0.,1.));
#4292=DIRECTION('center_axis',(1.,0.,0.));
#4293=DIRECTION('ref_axis',(0.,0.,-1.));
#4294=DIRECTION('',(0.,0.,1.));
#4295=DIRECTION('center_axis',(0.,1.,0.));
#4296=DIRECTION('ref_axis',(0.,0.,1.));
#4297=DIRECTION('center_axis',(1.,0.,0.));
#4298=DIRECTION('ref_axis',(0.,0.,-1.));
#4299=DIRECTION('',(0.,0.,-1.));
#4300=DIRECTION('',(0.,0.,1.));
#4301=DIRECTION('center_axis',(0.,1.,0.));
#4302=DIRECTION('ref_axis',(0.,0.,1.));
#4303=DIRECTION('',(0.,0.,1.));
#4304=DIRECTION('center_axis',(1.,0.,0.));
#4305=DIRECTION('ref_axis',(0.,0.,-1.));
#4306=DIRECTION('',(0.,0.,1.));
#4307=DIRECTION('center_axis',(0.,1.,0.));
#4308=DIRECTION('ref_axis',(0.,0.,1.));
#4309=DIRECTION('center_axis',(1.,0.,0.));
#4310=DIRECTION('ref_axis',(0.,0.,-1.));
#4311=DIRECTION('',(0.,0.,-1.));
#4312=DIRECTION('',(0.,0.,1.));
#4313=DIRECTION('center_axis',(0.,1.,0.));
#4314=DIRECTION('ref_axis',(0.,0.,1.));
#4315=DIRECTION('',(0.,0.,1.));
#4316=DIRECTION('center_axis',(1.,0.,0.));
#4317=DIRECTION('ref_axis',(0.,0.,-1.));
#4318=DIRECTION('',(0.,0.,1.));
#4319=DIRECTION('center_axis',(0.,1.,0.));
#4320=DIRECTION('ref_axis',(0.,0.,1.));
#4321=DIRECTION('center_axis',(1.,0.,0.));
#4322=DIRECTION('ref_axis',(0.,0.,-1.));
#4323=DIRECTION('',(0.,0.,-1.));
#4324=DIRECTION('',(0.,0.,1.));
#4325=DIRECTION('center_axis',(0.,1.,0.));
#4326=DIRECTION('ref_axis',(0.,0.,1.));
#4327=DIRECTION('',(0.,0.,1.));
#4328=DIRECTION('center_axis',(1.,0.,0.));
#4329=DIRECTION('ref_axis',(0.,0.,-1.));
#4330=DIRECTION('',(0.,0.,1.));
#4331=DIRECTION('center_axis',(0.,1.,0.));
#4332=DIRECTION('ref_axis',(0.,0.,1.));
#4333=DIRECTION('center_axis',(1.,0.,0.));
#4334=DIRECTION('ref_axis',(0.,0.,-1.));
#4335=DIRECTION('',(0.,0.,-1.));
#4336=DIRECTION('',(0.,0.,1.));
#4337=DIRECTION('center_axis',(0.,1.,0.));
#4338=DIRECTION('ref_axis',(0.,0.,1.));
#4339=DIRECTION('',(0.,0.,1.));
#4340=DIRECTION('center_axis',(1.,0.,0.));
#4341=DIRECTION('ref_axis',(0.,0.,-1.));
#4342=DIRECTION('',(0.,0.,1.));
#4343=DIRECTION('center_axis',(0.,1.,0.));
#4344=DIRECTION('ref_axis',(0.,0.,1.));
#4345=DIRECTION('center_axis',(0.,1.,0.));
#4346=DIRECTION('ref_axis',(0.,0.,1.));
#4347=DIRECTION('',(0.,0.,-1.));
#4348=DIRECTION('',(0.,0.,1.));
#4349=DIRECTION('center_axis',(1.,0.,0.));
#4350=DIRECTION('ref_axis',(0.,0.,-1.));
#4351=DIRECTION('',(0.,0.,1.));
#4352=DIRECTION('center_axis',(0.,1.,0.));
#4353=DIRECTION('ref_axis',(0.,0.,1.));
#4354=DIRECTION('',(0.,0.,1.));
#4355=DIRECTION('center_axis',(1.,0.,0.));
#4356=DIRECTION('ref_axis',(0.,0.,-1.));
#4357=DIRECTION('center_axis',(0.,1.,0.));
#4358=DIRECTION('ref_axis',(0.,0.,1.));
#4359=DIRECTION('',(0.,0.,-1.));
#4360=DIRECTION('',(0.,0.,1.));
#4361=DIRECTION('center_axis',(1.,0.,0.));
#4362=DIRECTION('ref_axis',(0.,0.,-1.));
#4363=DIRECTION('',(0.,0.,1.));
#4364=DIRECTION('center_axis',(0.,1.,0.));
#4365=DIRECTION('ref_axis',(0.,0.,1.));
#4366=DIRECTION('',(0.,0.,1.));
#4367=DIRECTION('center_axis',(1.,0.,0.));
#4368=DIRECTION('ref_axis',(0.,0.,-1.));
#4369=DIRECTION('center_axis',(0.,1.,0.));
#4370=DIRECTION('ref_axis',(0.,0.,1.));
#4371=DIRECTION('',(0.,0.,-1.));
#4372=DIRECTION('',(0.,0.,1.));
#4373=DIRECTION('center_axis',(1.,0.,0.));
#4374=DIRECTION('ref_axis',(0.,0.,-1.));
#4375=DIRECTION('',(0.,0.,1.));
#4376=DIRECTION('center_axis',(0.,1.,0.));
#4377=DIRECTION('ref_axis',(0.,0.,1.));
#4378=DIRECTION('',(0.,0.,1.));
#4379=DIRECTION('center_axis',(1.,0.,0.));
#4380=DIRECTION('ref_axis',(0.,0.,-1.));
#4381=DIRECTION('center_axis',(1.,0.,0.));
#4382=DIRECTION('ref_axis',(0.,0.,-1.));
#4383=DIRECTION('',(0.,0.,-1.));
#4384=DIRECTION('',(0.,0.,1.));
#4385=DIRECTION('center_axis',(0.,1.,0.));
#4386=DIRECTION('ref_axis',(0.,0.,1.));
#4387=DIRECTION('',(0.,0.,1.));
#4388=DIRECTION('center_axis',(1.,0.,0.));
#4389=DIRECTION('ref_axis',(0.,0.,-1.));
#4390=DIRECTION('',(0.,0.,1.));
#4391=DIRECTION('center_axis',(0.,1.,0.));
#4392=DIRECTION('ref_axis',(0.,0.,1.));
#4393=DIRECTION('center_axis',(1.,0.,0.));
#4394=DIRECTION('ref_axis',(0.,0.,-1.));
#4395=DIRECTION('',(0.,0.,-1.));
#4396=DIRECTION('',(0.,0.,1.));
#4397=DIRECTION('center_axis',(0.,1.,0.));
#4398=DIRECTION('ref_axis',(0.,0.,1.));
#4399=DIRECTION('',(0.,0.,1.));
#4400=DIRECTION('center_axis',(1.,0.,0.));
#4401=DIRECTION('ref_axis',(0.,0.,-1.));
#4402=DIRECTION('',(0.,0.,1.));
#4403=DIRECTION('center_axis',(0.,1.,0.));
#4404=DIRECTION('ref_axis',(0.,0.,1.));
#4405=DIRECTION('center_axis',(0.,1.,0.));
#4406=DIRECTION('ref_axis',(0.,0.,1.));
#4407=DIRECTION('',(0.,0.,-1.));
#4408=DIRECTION('',(0.,0.,1.));
#4409=DIRECTION('center_axis',(1.,0.,0.));
#4410=DIRECTION('ref_axis',(0.,0.,-1.));
#4411=DIRECTION('',(0.,0.,1.));
#4412=DIRECTION('center_axis',(0.,1.,0.));
#4413=DIRECTION('ref_axis',(0.,0.,1.));
#4414=DIRECTION('',(0.,0.,1.));
#4415=DIRECTION('center_axis',(1.,0.,0.));
#4416=DIRECTION('ref_axis',(0.,0.,-1.));
#4417=DIRECTION('center_axis',(0.,1.,0.));
#4418=DIRECTION('ref_axis',(0.,0.,1.));
#4419=DIRECTION('',(0.,0.,-1.));
#4420=DIRECTION('',(0.,0.,1.));
#4421=DIRECTION('center_axis',(1.,0.,0.));
#4422=DIRECTION('ref_axis',(0.,0.,-1.));
#4423=DIRECTION('',(0.,0.,1.));
#4424=DIRECTION('center_axis',(0.,1.,0.));
#4425=DIRECTION('ref_axis',(0.,0.,1.));
#4426=DIRECTION('',(0.,0.,1.));
#4427=DIRECTION('center_axis',(1.,0.,0.));
#4428=DIRECTION('ref_axis',(0.,0.,-1.));
#4429=DIRECTION('center_axis',(1.,0.,0.));
#4430=DIRECTION('ref_axis',(0.,0.,-1.));
#4431=DIRECTION('',(0.,0.,-1.));
#4432=DIRECTION('',(0.,0.,1.));
#4433=DIRECTION('center_axis',(0.,1.,0.));
#4434=DIRECTION('ref_axis',(0.,0.,1.));
#4435=DIRECTION('',(0.,0.,1.));
#4436=DIRECTION('center_axis',(1.,0.,0.));
#4437=DIRECTION('ref_axis',(0.,0.,-1.));
#4438=DIRECTION('',(0.,0.,1.));
#4439=DIRECTION('center_axis',(0.,1.,0.));
#4440=DIRECTION('ref_axis',(0.,0.,1.));
#4441=DIRECTION('center_axis',(0.,1.,0.));
#4442=DIRECTION('ref_axis',(0.,0.,1.));
#4443=DIRECTION('',(0.,0.,-1.));
#4444=DIRECTION('',(0.,0.,1.));
#4445=DIRECTION('center_axis',(1.,0.,0.));
#4446=DIRECTION('ref_axis',(0.,0.,-1.));
#4447=DIRECTION('',(0.,0.,1.));
#4448=DIRECTION('center_axis',(0.,1.,0.));
#4449=DIRECTION('ref_axis',(0.,0.,1.));
#4450=DIRECTION('',(0.,0.,1.));
#4451=DIRECTION('center_axis',(1.,0.,0.));
#4452=DIRECTION('ref_axis',(0.,0.,-1.));
#4453=DIRECTION('center_axis',(0.,1.,0.));
#4454=DIRECTION('ref_axis',(0.,0.,1.));
#4455=DIRECTION('',(0.,0.,-1.));
#4456=DIRECTION('',(0.,0.,1.));
#4457=DIRECTION('center_axis',(1.,0.,0.));
#4458=DIRECTION('ref_axis',(0.,0.,-1.));
#4459=DIRECTION('',(0.,0.,1.));
#4460=DIRECTION('center_axis',(0.,1.,0.));
#4461=DIRECTION('ref_axis',(0.,0.,1.));
#4462=DIRECTION('',(0.,0.,1.));
#4463=DIRECTION('center_axis',(1.,0.,0.));
#4464=DIRECTION('ref_axis',(0.,0.,-1.));
#4465=DIRECTION('center_axis',(0.500000718970503,0.866024988686227,0.));
#4466=DIRECTION('ref_axis',(0.,0.,-1.));
#4467=DIRECTION('',(0.,0.,1.));
#4468=DIRECTION('center_axis',(-0.866025026200712,0.500000653993628,0.));
#4469=DIRECTION('ref_axis',(0.,0.,1.));
#4470=DIRECTION('',(0.,0.,1.));
#4471=DIRECTION('center_axis',(0.500000360141757,0.866025195856399,0.));
#4472=DIRECTION('ref_axis',(0.,0.,-1.));
#4473=DIRECTION('center_axis',(-0.866024982210477,0.50000073018681,0.));
#4474=DIRECTION('ref_axis',(0.,0.,1.));
#4475=DIRECTION('center_axis',(1.,0.,0.));
#4476=DIRECTION('ref_axis',(0.,0.,-1.));
#4477=DIRECTION('',(0.,0.,-1.));
#4478=DIRECTION('',(0.,0.,1.));
#4479=DIRECTION('center_axis',(0.,1.,0.));
#4480=DIRECTION('ref_axis',(0.,0.,1.));
#4481=DIRECTION('',(0.,0.,1.));
#4482=DIRECTION('center_axis',(1.,0.,0.));
#4483=DIRECTION('ref_axis',(0.,0.,-1.));
#4484=DIRECTION('',(0.,0.,1.));
#4485=DIRECTION('center_axis',(0.,1.,0.));
#4486=DIRECTION('ref_axis',(0.,0.,1.));
#4487=DIRECTION('center_axis',(0.,1.,0.));
#4488=DIRECTION('ref_axis',(0.,0.,1.));
#4489=DIRECTION('',(0.,0.,-1.));
#4490=DIRECTION('',(0.,0.,1.));
#4491=DIRECTION('center_axis',(1.,0.,0.));
#4492=DIRECTION('ref_axis',(0.,0.,-1.));
#4493=DIRECTION('',(0.,0.,1.));
#4494=DIRECTION('center_axis',(0.,1.,0.));
#4495=DIRECTION('ref_axis',(0.,0.,1.));
#4496=DIRECTION('',(0.,0.,1.));
#4497=DIRECTION('center_axis',(1.,0.,0.));
#4498=DIRECTION('ref_axis',(0.,0.,-1.));
#4499=DIRECTION('center_axis',(0.,1.,0.));
#4500=DIRECTION('ref_axis',(0.,0.,1.));
#4501=DIRECTION('',(0.,0.,-1.));
#4502=DIRECTION('',(0.,0.,1.));
#4503=DIRECTION('center_axis',(1.,0.,0.));
#4504=DIRECTION('ref_axis',(0.,0.,-1.));
#4505=DIRECTION('',(0.,0.,1.));
#4506=DIRECTION('center_axis',(0.,1.,0.));
#4507=DIRECTION('ref_axis',(0.,0.,1.));
#4508=DIRECTION('',(0.,0.,1.));
#4509=DIRECTION('center_axis',(1.,0.,0.));
#4510=DIRECTION('ref_axis',(0.,0.,-1.));
#4511=DIRECTION('center_axis',(1.,0.,0.));
#4512=DIRECTION('ref_axis',(0.,0.,-1.));
#4513=DIRECTION('',(0.,0.,-1.));
#4514=DIRECTION('',(0.,0.,1.));
#4515=DIRECTION('center_axis',(0.,1.,0.));
#4516=DIRECTION('ref_axis',(0.,0.,1.));
#4517=DIRECTION('',(0.,0.,1.));
#4518=DIRECTION('center_axis',(1.,0.,0.));
#4519=DIRECTION('ref_axis',(0.,0.,-1.));
#4520=DIRECTION('',(0.,0.,1.));
#4521=DIRECTION('center_axis',(0.,1.,0.));
#4522=DIRECTION('ref_axis',(0.,0.,1.));
#4523=DIRECTION('center_axis',(1.,0.,0.));
#4524=DIRECTION('ref_axis',(0.,0.,-1.));
#4525=DIRECTION('',(0.,0.,-1.));
#4526=DIRECTION('',(0.,0.,1.));
#4527=DIRECTION('center_axis',(0.,1.,0.));
#4528=DIRECTION('ref_axis',(0.,0.,1.));
#4529=DIRECTION('',(0.,0.,1.));
#4530=DIRECTION('center_axis',(1.,0.,0.));
#4531=DIRECTION('ref_axis',(0.,0.,-1.));
#4532=DIRECTION('',(0.,0.,1.));
#4533=DIRECTION('center_axis',(0.,1.,0.));
#4534=DIRECTION('ref_axis',(0.,0.,1.));
#4535=CARTESIAN_POINT('',(0.,0.,0.));
#4536=CARTESIAN_POINT('Origin',(-195.511834335327,97.6289717254639,15.5000007152557));
#4537=CARTESIAN_POINT('',(-195.511834335327,83.628966003418,13.9999997615814));
#4538=CARTESIAN_POINT('',(-195.511834335327,97.6289717254639,13.9999997615814));
#4539=CARTESIAN_POINT('',(-195.511834335327,84.3871005511582,13.9999997615814));
#4540=CARTESIAN_POINT('',(-195.511834335327,83.628966003418,15.5000007152557));
#4541=CARTESIAN_POINT('',(-195.511834335327,83.628966003418,15.5000007152557));
#4542=CARTESIAN_POINT('',(-195.511834335327,97.6289717254639,15.5000007152557));
#4543=CARTESIAN_POINT('',(-195.511834335327,84.3871005511582,15.5000007152557));
#4544=CARTESIAN_POINT('',(-195.511834335327,97.6289717254639,15.5000007152557));
#4545=CARTESIAN_POINT('Origin',(-195.511834335327,59.5289717254639,15.5000007152557));
#4546=CARTESIAN_POINT('',(-195.511834335327,45.528966003418,13.9999997615814));
#4547=CARTESIAN_POINT('',(-195.511834335327,59.5289717254639,13.9999997615814));
#4548=CARTESIAN_POINT('',(-195.511834335327,65.3371005511582,13.9999997615814));
#4549=CARTESIAN_POINT('',(-195.511834335327,45.528966003418,15.5000007152557));
#4550=CARTESIAN_POINT('',(-195.511834335327,45.528966003418,15.5000007152557));
#4551=CARTESIAN_POINT('',(-195.511834335327,59.5289717254639,15.5000007152557));
#4552=CARTESIAN_POINT('',(-195.511834335327,65.3371005511582,15.5000007152557));
#4553=CARTESIAN_POINT('',(-195.511834335327,59.5289717254639,15.5000007152557));
#4554=CARTESIAN_POINT('Origin',(-195.511834335327,78.5789717254639,15.5000007152557));
#4555=CARTESIAN_POINT('',(-195.511834335327,64.578966003418,13.9999997615814));
#4556=CARTESIAN_POINT('',(-195.511834335327,78.5789717254639,13.9999997615814));
#4557=CARTESIAN_POINT('',(-195.511834335327,74.8621005511582,13.9999997615814));
#4558=CARTESIAN_POINT('',(-195.511834335327,64.578966003418,15.5000007152557));
#4559=CARTESIAN_POINT('',(-195.511834335327,64.578966003418,15.5000007152557));
#4560=CARTESIAN_POINT('',(-195.511834335327,78.5789717254639,15.5000007152557));
#4561=CARTESIAN_POINT('',(-195.511834335327,74.8621005511582,15.5000007152557));
#4562=CARTESIAN_POINT('',(-195.511834335327,78.5789717254639,15.5000007152557));
#4563=CARTESIAN_POINT('Origin',(-176.461831188202,93.013466003418,15.5000007152557));
#4564=CARTESIAN_POINT('',(-190.661834335327,93.013466003418,13.9999997615814));
#4565=CARTESIAN_POINT('',(-176.461831188202,93.013466003418,13.9999997615814));
#4566=CARTESIAN_POINT('',(-149.392301563697,93.0134660034179,13.9999997615814));
#4567=CARTESIAN_POINT('',(-190.661834335327,93.013466003418,15.5000007152557));
#4568=CARTESIAN_POINT('',(-190.661834335327,93.013466003418,15.5000007152557));
#4569=CARTESIAN_POINT('',(-176.461831188202,93.013466003418,15.5000007152557));
#4570=CARTESIAN_POINT('',(-149.392301563697,93.0134660034179,15.5000007152557));
#4571=CARTESIAN_POINT('',(-176.461831188202,93.013466003418,15.5000007152557));
#4572=CARTESIAN_POINT('Origin',(-176.461831188202,107.013471725464,15.5000007152557));
#4573=CARTESIAN_POINT('',(-176.461831188202,107.013471725464,13.9999997615814));
#4574=CARTESIAN_POINT('',(-176.461831188202,89.0793505511582,13.9999997615814));
#4575=CARTESIAN_POINT('',(-176.461831188202,107.013471725464,15.5000007152557));
#4576=CARTESIAN_POINT('',(-176.461831188202,89.0793505511582,15.5000007152557));
#4577=CARTESIAN_POINT('',(-176.461831188202,107.013471725464,15.5000007152557));
#4578=CARTESIAN_POINT('Origin',(-190.661834335327,107.013471725464,15.5000007152557));
#4579=CARTESIAN_POINT('',(-190.661834335327,107.013471725464,13.9999997615814));
#4580=CARTESIAN_POINT('',(-156.492303137259,107.013471725464,13.9999997615814));
#4581=CARTESIAN_POINT('',(-190.661834335327,107.013471725464,15.5000007152557));
#4582=CARTESIAN_POINT('',(-156.492303137259,107.013471725464,15.5000007152557));
#4583=CARTESIAN_POINT('',(-190.661834335327,107.013471725464,15.5000007152557));
#4584=CARTESIAN_POINT('Origin',(-190.661834335327,93.013466003418,15.5000007152557));
#4585=CARTESIAN_POINT('',(-190.661834335327,82.0793476901352,13.9999997615814));
#4586=CARTESIAN_POINT('',(-190.661834335327,82.0793476901352,15.5000007152557));
#4587=CARTESIAN_POINT('Origin',(-176.461831188202,54.913466003418,15.5000007152557));
#4588=CARTESIAN_POINT('',(-190.661834335327,54.913466003418,13.9999997615814));
#4589=CARTESIAN_POINT('',(-176.461831188202,54.913466003418,13.9999997615814));
#4590=CARTESIAN_POINT('',(-149.392301563697,54.913466003418,13.9999997615814));
#4591=CARTESIAN_POINT('',(-190.661834335327,54.913466003418,15.5000007152557));
#4592=CARTESIAN_POINT('',(-190.661834335327,54.913466003418,15.5000007152557));
#4593=CARTESIAN_POINT('',(-176.461831188202,54.913466003418,15.5000007152557));
#4594=CARTESIAN_POINT('',(-149.392301563697,54.913466003418,15.5000007152557));
#4595=CARTESIAN_POINT('',(-176.461831188202,54.913466003418,15.5000007152557));
#4596=CARTESIAN_POINT('Origin',(-176.461831188202,68.9134717254639,15.5000007152557));
#4597=CARTESIAN_POINT('',(-176.461831188202,68.9134717254639,13.9999997615814));
#4598=CARTESIAN_POINT('',(-176.461831188202,70.0293505511582,13.9999997615814));
#4599=CARTESIAN_POINT('',(-176.461831188202,68.9134717254639,15.5000007152557));
#4600=CARTESIAN_POINT('',(-176.461831188202,70.0293505511582,15.5000007152557));
#4601=CARTESIAN_POINT('',(-176.461831188202,68.9134717254639,15.5000007152557));
#4602=CARTESIAN_POINT('Origin',(-190.661834335327,68.9134717254639,15.5000007152557));
#4603=CARTESIAN_POINT('',(-190.661834335327,68.9134717254639,13.9999997615814));
#4604=CARTESIAN_POINT('',(-156.492303137259,68.9134717254639,13.9999997615814));
#4605=CARTESIAN_POINT('',(-190.661834335327,68.9134717254639,15.5000007152557));
#4606=CARTESIAN_POINT('',(-156.492303137259,68.9134717254639,15.5000007152557));
#4607=CARTESIAN_POINT('',(-190.661834335327,68.9134717254639,15.5000007152557));
#4608=CARTESIAN_POINT('Origin',(-190.661834335327,54.913466003418,15.5000007152557));
#4609=CARTESIAN_POINT('',(-190.661834335327,63.0293476901352,13.9999997615814));
#4610=CARTESIAN_POINT('',(-190.661834335327,63.0293476901352,15.5000007152557));
#4611=CARTESIAN_POINT('Origin',(-176.461831188202,35.863466003418,15.5000007152557));
#4612=CARTESIAN_POINT('',(-190.661834335327,35.863466003418,13.9999997615814));
#4613=CARTESIAN_POINT('',(-176.461831188202,35.863466003418,13.9999997615814));
#4614=CARTESIAN_POINT('',(-149.392301563697,35.863466003418,13.9999997615814));
#4615=CARTESIAN_POINT('',(-190.661834335327,35.863466003418,15.5000007152557));
#4616=CARTESIAN_POINT('',(-190.661834335327,35.863466003418,15.5000007152557));
#4617=CARTESIAN_POINT('',(-176.461831188202,35.863466003418,15.5000007152557));
#4618=CARTESIAN_POINT('',(-149.392301563697,35.863466003418,15.5000007152557));
#4619=CARTESIAN_POINT('',(-176.461831188202,35.863466003418,15.5000007152557));
#4620=CARTESIAN_POINT('Origin',(-176.461831188202,49.8634717254639,15.5000007152557));
#4621=CARTESIAN_POINT('',(-176.461831188202,49.8634717254639,13.9999997615814));
#4622=CARTESIAN_POINT('',(-176.461831188202,60.5043505511582,13.9999997615814));
#4623=CARTESIAN_POINT('',(-176.461831188202,49.8634717254639,15.5000007152557));
#4624=CARTESIAN_POINT('',(-176.461831188202,60.5043505511582,15.5000007152557));
#4625=CARTESIAN_POINT('',(-176.461831188202,49.8634717254639,15.5000007152557));
#4626=CARTESIAN_POINT('Origin',(-190.661834335327,49.8634717254639,15.5000007152557));
#4627=CARTESIAN_POINT('',(-190.661834335327,49.8634717254639,13.9999997615814));
#4628=CARTESIAN_POINT('',(-156.492303137259,49.8634717254638,13.9999997615814));
#4629=CARTESIAN_POINT('',(-190.661834335327,49.8634717254639,15.5000007152557));
#4630=CARTESIAN_POINT('',(-156.492303137259,49.8634717254638,15.5000007152557));
#4631=CARTESIAN_POINT('',(-190.661834335327,49.8634717254639,15.5000007152557));
#4632=CARTESIAN_POINT('Origin',(-190.661834335327,35.863466003418,15.5000007152557));
#4633=CARTESIAN_POINT('',(-190.661834335327,53.5043476901352,13.9999997615814));
#4634=CARTESIAN_POINT('',(-190.661834335327,53.5043476901352,15.5000007152557));
#4635=CARTESIAN_POINT('Origin',(-176.461831188202,73.963466003418,15.5000007152557));
#4636=CARTESIAN_POINT('',(-190.661834335327,73.963466003418,13.9999997615814));
#4637=CARTESIAN_POINT('',(-176.461831188202,73.963466003418,13.9999997615814));
#4638=CARTESIAN_POINT('',(-149.392301563697,73.963466003418,13.9999997615814));
#4639=CARTESIAN_POINT('',(-190.661834335327,73.963466003418,15.5000007152557));
#4640=CARTESIAN_POINT('',(-190.661834335327,73.963466003418,15.5000007152557));
#4641=CARTESIAN_POINT('',(-176.461831188202,73.963466003418,15.5000007152557));
#4642=CARTESIAN_POINT('',(-149.392301563697,73.963466003418,15.5000007152557));
#4643=CARTESIAN_POINT('',(-176.461831188202,73.963466003418,15.5000007152557));
#4644=CARTESIAN_POINT('Origin',(-176.461831188202,87.9634717254638,15.5000007152557));
#4645=CARTESIAN_POINT('',(-176.461831188202,87.9634717254638,13.9999997615814));
#4646=CARTESIAN_POINT('',(-176.461831188202,79.5543505511582,13.9999997615814));
#4647=CARTESIAN_POINT('',(-176.461831188202,87.9634717254638,15.5000007152557));
#4648=CARTESIAN_POINT('',(-176.461831188202,79.5543505511582,15.5000007152557));
#4649=CARTESIAN_POINT('',(-176.461831188202,87.9634717254638,15.5000007152557));
#4650=CARTESIAN_POINT('Origin',(-190.661834335327,87.9634717254638,15.5000007152557));
#4651=CARTESIAN_POINT('',(-190.661834335327,87.9634717254638,13.9999997615814));
#4652=CARTESIAN_POINT('',(-156.492303137259,87.9634717254638,13.9999997615814));
#4653=CARTESIAN_POINT('',(-190.661834335327,87.9634717254638,15.5000007152557));
#4654=CARTESIAN_POINT('',(-156.492303137259,87.9634717254638,15.5000007152557));
#4655=CARTESIAN_POINT('',(-190.661834335327,87.9634717254638,15.5000007152557));
#4656=CARTESIAN_POINT('Origin',(-190.661834335327,73.963466003418,15.5000007152557));
#4657=CARTESIAN_POINT('',(-190.661834335327,72.5543476901352,13.9999997615814));
#4658=CARTESIAN_POINT('',(-190.661834335327,72.5543476901352,15.5000007152557));
#4659=CARTESIAN_POINT('Origin',(-154.947845102891,125.641717147805,15.5000007152557));
#4660=CARTESIAN_POINT('',(-155.650099015566,127.51437286689,13.9999997615814));
#4661=CARTESIAN_POINT('',(-154.947845102891,127.641717147827,13.9999997615814));
#4662=CARTESIAN_POINT('Origin',(-154.947845102891,125.641717147805,13.9999997615814));
#4663=CARTESIAN_POINT('',(-155.650099015566,127.51437286689,15.5000007152557));
#4664=CARTESIAN_POINT('',(-155.650099015566,127.51437286689,15.5000007152557));
#4665=CARTESIAN_POINT('',(-154.947845102891,127.641717147827,15.5000007152557));
#4666=CARTESIAN_POINT('Origin',(-154.947845102891,125.641717147805,15.5000007152557));
#4667=CARTESIAN_POINT('',(-154.947845102891,127.641717147827,15.5000007152557));
#4668=CARTESIAN_POINT('Origin',(-122.322771939191,71.1452293768525,15.5000007152557));
#4669=CARTESIAN_POINT('',(-87.2593465321958,127.641717147827,15.5000007152557));
#4670=CARTESIAN_POINT('',(-105.738995931821,127.641717147827,15.5000007152557));
#4671=CARTESIAN_POINT('',(-214.614091395123,105.402623262551,15.5000007152557));
#4672=CARTESIAN_POINT('',(-150.307141163188,129.518004938101,15.5000007152557));
#4673=CARTESIAN_POINT('',(-215.911837482452,103.529967543491,15.5000007152557));
#4674=CARTESIAN_POINT('Origin',(-213.911837482457,103.529967543491,15.5000007152557));
#4675=CARTESIAN_POINT('',(-215.911837482452,22.278966003418,15.5000007152557));
#4676=CARTESIAN_POINT('',(-215.911837482452,103.529967543491,15.5000007152557));
#4677=CARTESIAN_POINT('',(-213.911837482452,20.278966003418,15.5000007152557));
#4678=CARTESIAN_POINT('Origin',(-213.911837482452,22.278966003418,15.5000007152557));
#4679=CARTESIAN_POINT('',(-183.999863345053,20.278966003418,15.5000007152557));
#4680=CARTESIAN_POINT('',(-213.911837482452,20.278966003418,15.5000007152557));
#4681=CARTESIAN_POINT('',(-143.966342268586,33.277451738478,15.5000007152557));
#4682=CARTESIAN_POINT('',(-183.999863345053,20.278966003418,15.5000007152557));
#4683=CARTESIAN_POINT('',(-130.878148078918,23.7662448409854,15.5000007152557));
#4684=CARTESIAN_POINT('Origin',(-140.878148078919,23.7662448409854,15.5000007152557));
#4685=CARTESIAN_POINT('',(-130.878148078918,18.9882409572601,15.5000007152557));
#4686=CARTESIAN_POINT('',(-130.878148078918,48.2244166918099,15.5000007152557));
#4687=CARTESIAN_POINT('',(-96.3133210790785,12.9992772748441,15.5000007125157));
#4688=CARTESIAN_POINT('Ctrl Pts',(-96.3132667541504,12.9994773864746,15.5000007152557));
#4689=CARTESIAN_POINT('Ctrl Pts',(-97.8135091497247,13.4079672614797,15.5000007152557));
#4690=CARTESIAN_POINT('Ctrl Pts',(-100.780260465911,14.1290982323454,15.5000007152557));
#4691=CARTESIAN_POINT('Ctrl Pts',(-105.203999776512,14.9815470011759,15.5000007152557));
#4692=CARTESIAN_POINT('Ctrl Pts',(-109.517607427451,15.6425218408185,15.5000007152557));
#4693=CARTESIAN_POINT('Ctrl Pts',(-113.735732447131,16.1723997562854,15.5000007152557));
#4694=CARTESIAN_POINT('Ctrl Pts',(-118.151836473585,16.6678279224333,15.5000007152557));
#4695=CARTESIAN_POINT('Ctrl Pts',(-122.800579573231,17.1739499067035,15.5000007152557));
#4696=CARTESIAN_POINT('Ctrl Pts',(-126.911148621418,17.7559293195993,15.5000007152558));
#4697=CARTESIAN_POINT('Ctrl Pts',(-129.423060416195,18.0962154451447,15.5000007152557));
#4698=CARTESIAN_POINT('Ctrl Pts',(-130.326153598468,18.2626114043355,15.5000007152557));
#4699=CARTESIAN_POINT('Ctrl Pts',(-130.415650361907,18.2931416516456,15.5000007152557));
#4700=CARTESIAN_POINT('Ctrl Pts',(-130.507439076695,18.3371563515619,15.5000007152557));
#4701=CARTESIAN_POINT('Ctrl Pts',(-130.59887029943,18.3986823749928,15.5000007152557));
#4702=CARTESIAN_POINT('Ctrl Pts',(-130.679827867775,18.4723136936536,15.5000007152557));
#4703=CARTESIAN_POINT('Ctrl Pts',(-130.748985161055,18.5572092761401,15.5000007152557));
#4704=CARTESIAN_POINT('Ctrl Pts',(-130.805032335847,18.652414016631,15.5000007152557));
#4705=CARTESIAN_POINT('Ctrl Pts',(-130.861462180811,18.7942230735726,15.5000007152557));
#4706=CARTESIAN_POINT('Ctrl Pts',(-130.878258061594,18.9099883070647,15.5000007152557));
#4707=CARTESIAN_POINT('Ctrl Pts',(-130.878148078918,18.9882409572601,15.5000007152557));
#4708=CARTESIAN_POINT('',(-84.3683073429356,8.74370492536663,15.5000007100287));
#4709=CARTESIAN_POINT('Origin',(-117.862598126377,-66.3797125343108,15.5000007048017));
#4710=CARTESIAN_POINT('',(-73.5351759712259,3.03146867595027,15.5000007152557));
#4711=CARTESIAN_POINT('Origin',(-128.096052738644,-87.2163044324387,15.5000007152557));
#4712=CARTESIAN_POINT('',(-72.4273777008057,3.39590668678283,15.5000007152557));
#4713=CARTESIAN_POINT('Origin',(-73.1851486878554,3.83340579207318,15.5000007152557));
#4714=CARTESIAN_POINT('',(-47.9987038121888,45.7076260218021,15.5000007152328));
#4715=CARTESIAN_POINT('',(-57.8889743255822,28.5771702426439,15.5000007152557));
#4716=CARTESIAN_POINT('',(-48.3707532162526,46.7974218378305,15.5000007152481));
#4717=CARTESIAN_POINT('Origin',(-48.8082217859518,46.0396640541889,15.5000007152097));
#4718=CARTESIAN_POINT('',(-68.6837020690548,60.1315675498562,15.4965533692072));
#4719=CARTESIAN_POINT('Ctrl Pts',(-68.738423048161,60.0549506628693,15.5000007152557));
#4720=CARTESIAN_POINT('Ctrl Pts',(-68.0334339301031,59.5500638078502,15.5000007152557));
#4721=CARTESIAN_POINT('Ctrl Pts',(-67.4573355783665,59.1024913646781,15.5000007152551));
#4722=CARTESIAN_POINT('Ctrl Pts',(-64.9154704557191,57.1032396632784,15.5000007152551));
#4723=CARTESIAN_POINT('Ctrl Pts',(-63.535169680528,56.020968521469,15.5000007152557));
#4724=CARTESIAN_POINT('Ctrl Pts',(-58.880769432902,52.8559981864928,15.5000007152557));
#4725=CARTESIAN_POINT('Ctrl Pts',(-56.3217976502566,51.4812275307159,15.5000007152557));
#4726=CARTESIAN_POINT('Ctrl Pts',(-51.0918775295339,48.4041316942532,15.5000007152557));
#4727=CARTESIAN_POINT('Ctrl Pts',(-50.2110581848483,47.8771184622024,15.5000007152559));
#4728=CARTESIAN_POINT('Ctrl Pts',(-49.0712172652478,47.2046715755154,15.5000007152559));
#4729=CARTESIAN_POINT('Ctrl Pts',(-48.7217094519036,46.9997991866618,15.5000007152557));
#4730=CARTESIAN_POINT('Ctrl Pts',(-48.3707523363501,46.7974233637443,15.5000007152557));
#4731=CARTESIAN_POINT('',(-75.0478076934814,71.5738391876221,15.5000007152557));
#4732=CARTESIAN_POINT('Origin',(-59.6690171819895,72.7469357531875,15.5000007152557));
#4733=CARTESIAN_POINT('',(-75.047807700951,120.9853453321,15.5000007152557));
#4734=CARTESIAN_POINT('',(-75.0478076934814,83.7124109454453,15.5000007152557));
#4735=CARTESIAN_POINT('',(-75.4405091412112,121.644464567281,15.5000007152548));
#4736=CARTESIAN_POINT('Origin',(-75.7853572491632,120.992680837854,15.5000007152557));
#4737=CARTESIAN_POINT('',(-79.0212330054206,123.541272552696,15.5000007152557));
#4738=CARTESIAN_POINT('Ctrl Pts',(-79.0212330054206,123.541272552696,15.5000007152557));
#4739=CARTESIAN_POINT('Ctrl Pts',(-78.3803509786699,123.22163551253,15.5000007152557));
#4740=CARTESIAN_POINT('Ctrl Pts',(-77.1811095060695,122.599453192403,15.5000007152557));
#4741=CARTESIAN_POINT('Ctrl Pts',(-76.0018372409351,121.940694529802,15.5000007152558));
#4742=CARTESIAN_POINT('Ctrl Pts',(-75.4404166368917,121.64464012751,15.5000007152557));
#4743=CARTESIAN_POINT('',(-86.3231785111198,127.409085088103,15.5000007152557));
#4744=CARTESIAN_POINT('',(-75.4404629356459,121.644552377029,15.5000007152557));
#4745=CARTESIAN_POINT('Origin',(-87.2593465321958,125.641717147827,15.5000007152557));
#4746=CARTESIAN_POINT('',(-209.711837482452,59.5289717254638,15.5000007152557));
#4747=CARTESIAN_POINT('',(-159.585146500057,59.5289717254639,15.5000007152557));
#4748=CARTESIAN_POINT('',(-209.711837482452,45.528966003418,15.5000007152557));
#4749=CARTESIAN_POINT('',(-158.917303137259,45.528966003418,15.5000007152557));
#4750=CARTESIAN_POINT('',(-209.711837482452,59.5289717254638,15.5000007152557));
#4751=CARTESIAN_POINT('',(-209.711837482452,78.5789717254638,15.5000007152557));
#4752=CARTESIAN_POINT('',(-159.58511449812,78.5789717254639,15.5000007152557));
#4753=CARTESIAN_POINT('',(-209.711837482452,64.578966003418,15.5000007152557));
#4754=CARTESIAN_POINT('',(-158.917303137259,64.578966003418,15.5000007152557));
#4755=CARTESIAN_POINT('',(-209.711837482452,78.5789717254638,15.5000007152557));
#4756=CARTESIAN_POINT('',(-209.711837482452,97.6289717254639,15.5000007152557));
#4757=CARTESIAN_POINT('',(-159.585082496183,97.6289717254639,15.5000007152557));
#4758=CARTESIAN_POINT('',(-209.711837482452,83.628966003418,15.5000007152557));
#4759=CARTESIAN_POINT('',(-158.917303137259,83.628966003418,15.5000007152557));
#4760=CARTESIAN_POINT('',(-209.711837482452,97.6289717254639,15.5000007152557));
#4761=CARTESIAN_POINT('',(-175.13683883139,59.5980072021528,15.5000007152557));
#4762=CARTESIAN_POINT('Origin',(-174.036839207014,59.5980103810615,15.5000007152557));
#4763=CARTESIAN_POINT('',(-175.136838894531,97.6979732513501,15.5000007152557));
#4764=CARTESIAN_POINT('Origin',(-174.036839207013,97.6979788144421,15.5000007152557));
#4765=CARTESIAN_POINT('',(-171.611831188202,57.147970199585,15.5000007152557));
#4766=CARTESIAN_POINT('',(-171.611831188202,43.1479692459106,15.5000007152557));
#4767=CARTESIAN_POINT('',(-171.611831188202,60.6465995498002,15.5000007152557));
#4768=CARTESIAN_POINT('',(-157.411828041077,57.147970199585,15.5000007152557));
#4769=CARTESIAN_POINT('',(-143.417300776915,57.147970199585,15.5000007152557));
#4770=CARTESIAN_POINT('',(-157.411828041077,43.1479692459106,15.5000007152557));
#4771=CARTESIAN_POINT('',(-157.411828041077,60.6465995498002,15.5000007152557));
#4772=CARTESIAN_POINT('',(-143.417300776915,43.1479692459106,15.5000007152557));
#4773=CARTESIAN_POINT('',(-171.611831188202,76.1979675292969,15.5000007152557));
#4774=CARTESIAN_POINT('',(-171.611831188202,62.1979665756226,15.5000007152557));
#4775=CARTESIAN_POINT('',(-171.611831188202,70.1715982146561,15.5000007152557));
#4776=CARTESIAN_POINT('',(-157.411828041077,76.1979675292969,15.5000007152557));
#4777=CARTESIAN_POINT('',(-143.417300776915,76.1979675292969,15.5000007152557));
#4778=CARTESIAN_POINT('',(-157.411828041077,62.1979665756226,15.5000007152557));
#4779=CARTESIAN_POINT('',(-157.411828041077,70.1715982146561,15.5000007152557));
#4780=CARTESIAN_POINT('',(-143.417300776915,62.1979665756226,15.5000007152557));
#4781=CARTESIAN_POINT('',(-171.611831188202,95.247974395752,15.5000007152557));
#4782=CARTESIAN_POINT('',(-171.611831188202,81.2479686737061,15.5000007152557));
#4783=CARTESIAN_POINT('',(-171.611831188202,79.6966004557908,15.5000007152557));
#4784=CARTESIAN_POINT('',(-157.411828041077,95.247974395752,15.5000007152557));
#4785=CARTESIAN_POINT('',(-143.417300776915,95.247974395752,15.5000007152557));
#4786=CARTESIAN_POINT('',(-157.411828041077,81.2479686737061,15.5000007152557));
#4787=CARTESIAN_POINT('',(-157.411828041077,79.6966004557908,15.5000007152557));
#4788=CARTESIAN_POINT('',(-143.417300776915,81.2479686737061,15.5000007152557));
#4789=CARTESIAN_POINT('',(-171.611831188202,114.297971725464,15.5000007152557));
#4790=CARTESIAN_POINT('',(-171.611831188202,100.297966003418,15.5000007152557));
#4791=CARTESIAN_POINT('',(-171.611831188202,89.2215991206467,15.5000007152557));
#4792=CARTESIAN_POINT('',(-157.411828041077,114.297971725464,15.5000007152557));
#4793=CARTESIAN_POINT('',(-143.417300776915,114.297971725464,15.5000007152557));
#4794=CARTESIAN_POINT('',(-157.411828041077,100.297966003418,15.5000007152557));
#4795=CARTESIAN_POINT('',(-157.411828041077,89.2215991206467,15.5000007152557));
#4796=CARTESIAN_POINT('',(-143.417300776915,100.297966003418,15.5000007152557));
#4797=CARTESIAN_POINT('',(-152.561831474304,61.9104719161987,15.5000007152557));
#4798=CARTESIAN_POINT('',(-152.561831474304,47.9104709625244,15.5000007152557));
#4799=CARTESIAN_POINT('',(-152.561831474304,63.027850408107,15.5000007152557));
#4800=CARTESIAN_POINT('',(-138.361830711365,61.9104719161987,15.5000007152557));
#4801=CARTESIAN_POINT('',(-133.892301516013,61.9104719161987,15.5000007152557));
#4802=CARTESIAN_POINT('',(-138.361830711365,47.9104709625244,15.5000007152557));
#4803=CARTESIAN_POINT('',(-138.361830711365,63.027850408107,15.5000007152557));
#4804=CARTESIAN_POINT('',(-133.892301516013,47.9104709625244,15.5000007152557));
#4805=CARTESIAN_POINT('',(-152.561831474304,80.9604740142822,15.5000007152557));
#4806=CARTESIAN_POINT('',(-152.561831474304,66.9604730606079,15.5000007152557));
#4807=CARTESIAN_POINT('',(-152.561831474304,72.5528514571488,15.5000007152557));
#4808=CARTESIAN_POINT('',(-138.361830711365,80.9604740142822,15.5000007152557));
#4809=CARTESIAN_POINT('',(-133.892301516013,80.9604740142822,15.5000007152557));
#4810=CARTESIAN_POINT('',(-138.361830711365,66.9604730606079,15.5000007152557));
#4811=CARTESIAN_POINT('',(-138.361830711365,72.5528514571488,15.5000007152557));
#4812=CARTESIAN_POINT('',(-133.892301516013,66.9604730606079,15.5000007152557));
#4813=CARTESIAN_POINT('',(-152.561831474304,100.010471343994,15.5000007152557));
#4814=CARTESIAN_POINT('',(-152.561831474304,86.0104656219482,15.5000007152557));
#4815=CARTESIAN_POINT('',(-152.561831474304,82.0778489299119,15.5000007152557));
#4816=CARTESIAN_POINT('',(-138.361830711365,100.010471343994,15.5000007152557));
#4817=CARTESIAN_POINT('',(-133.892301516013,100.010471343994,15.5000007152557));
#4818=CARTESIAN_POINT('',(-138.361830711365,86.0104656219482,15.5000007152557));
#4819=CARTESIAN_POINT('',(-138.361830711365,82.0778489299119,15.5000007152557));
#4820=CARTESIAN_POINT('',(-133.892301516013,86.0104656219482,15.5000007152557));
#4821=CARTESIAN_POINT('',(-152.561831474304,119.060468673706,15.5000007152557));
#4822=CARTESIAN_POINT('',(-152.561831474304,105.060472488403,15.5000007152557));
#4823=CARTESIAN_POINT('',(-152.561831474304,91.6028499789536,15.5000007152557));
#4824=CARTESIAN_POINT('',(-138.361830711365,119.060468673706,15.5000007152557));
#4825=CARTESIAN_POINT('',(-133.892301516013,119.060468673706,15.5000007152557));
#4826=CARTESIAN_POINT('',(-138.361830711365,105.060472488403,15.5000007152557));
#4827=CARTESIAN_POINT('',(-138.361830711365,91.6028499789536,15.5000007152557));
#4828=CARTESIAN_POINT('',(-133.892301516013,105.060472488403,15.5000007152557));
#4829=CARTESIAN_POINT('',(-133.511834144592,64.2917203903198,15.5000007152557));
#4830=CARTESIAN_POINT('',(-133.511834144592,50.2917194366455,15.5000007152557));
#4831=CARTESIAN_POINT('',(-133.511834144592,64.2184746451676,15.5000007152557));
#4832=CARTESIAN_POINT('',(-119.311828613281,64.2917203903198,15.5000007152557));
#4833=CARTESIAN_POINT('',(-124.367301659064,64.2917203903198,15.5000007152557));
#4834=CARTESIAN_POINT('',(-119.311828613281,50.2917194366455,15.5000007152557));
#4835=CARTESIAN_POINT('',(-119.311828613281,64.2184746451676,15.5000007152557));
#4836=CARTESIAN_POINT('',(-124.367301659064,50.2917194366455,15.5000007152557));
#4837=CARTESIAN_POINT('',(-133.511834144592,83.3417224884033,15.5000007152557));
#4838=CARTESIAN_POINT('',(-133.511834144592,69.341721534729,15.5000007152557));
#4839=CARTESIAN_POINT('',(-133.511834144592,73.7434756942093,15.5000007152557));
#4840=CARTESIAN_POINT('',(-119.311828613281,83.3417224884033,15.5000007152557));
#4841=CARTESIAN_POINT('',(-124.367301659064,83.3417224884033,15.5000007152557));
#4842=CARTESIAN_POINT('',(-119.311828613281,69.341721534729,15.5000007152557));
#4843=CARTESIAN_POINT('',(-119.311828613281,73.7434756942093,15.5000007152557));
#4844=CARTESIAN_POINT('',(-124.367301659064,69.341721534729,15.5000007152557));
#4845=CARTESIAN_POINT('',(-133.511834144592,102.391719818115,15.5000007152557));
#4846=CARTESIAN_POINT('',(-133.511834144592,88.3917140960693,15.5000007152557));
#4847=CARTESIAN_POINT('',(-133.511834144592,83.2684731669724,15.5000007152557));
#4848=CARTESIAN_POINT('',(-119.311828613281,102.391719818115,15.5000007152557));
#4849=CARTESIAN_POINT('',(-124.367301659064,102.391719818115,15.5000007152557));
#4850=CARTESIAN_POINT('',(-119.311828613281,88.3917140960693,15.5000007152557));
#4851=CARTESIAN_POINT('',(-119.311828613281,83.2684731669724,15.5000007152557));
#4852=CARTESIAN_POINT('',(-124.367301659064,88.3917140960693,15.5000007152557));
#4853=CARTESIAN_POINT('',(-133.511834144592,121.441717147827,15.5000007152557));
#4854=CARTESIAN_POINT('',(-133.511834144592,107.441720962524,15.5000007152557));
#4855=CARTESIAN_POINT('',(-133.511834144592,92.7934742160141,15.5000007152557));
#4856=CARTESIAN_POINT('',(-119.311828613281,121.441717147827,15.5000007152557));
#4857=CARTESIAN_POINT('',(-124.367301659064,121.441717147827,15.5000007152557));
#4858=CARTESIAN_POINT('',(-119.311828613281,107.441720962524,15.5000007152557));
#4859=CARTESIAN_POINT('',(-119.311828613281,92.7934742160141,15.5000007152557));
#4860=CARTESIAN_POINT('',(-124.367301659064,107.441720962524,15.5000007152557));
#4861=CARTESIAN_POINT('',(-123.986830711365,40.4792165756226,15.5000007152557));
#4862=CARTESIAN_POINT('',(-123.986830711365,26.4792203903198,15.5000007152557));
#4863=CARTESIAN_POINT('',(-123.986830711365,52.3122239299119,15.5000007152557));
#4864=CARTESIAN_POINT('',(-109.786834716797,40.4792165756226,15.5000007152557));
#4865=CARTESIAN_POINT('',(-119.604802326636,40.4792165756226,15.5000007152557));
#4866=CARTESIAN_POINT('',(-109.786834716797,26.4792203903198,15.5000007152557));
#4867=CARTESIAN_POINT('',(-109.786834716797,52.3122239299119,15.5000007152557));
#4868=CARTESIAN_POINT('',(-119.604802326636,26.4792203903198,15.5000007152557));
#4869=CARTESIAN_POINT('',(-114.461832046509,61.9104719161987,15.5000007152557));
#4870=CARTESIAN_POINT('',(-114.461832046509,47.9104709625244,15.5000007152557));
#4871=CARTESIAN_POINT('',(-114.461832046509,63.027850408107,15.5000007152557));
#4872=CARTESIAN_POINT('',(-100.261831283569,61.9104719161987,15.5000007152557));
#4873=CARTESIAN_POINT('',(-114.842301802115,61.9104719161987,15.5000007152557));
#4874=CARTESIAN_POINT('',(-100.261831283569,47.9104709625244,15.5000007152557));
#4875=CARTESIAN_POINT('',(-100.261831283569,63.027850408107,15.5000007152557));
#4876=CARTESIAN_POINT('',(-114.842301802115,47.9104709625244,15.5000007152557));
#4877=CARTESIAN_POINT('',(-114.461832046509,80.9604740142822,15.5000007152557));
#4878=CARTESIAN_POINT('',(-114.461832046509,66.9604730606079,15.5000007152557));
#4879=CARTESIAN_POINT('',(-114.461832046509,72.5528514571488,15.5000007152557));
#4880=CARTESIAN_POINT('',(-100.261831283569,80.9604740142822,15.5000007152557));
#4881=CARTESIAN_POINT('',(-114.842301802115,80.9604740142822,15.5000007152557));
#4882=CARTESIAN_POINT('',(-100.261831283569,66.9604730606079,15.5000007152557));
#4883=CARTESIAN_POINT('',(-100.261831283569,72.5528514571488,15.5000007152557));
#4884=CARTESIAN_POINT('',(-114.842301802115,66.9604730606079,15.5000007152557));
#4885=CARTESIAN_POINT('',(-114.461832046509,100.010471343994,15.5000007152557));
#4886=CARTESIAN_POINT('',(-114.461832046509,86.0104656219482,15.5000007152557));
#4887=CARTESIAN_POINT('',(-114.461832046509,82.0778489299119,15.5000007152557));
#4888=CARTESIAN_POINT('',(-100.261831283569,100.010471343994,15.5000007152557));
#4889=CARTESIAN_POINT('',(-114.842301802115,100.010471343994,15.5000007152557));
#4890=CARTESIAN_POINT('',(-100.261831283569,86.0104656219482,15.5000007152557));
#4891=CARTESIAN_POINT('',(-100.261831283569,82.0778489299119,15.5000007152557));
#4892=CARTESIAN_POINT('',(-114.842301802115,86.0104656219482,15.5000007152557));
#4893=CARTESIAN_POINT('',(-114.461832046509,119.060468673706,15.5000007152557));
#4894=CARTESIAN_POINT('',(-114.461832046509,105.060472488403,15.5000007152557));
#4895=CARTESIAN_POINT('',(-114.461832046509,91.6028499789536,15.5000007152557));
#4896=CARTESIAN_POINT('',(-100.261831283569,119.060468673706,15.5000007152557));
#4897=CARTESIAN_POINT('',(-114.842301802115,119.060468673706,15.5000007152557));
#4898=CARTESIAN_POINT('',(-100.261831283569,105.060472488403,15.5000007152557));
#4899=CARTESIAN_POINT('',(-100.261831283569,91.6028499789536,15.5000007152557));
#4900=CARTESIAN_POINT('',(-114.842301802115,105.060472488403,15.5000007152557));
#4901=CARTESIAN_POINT('',(-104.936828613281,38.0979704856873,15.5000007152557));
#4902=CARTESIAN_POINT('',(-104.936828613281,24.0979695320129,15.5000007152557));
#4903=CARTESIAN_POINT('',(-104.936828613281,51.1215996928513,15.5000007152557));
#4904=CARTESIAN_POINT('',(-90.7368278503418,38.0979704856873,15.5000007152557));
#4905=CARTESIAN_POINT('',(-110.079800085501,38.0979704856873,15.5000007152557));
#4906=CARTESIAN_POINT('',(-90.7368278503418,24.0979695320129,15.5000007152557));
#4907=CARTESIAN_POINT('',(-90.7368278503418,51.1215996928513,15.5000007152557));
#4908=CARTESIAN_POINT('',(-110.079800085501,24.0979695320129,15.5000007152557));
#4909=CARTESIAN_POINT('',(-98.936902345427,63.1698799133271,15.5000007152558));
#4910=CARTESIAN_POINT('Origin',(-97.836901744202,63.1698825494378,15.5000007152558));
#4911=CARTESIAN_POINT('',(-98.9369029349411,101.269855499274,15.5000007152558));
#4912=CARTESIAN_POINT('Origin',(-97.8369017442045,101.269851525623,15.5000007152558));
#4913=CARTESIAN_POINT('',(-95.4118347167969,59.5292234420776,15.5000007152557));
#4914=CARTESIAN_POINT('',(-95.4118347167969,45.5292224884033,15.5000007152557));
#4915=CARTESIAN_POINT('',(-95.4118347167969,61.8372261710465,15.5000007152557));
#4916=CARTESIAN_POINT('',(-81.2118244171143,59.5292234420776,15.5000007152557));
#4917=CARTESIAN_POINT('',(-105.317300753073,59.5292234420776,15.5000007152557));
#4918=CARTESIAN_POINT('',(-81.2118244171143,45.5292224884033,15.5000007152557));
#4919=CARTESIAN_POINT('',(-81.2118244171143,61.8372261710465,15.5000007152557));
#4920=CARTESIAN_POINT('',(-105.317300753073,45.5292224884033,15.5000007152557));
#4921=CARTESIAN_POINT('',(-95.4118347167969,78.579216003418,15.5000007152557));
#4922=CARTESIAN_POINT('',(-95.4118347167969,64.5792150497437,15.5000007152557));
#4923=CARTESIAN_POINT('',(-95.4118347167969,71.3622224517167,15.5000007152557));
#4924=CARTESIAN_POINT('',(-81.2118244171143,78.579216003418,15.5000007152557));
#4925=CARTESIAN_POINT('',(-105.317300753073,78.579216003418,15.5000007152557));
#4926=CARTESIAN_POINT('',(-81.2118244171143,64.5792150497437,15.5000007152557));
#4927=CARTESIAN_POINT('',(-81.2118244171143,71.3622224517167,15.5000007152557));
#4928=CARTESIAN_POINT('',(-105.317300753073,64.5792150497437,15.5000007152557));
#4929=CARTESIAN_POINT('',(-95.4118347167969,97.629222869873,15.5000007152557));
#4930=CARTESIAN_POINT('',(-95.4118347167969,83.6292171478271,15.5000007152557));
#4931=CARTESIAN_POINT('',(-95.4118347167969,80.8872246928513,15.5000007152557));
#4932=CARTESIAN_POINT('',(-81.2118244171143,97.629222869873,15.5000007152557));
#4933=CARTESIAN_POINT('',(-105.317300753073,97.629222869873,15.5000007152557));
#4934=CARTESIAN_POINT('',(-81.2118244171143,83.6292171478271,15.5000007152557));
#4935=CARTESIAN_POINT('',(-81.2118244171143,80.8872246928513,15.5000007152557));
#4936=CARTESIAN_POINT('',(-105.317300753073,83.6292171478271,15.5000007152557));
#4937=CARTESIAN_POINT('',(-95.4118347167969,116.679220199585,15.5000007152557));
#4938=CARTESIAN_POINT('',(-95.4118347167969,102.679224014282,15.5000007152557));
#4939=CARTESIAN_POINT('',(-95.4118347167969,90.4122257418931,15.5000007152557));
#4940=CARTESIAN_POINT('',(-81.2118244171143,116.679220199585,15.5000007152557));
#4941=CARTESIAN_POINT('',(-105.317300753073,116.679220199585,15.5000007152557));
#4942=CARTESIAN_POINT('',(-81.2118244171143,102.679224014282,15.5000007152557));
#4943=CARTESIAN_POINT('',(-81.2118244171143,90.4122257418931,15.5000007152557));
#4944=CARTESIAN_POINT('',(-105.317300753073,102.679224014282,15.5000007152557));
#4945=CARTESIAN_POINT('',(-87.1844863891602,22.2175312042236,15.5000007152557));
#4946=CARTESIAN_POINT('',(-83.6844825744629,28.2797050476074,15.5000007152557));
#4947=CARTESIAN_POINT('',(-80.1086159945135,34.4732768252641,15.5000007152557));
#4948=CARTESIAN_POINT('',(-81.9524383544922,27.2797083854675,15.5000007152557));
#4949=CARTESIAN_POINT('',(-107.021487072852,41.7533371487134,15.5000007152557));
#4950=CARTESIAN_POINT('',(-73.5144233703613,41.8947505950928,15.5000007152557));
#4951=CARTESIAN_POINT('',(-75.392067917045,38.6425811741966,15.5000007152557));
#4952=CARTESIAN_POINT('',(-75.2464771270752,42.8947448730469,15.5000007152557));
#4953=CARTESIAN_POINT('',(-98.5835263849115,56.36829650602,15.5000007152557));
#4954=CARTESIAN_POINT('',(-71.7464542388916,48.9569234848022,15.5000007152557));
#4955=CARTESIAN_POINT('',(-74.1396359207046,44.811837789931,15.5000007152557));
#4956=CARTESIAN_POINT('',(-70.0144195556641,47.956919670105,15.5000007152557));
#4957=CARTESIAN_POINT('',(-95.0833809137223,62.4306812127099,15.5000007152557));
#4958=CARTESIAN_POINT('',(-69.4209289550781,48.9848947525024,15.5000007152557));
#4959=CARTESIAN_POINT('',(-71.3840382746748,45.5846261339678,15.5000007152557));
#4960=CARTESIAN_POINT('',(-57.2965717315674,41.9848871231079,15.5000007152557));
#4961=CARTESIAN_POINT('',(-91.0258767312959,61.4585291463267,15.5000007152557));
#4962=CARTESIAN_POINT('',(-73.921594619751,13.1895530223846,15.5000007152557));
#4963=CARTESIAN_POINT('',(-63.267718944018,31.6425748084988,15.5000007152557));
#4964=CARTESIAN_POINT('',(-86.0459423065186,20.1895618438721,15.5000007152557));
#4965=CARTESIAN_POINT('',(-107.650889669454,32.6632079348179,15.5000007152557));
#4966=CARTESIAN_POINT('',(-85.4524421691895,21.2175345420837,15.5000007152557));
#4967=CARTESIAN_POINT('',(-79.3999449558628,31.700770349411,15.5000007152557));
#4968=CARTESIAN_POINT('',(-110.521489205629,35.6911623342724,15.5000007152557));
#4969=CARTESIAN_POINT('',(-81.9705112652407,36.3808417320256,15.5000007152558));
#4970=CARTESIAN_POINT('Origin',(-80.870510737099,36.3808411625971,15.5000007152558));
#4971=CARTESIAN_POINT('',(-195.511834335327,40.4789717254639,15.5000007152557));
#4972=CARTESIAN_POINT('',(-195.511834335327,26.478966003418,15.5000007152557));
#4973=CARTESIAN_POINT('',(-195.511834335327,55.8121005511582,15.5000007152557));
#4974=CARTESIAN_POINT('',(-209.711837482452,26.478966003418,15.5000007152557));
#4975=CARTESIAN_POINT('',(-209.711837482452,26.478966003418,15.5000007152557));
#4976=CARTESIAN_POINT('',(-209.711837482452,40.4789717254638,15.5000007152557));
#4977=CARTESIAN_POINT('',(-209.711837482452,40.4789717254638,15.5000007152557));
#4978=CARTESIAN_POINT('',(-159.585178501994,40.4789717254639,15.5000007152557));
#4979=CARTESIAN_POINT('Origin',(-86.3231785111198,127.409085088103,15.5000007152557));
#4980=CARTESIAN_POINT('',(-79.0212330054215,123.541272552697,13.9999997615814));
#4981=CARTESIAN_POINT('Ctrl Pts',(-79.0212330054209,123.541272552696,13.9999997615814));
#4982=CARTESIAN_POINT('Ctrl Pts',(-79.0212330054209,123.541272552696,14.2499999205271));
#4983=CARTESIAN_POINT('Ctrl Pts',(-79.0212330054209,123.541272552696,14.5000000794729));
#4984=CARTESIAN_POINT('Ctrl Pts',(-79.0212330054207,123.541272552696,15.0000003973643));
#4985=CARTESIAN_POINT('Ctrl Pts',(-79.0212330054209,123.541272552696,15.25000055631));
#4986=CARTESIAN_POINT('Ctrl Pts',(-79.021233005421,123.541272552696,15.5000007152557));
#4987=CARTESIAN_POINT('',(-86.3231785111198,127.409085088103,13.9999997615814));
#4988=CARTESIAN_POINT('',(-99.1415993734622,134.198953467262,13.9999997615814));
#4989=CARTESIAN_POINT('',(-86.3231785111198,127.409085088103,15.5000007152557));
#4990=CARTESIAN_POINT('Origin',(-87.2593465321958,125.641717147827,15.5000007152557));
#4991=CARTESIAN_POINT('',(-87.2593465321958,127.641717147827,13.9999997615814));
#4992=CARTESIAN_POINT('Origin',(-87.2593465321958,125.641717147827,13.9999997615814));
#4993=CARTESIAN_POINT('',(-87.2593465321958,127.641717147827,15.5000007152557));
#4994=CARTESIAN_POINT('Origin',(-89.1552199244515,127.641717147827,15.5000007152557));
#4995=CARTESIAN_POINT('',(-118.309984571092,127.641717147827,13.9999997615814));
#4996=CARTESIAN_POINT('Origin',(-196.847521060923,59.5289717254639,15.5000007152557));
#4997=CARTESIAN_POINT('',(-209.711837482452,59.5289717254638,13.9999997615814));
#4998=CARTESIAN_POINT('',(-209.711837482452,59.5289717254638,15.5000007152557));
#4999=CARTESIAN_POINT('',(-159.585146500057,59.5289717254639,13.9999997615814));
#5000=CARTESIAN_POINT('Origin',(-196.847457057049,78.5789717254639,15.5000007152557));
#5001=CARTESIAN_POINT('',(-209.711837482452,78.5789717254638,13.9999997615814));
#5002=CARTESIAN_POINT('',(-209.711837482452,78.5789717254638,15.5000007152557));
#5003=CARTESIAN_POINT('',(-159.58511449812,78.5789717254639,13.9999997615814));
#5004=CARTESIAN_POINT('Origin',(-196.847393053175,97.6289717254639,15.5000007152557));
#5005=CARTESIAN_POINT('',(-209.711837482452,97.6289717254639,13.9999997615814));
#5006=CARTESIAN_POINT('',(-209.711837482452,97.6289717254639,15.5000007152557));
#5007=CARTESIAN_POINT('',(-159.585082496183,97.6289717254639,13.9999997615814));
#5008=CARTESIAN_POINT('Origin',(-209.711837482452,45.528966003418,15.5000007152557));
#5009=CARTESIAN_POINT('',(-209.711837482452,45.528966003418,13.9999997615814));
#5010=CARTESIAN_POINT('',(-158.917303137259,45.528966003418,13.9999997615814));
#5011=CARTESIAN_POINT('',(-209.711837482452,45.528966003418,15.5000007152557));
#5012=CARTESIAN_POINT('Origin',(-209.711837482452,59.5289717254638,15.5000007152557));
#5013=CARTESIAN_POINT('',(-209.711837482452,66.7446566505432,13.9999997615814));
#5014=CARTESIAN_POINT('Origin',(-209.711837482452,64.578966003418,15.5000007152557));
#5015=CARTESIAN_POINT('',(-209.711837482452,64.578966003418,13.9999997615814));
#5016=CARTESIAN_POINT('',(-158.917303137259,64.578966003418,13.9999997615814));
#5017=CARTESIAN_POINT('',(-209.711837482452,64.578966003418,15.5000007152557));
#5018=CARTESIAN_POINT('Origin',(-209.711837482452,78.5789717254638,15.5000007152557));
#5019=CARTESIAN_POINT('',(-209.711837482452,76.2696566505432,13.9999997615814));
#5020=CARTESIAN_POINT('Origin',(-209.711837482452,83.628966003418,15.5000007152557));
#5021=CARTESIAN_POINT('',(-209.711837482452,83.628966003418,13.9999997615814));
#5022=CARTESIAN_POINT('',(-158.917303137259,83.628966003418,13.9999997615814));
#5023=CARTESIAN_POINT('',(-209.711837482452,83.628966003418,15.5000007152557));
#5024=CARTESIAN_POINT('Origin',(-209.711837482452,97.6289717254639,15.5000007152557));
#5025=CARTESIAN_POINT('',(-209.711837482452,85.7946566505432,13.9999997615814));
#5026=CARTESIAN_POINT('Origin',(-214.614091395123,105.402623262551,15.5000007152557));
#5027=CARTESIAN_POINT('',(-214.614091395123,105.402623262551,13.9999997615814));
#5028=CARTESIAN_POINT('',(-150.307141163188,129.518004938101,13.9999997615814));
#5029=CARTESIAN_POINT('',(-214.614091395123,105.402623262551,15.5000007152557));
#5030=CARTESIAN_POINT('Origin',(-213.911837482457,103.529967543491,15.5000007152557));
#5031=CARTESIAN_POINT('',(-215.911837482452,103.529967543491,13.9999997615814));
#5032=CARTESIAN_POINT('Origin',(-213.911837482457,103.529967543491,13.9999997615814));
#5033=CARTESIAN_POINT('',(-215.911837482452,103.529967543491,15.5000007152557));
#5034=CARTESIAN_POINT('Origin',(-215.911837482452,22.278966003418,15.5000007152557));
#5035=CARTESIAN_POINT('',(-215.911837482452,22.278966003418,13.9999997615814));
#5036=CARTESIAN_POINT('',(-215.911837482452,48.1196537895203,13.9999997615814));
#5037=CARTESIAN_POINT('',(-215.911837482452,22.278966003418,15.5000007152557));
#5038=CARTESIAN_POINT('Origin',(-213.911837482452,22.278966003418,15.5000007152557));
#5039=CARTESIAN_POINT('',(-213.911837482452,20.278966003418,13.9999997615814));
#5040=CARTESIAN_POINT('Origin',(-213.911837482452,22.278966003418,13.9999997615814));
#5041=CARTESIAN_POINT('',(-213.911837482452,20.278966003418,15.5000007152557));
#5042=CARTESIAN_POINT('Origin',(-183.999863345053,20.278966003418,15.5000007152557));
#5043=CARTESIAN_POINT('',(-183.999863345053,20.278966003418,13.9999997615814));
#5044=CARTESIAN_POINT('',(-165.732306281392,20.278966003418,13.9999997615814));
#5045=CARTESIAN_POINT('',(-183.999863345053,20.278966003418,15.5000007152557));
#5046=CARTESIAN_POINT('Origin',(-143.966342268586,33.277451738478,15.5000007152557));
#5047=CARTESIAN_POINT('',(-143.966342268586,33.277451738478,13.9999997615814));
#5048=CARTESIAN_POINT('',(-139.573943671922,34.7036198337694,13.9999997615814));
#5049=CARTESIAN_POINT('',(-143.966342268586,33.277451738478,15.5000007152557));
#5050=CARTESIAN_POINT('Origin',(-140.878148078919,23.7662448409854,15.5000007152557));
#5051=CARTESIAN_POINT('',(-130.878148078918,23.7662448409854,13.9999997615814));
#5052=CARTESIAN_POINT('Origin',(-140.878148078919,23.7662448409854,13.9999997615814));
#5053=CARTESIAN_POINT('',(-130.878148078918,23.7662448409854,15.5000007152557));
#5054=CARTESIAN_POINT('Origin',(-195.511834335327,26.478966003418,15.5000007152557));
#5055=CARTESIAN_POINT('',(-195.511834335327,26.478966003418,13.9999997615814));
#5056=CARTESIAN_POINT('',(-195.511834335327,40.4789717254639,13.9999997615814));
#5057=CARTESIAN_POINT('',(-195.511834335327,55.8121005511582,13.9999997615814));
#5058=CARTESIAN_POINT('',(-195.511834335327,26.478966003418,15.5000007152557));
#5059=CARTESIAN_POINT('',(-195.511834335327,40.4789717254639,15.5000007152557));
#5060=CARTESIAN_POINT('Origin',(-209.711837482452,26.478966003418,15.5000007152557));
#5061=CARTESIAN_POINT('',(-209.711837482452,26.478966003418,13.9999997615814));
#5062=CARTESIAN_POINT('',(-178.588293350092,26.478966003418,13.9999997615814));
#5063=CARTESIAN_POINT('',(-209.711837482452,26.478966003418,15.5000007152557));
#5064=CARTESIAN_POINT('Origin',(-209.711837482452,40.4789717254638,15.5000007152557));
#5065=CARTESIAN_POINT('',(-209.711837482452,40.4789717254638,13.9999997615814));
#5066=CARTESIAN_POINT('',(-209.711837482452,57.2196566505432,13.9999997615814));
#5067=CARTESIAN_POINT('',(-209.711837482452,40.4789717254638,15.5000007152557));
#5068=CARTESIAN_POINT('Origin',(-196.847585064797,40.4789717254639,15.5000007152557));
#5069=CARTESIAN_POINT('',(-159.585178501994,40.4789717254639,13.9999997615814));
#5070=CARTESIAN_POINT('Origin',(-122.322771939191,71.1452293768525,13.9999997615814));
#5071=CARTESIAN_POINT('',(-75.4405091343955,121.644464568658,13.9999997615809));
#5072=CARTESIAN_POINT('Ctrl Pts',(-79.0212330054215,123.541272552697,13.9999997615814));
#5073=CARTESIAN_POINT('Ctrl Pts',(-78.3803509786704,123.22163551253,13.9999997615814));
#5074=CARTESIAN_POINT('Ctrl Pts',(-77.1811095044752,122.599453191576,13.9999997615814));
#5075=CARTESIAN_POINT('Ctrl Pts',(-76.0018372378001,121.940694528051,13.9999997615814));
#5076=CARTESIAN_POINT('Ctrl Pts',(-75.440416632126,121.644640124997,13.9999997615814));
#5077=CARTESIAN_POINT('',(-75.0478076892425,120.985345840404,13.9999997615814));
#5078=CARTESIAN_POINT('Origin',(-75.7853572402975,120.992680843122,13.9999997615814));
#5079=CARTESIAN_POINT('',(-75.0478076934814,71.5738391876221,13.9999997615814));
#5080=CARTESIAN_POINT('',(-75.0478076934814,83.7124109454453,13.9999997615814));
#5081=CARTESIAN_POINT('',(-73.1763247325007,65.1338264964961,13.9999997615814));
#5082=CARTESIAN_POINT('Origin',(-59.6690171819895,72.7469357531875,13.9999997615814));
#5083=CARTESIAN_POINT('',(-68.6837020690549,60.1315675498561,14.0034471076314));
#5084=CARTESIAN_POINT('Origin',(-59.6690171819895,72.7469357531875,13.9999997615814));
#5085=CARTESIAN_POINT('',(-48.3707532162532,46.7974218378303,13.9999997615814));
#5086=CARTESIAN_POINT('Ctrl Pts',(-68.7384230481611,60.0549506628693,13.9999997615814));
#5087=CARTESIAN_POINT('Ctrl Pts',(-68.3536024433099,59.7793565296363,13.9999997615814));
#5088=CARTESIAN_POINT('Ctrl Pts',(-68.1440339118564,59.6203716655077,13.9999997615814));
#5089=CARTESIAN_POINT('Ctrl Pts',(-66.4581565178929,58.3451732241524,13.9999997615814));
#5090=CARTESIAN_POINT('Ctrl Pts',(-64.922745228877,57.0570564837769,13.9999997615814));
#5091=CARTESIAN_POINT('Ctrl Pts',(-59.5699966641009,53.2261912808519,13.9999997615814));
#5092=CARTESIAN_POINT('Ctrl Pts',(-56.8571157330797,51.7978282589347,13.9999997615814));
#5093=CARTESIAN_POINT('Ctrl Pts',(-50.8533866554819,48.2633696591229,13.9999997615814));
#5094=CARTESIAN_POINT('Ctrl Pts',(-49.6195459111237,47.517527376881,13.9999997615814));
#5095=CARTESIAN_POINT('Ctrl Pts',(-48.3707523363505,46.7974233637444,13.9999997615814));
#5096=CARTESIAN_POINT('',(-47.9987038121891,45.7076260218022,13.9999997615661));
#5097=CARTESIAN_POINT('Origin',(-48.8082217859528,46.0396640541886,13.9999997615354));
#5098=CARTESIAN_POINT('',(-72.4273777008057,3.39590668678283,13.9999997615814));
#5099=CARTESIAN_POINT('',(-57.8889743255822,28.5771702426439,13.9999997615814));
#5100=CARTESIAN_POINT('',(-73.5351760818707,3.03146866275258,13.9999997615814));
#5101=CARTESIAN_POINT('Origin',(-73.1851486878554,3.83340579207318,13.9999997615814));
#5102=CARTESIAN_POINT('',(-84.3683073810637,8.74370484246925,13.9999997615814));
#5103=CARTESIAN_POINT('Origin',(-128.096052863567,-87.2163045761534,13.9999997615814));
#5104=CARTESIAN_POINT('',(-96.313321079137,12.9992772749117,13.9999997643214));
#5105=CARTESIAN_POINT('Origin',(-117.862598126412,-66.3797125341979,13.9999997511274));
#5106=CARTESIAN_POINT('',(-130.878148078918,18.9882409572601,13.9999997615814));
#5107=CARTESIAN_POINT('Ctrl Pts',(-96.3132667541504,12.9994773864746,13.9999997615814));
#5108=CARTESIAN_POINT('Ctrl Pts',(-97.8135091497247,13.4079672614797,13.9999997615814));
#5109=CARTESIAN_POINT('Ctrl Pts',(-100.780260465911,14.1290982323454,13.9999997615814));
#5110=CARTESIAN_POINT('Ctrl Pts',(-105.203999776512,14.9815470011759,13.9999997615814));
#5111=CARTESIAN_POINT('Ctrl Pts',(-109.517607427451,15.6425218408185,13.9999997615814));
#5112=CARTESIAN_POINT('Ctrl Pts',(-113.735732447131,16.1723997562854,13.9999997615814));
#5113=CARTESIAN_POINT('Ctrl Pts',(-118.151836473585,16.6678279224333,13.9999997615814));
#5114=CARTESIAN_POINT('Ctrl Pts',(-122.800579573231,17.1739499067035,13.9999997615814));
#5115=CARTESIAN_POINT('Ctrl Pts',(-126.911148621418,17.7559293195992,13.9999997615814));
#5116=CARTESIAN_POINT('Ctrl Pts',(-129.423060416195,18.0962154451448,13.9999997615814));
#5117=CARTESIAN_POINT('Ctrl Pts',(-130.326153598468,18.2626114043355,13.9999997615814));
#5118=CARTESIAN_POINT('Ctrl Pts',(-130.415650361907,18.2931416516456,13.9999997615814));
#5119=CARTESIAN_POINT('Ctrl Pts',(-130.507439076695,18.3371563515619,13.9999997615814));
#5120=CARTESIAN_POINT('Ctrl Pts',(-130.59887029943,18.3986823749928,13.9999997615814));
#5121=CARTESIAN_POINT('Ctrl Pts',(-130.679827867775,18.4723136936536,13.9999997615814));
#5122=CARTESIAN_POINT('Ctrl Pts',(-130.748985161055,18.5572092761401,13.9999997615814));
#5123=CARTESIAN_POINT('Ctrl Pts',(-130.805032335847,18.652414016631,13.9999997615814));
#5124=CARTESIAN_POINT('Ctrl Pts',(-130.861462180811,18.7942230735726,13.9999997615814));
#5125=CARTESIAN_POINT('Ctrl Pts',(-130.878258061594,18.9099883070647,13.9999997615814));
#5126=CARTESIAN_POINT('Ctrl Pts',(-130.878148078918,18.9882409572601,13.9999997615814));
#5127=CARTESIAN_POINT('',(-130.878148078918,48.2244166918099,13.9999997615814));
#5128=CARTESIAN_POINT('',(-175.13683883139,59.5980072021528,13.9999997615814));
#5129=CARTESIAN_POINT('Origin',(-174.036839207014,59.5980103810615,13.9999997615814));
#5130=CARTESIAN_POINT('',(-175.136838894531,97.6979732513501,13.9999997615814));
#5131=CARTESIAN_POINT('Origin',(-174.036839207013,97.6979788144421,13.9999997615814));
#5132=CARTESIAN_POINT('',(-157.411828041077,43.1479692459106,13.9999997615814));
#5133=CARTESIAN_POINT('',(-171.611831188202,43.1479692459106,13.9999997615814));
#5134=CARTESIAN_POINT('',(-143.417300776915,43.1479692459106,13.9999997615814));
#5135=CARTESIAN_POINT('',(-157.411828041077,57.147970199585,13.9999997615814));
#5136=CARTESIAN_POINT('',(-157.411828041077,60.6465995498002,13.9999997615814));
#5137=CARTESIAN_POINT('',(-171.611831188202,57.147970199585,13.9999997615814));
#5138=CARTESIAN_POINT('',(-143.417300776915,57.147970199585,13.9999997615814));
#5139=CARTESIAN_POINT('',(-171.611831188202,60.6465995498002,13.9999997615814));
#5140=CARTESIAN_POINT('',(-157.411828041077,62.1979665756226,13.9999997615814));
#5141=CARTESIAN_POINT('',(-171.611831188202,62.1979665756226,13.9999997615814));
#5142=CARTESIAN_POINT('',(-143.417300776915,62.1979665756226,13.9999997615814));
#5143=CARTESIAN_POINT('',(-157.411828041077,76.1979675292969,13.9999997615814));
#5144=CARTESIAN_POINT('',(-157.411828041077,70.1715982146561,13.9999997615814));
#5145=CARTESIAN_POINT('',(-171.611831188202,76.1979675292969,13.9999997615814));
#5146=CARTESIAN_POINT('',(-143.417300776915,76.1979675292969,13.9999997615814));
#5147=CARTESIAN_POINT('',(-171.611831188202,70.1715982146561,13.9999997615814));
#5148=CARTESIAN_POINT('',(-157.411828041077,81.2479686737061,13.9999997615814));
#5149=CARTESIAN_POINT('',(-171.611831188202,81.2479686737061,13.9999997615814));
#5150=CARTESIAN_POINT('',(-143.417300776915,81.2479686737061,13.9999997615814));
#5151=CARTESIAN_POINT('',(-157.411828041077,95.247974395752,13.9999997615814));
#5152=CARTESIAN_POINT('',(-157.411828041077,79.6966004557908,13.9999997615814));
#5153=CARTESIAN_POINT('',(-171.611831188202,95.247974395752,13.9999997615814));
#5154=CARTESIAN_POINT('',(-143.417300776915,95.247974395752,13.9999997615814));
#5155=CARTESIAN_POINT('',(-171.611831188202,79.6966004557908,13.9999997615814));
#5156=CARTESIAN_POINT('',(-157.411828041077,100.297966003418,13.9999997615814));
#5157=CARTESIAN_POINT('',(-171.611831188202,100.297966003418,13.9999997615814));
#5158=CARTESIAN_POINT('',(-143.417300776915,100.297966003418,13.9999997615814));
#5159=CARTESIAN_POINT('',(-157.411828041077,114.297971725464,13.9999997615814));
#5160=CARTESIAN_POINT('',(-157.411828041077,89.2215991206467,13.9999997615814));
#5161=CARTESIAN_POINT('',(-171.611831188202,114.297971725464,13.9999997615814));
#5162=CARTESIAN_POINT('',(-143.417300776915,114.297971725464,13.9999997615814));
#5163=CARTESIAN_POINT('',(-171.611831188202,89.2215991206467,13.9999997615814));
#5164=CARTESIAN_POINT('',(-138.361830711365,47.9104709625244,13.9999997615814));
#5165=CARTESIAN_POINT('',(-152.561831474304,47.9104709625244,13.9999997615814));
#5166=CARTESIAN_POINT('',(-133.892301516013,47.9104709625244,13.9999997615814));
#5167=CARTESIAN_POINT('',(-138.361830711365,61.9104719161987,13.9999997615814));
#5168=CARTESIAN_POINT('',(-138.361830711365,63.027850408107,13.9999997615814));
#5169=CARTESIAN_POINT('',(-152.561831474304,61.9104719161987,13.9999997615814));
#5170=CARTESIAN_POINT('',(-133.892301516013,61.9104719161987,13.9999997615814));
#5171=CARTESIAN_POINT('',(-152.561831474304,63.027850408107,13.9999997615814));
#5172=CARTESIAN_POINT('',(-138.361830711365,66.9604730606079,13.9999997615814));
#5173=CARTESIAN_POINT('',(-152.561831474304,66.9604730606079,13.9999997615814));
#5174=CARTESIAN_POINT('',(-133.892301516013,66.9604730606079,13.9999997615814));
#5175=CARTESIAN_POINT('',(-138.361830711365,80.9604740142822,13.9999997615814));
#5176=CARTESIAN_POINT('',(-138.361830711365,72.5528514571488,13.9999997615814));
#5177=CARTESIAN_POINT('',(-152.561831474304,80.9604740142822,13.9999997615814));
#5178=CARTESIAN_POINT('',(-133.892301516013,80.9604740142822,13.9999997615814));
#5179=CARTESIAN_POINT('',(-152.561831474304,72.5528514571488,13.9999997615814));
#5180=CARTESIAN_POINT('',(-138.361830711365,86.0104656219482,13.9999997615814));
#5181=CARTESIAN_POINT('',(-152.561831474304,86.0104656219482,13.9999997615814));
#5182=CARTESIAN_POINT('',(-133.892301516013,86.0104656219482,13.9999997615814));
#5183=CARTESIAN_POINT('',(-138.361830711365,100.010471343994,13.9999997615814));
#5184=CARTESIAN_POINT('',(-138.361830711365,82.0778489299119,13.9999997615814));
#5185=CARTESIAN_POINT('',(-152.561831474304,100.010471343994,13.9999997615814));
#5186=CARTESIAN_POINT('',(-133.892301516013,100.010471343994,13.9999997615814));
#5187=CARTESIAN_POINT('',(-152.561831474304,82.0778489299119,13.9999997615814));
#5188=CARTESIAN_POINT('',(-138.361830711365,105.060472488403,13.9999997615814));
#5189=CARTESIAN_POINT('',(-152.561831474304,105.060472488403,13.9999997615814));
#5190=CARTESIAN_POINT('',(-133.892301516013,105.060472488403,13.9999997615814));
#5191=CARTESIAN_POINT('',(-138.361830711365,119.060468673706,13.9999997615814));
#5192=CARTESIAN_POINT('',(-138.361830711365,91.6028499789536,13.9999997615814));
#5193=CARTESIAN_POINT('',(-152.561831474304,119.060468673706,13.9999997615814));
#5194=CARTESIAN_POINT('',(-133.892301516013,119.060468673706,13.9999997615814));
#5195=CARTESIAN_POINT('',(-152.561831474304,91.6028499789536,13.9999997615814));
#5196=CARTESIAN_POINT('',(-119.311828613281,50.2917194366455,13.9999997615814));
#5197=CARTESIAN_POINT('',(-133.511834144592,50.2917194366455,13.9999997615814));
#5198=CARTESIAN_POINT('',(-124.367301659064,50.2917194366455,13.9999997615814));
#5199=CARTESIAN_POINT('',(-119.311828613281,64.2917203903198,13.9999997615814));
#5200=CARTESIAN_POINT('',(-119.311828613281,64.2184746451676,13.9999997615814));
#5201=CARTESIAN_POINT('',(-133.511834144592,64.2917203903198,13.9999997615814));
#5202=CARTESIAN_POINT('',(-124.367301659064,64.2917203903198,13.9999997615814));
#5203=CARTESIAN_POINT('',(-133.511834144592,64.2184746451676,13.9999997615814));
#5204=CARTESIAN_POINT('',(-119.311828613281,69.341721534729,13.9999997615814));
#5205=CARTESIAN_POINT('',(-133.511834144592,69.341721534729,13.9999997615814));
#5206=CARTESIAN_POINT('',(-124.367301659064,69.341721534729,13.9999997615814));
#5207=CARTESIAN_POINT('',(-119.311828613281,83.3417224884033,13.9999997615814));
#5208=CARTESIAN_POINT('',(-119.311828613281,73.7434756942093,13.9999997615814));
#5209=CARTESIAN_POINT('',(-133.511834144592,83.3417224884033,13.9999997615814));
#5210=CARTESIAN_POINT('',(-124.367301659064,83.3417224884033,13.9999997615814));
#5211=CARTESIAN_POINT('',(-133.511834144592,73.7434756942093,13.9999997615814));
#5212=CARTESIAN_POINT('',(-119.311828613281,88.3917140960693,13.9999997615814));
#5213=CARTESIAN_POINT('',(-133.511834144592,88.3917140960693,13.9999997615814));
#5214=CARTESIAN_POINT('',(-124.367301659064,88.3917140960693,13.9999997615814));
#5215=CARTESIAN_POINT('',(-119.311828613281,102.391719818115,13.9999997615814));
#5216=CARTESIAN_POINT('',(-119.311828613281,83.2684731669724,13.9999997615814));
#5217=CARTESIAN_POINT('',(-133.511834144592,102.391719818115,13.9999997615814));
#5218=CARTESIAN_POINT('',(-124.367301659064,102.391719818115,13.9999997615814));
#5219=CARTESIAN_POINT('',(-133.511834144592,83.2684731669724,13.9999997615814));
#5220=CARTESIAN_POINT('',(-119.311828613281,107.441720962524,13.9999997615814));
#5221=CARTESIAN_POINT('',(-133.511834144592,107.441720962524,13.9999997615814));
#5222=CARTESIAN_POINT('',(-124.367301659064,107.441720962524,13.9999997615814));
#5223=CARTESIAN_POINT('',(-119.311828613281,121.441717147827,13.9999997615814));
#5224=CARTESIAN_POINT('',(-119.311828613281,92.7934742160141,13.9999997615814));
#5225=CARTESIAN_POINT('',(-133.511834144592,121.441717147827,13.9999997615814));
#5226=CARTESIAN_POINT('',(-124.367301659064,121.441717147827,13.9999997615814));
#5227=CARTESIAN_POINT('',(-133.511834144592,92.7934742160141,13.9999997615814));
#5228=CARTESIAN_POINT('',(-109.786834716797,26.4792203903198,13.9999997615814));
#5229=CARTESIAN_POINT('',(-123.986830711365,26.4792203903198,13.9999997615814));
#5230=CARTESIAN_POINT('',(-119.604802326636,26.4792203903198,13.9999997615814));
#5231=CARTESIAN_POINT('',(-109.786834716797,40.4792165756226,13.9999997615814));
#5232=CARTESIAN_POINT('',(-109.786834716797,52.3122239299119,13.9999997615814));
#5233=CARTESIAN_POINT('',(-123.986830711365,40.4792165756226,13.9999997615814));
#5234=CARTESIAN_POINT('',(-119.604802326636,40.4792165756226,13.9999997615814));
#5235=CARTESIAN_POINT('',(-123.986830711365,52.3122239299119,13.9999997615814));
#5236=CARTESIAN_POINT('',(-100.261831283569,47.9104709625244,13.9999997615814));
#5237=CARTESIAN_POINT('',(-114.461832046509,47.9104709625244,13.9999997615814));
#5238=CARTESIAN_POINT('',(-114.842301802115,47.9104709625244,13.9999997615814));
#5239=CARTESIAN_POINT('',(-100.261831283569,61.9104719161987,13.9999997615814));
#5240=CARTESIAN_POINT('',(-100.261831283569,63.027850408107,13.9999997615814));
#5241=CARTESIAN_POINT('',(-114.461832046509,61.9104719161987,13.9999997615814));
#5242=CARTESIAN_POINT('',(-114.842301802115,61.9104719161987,13.9999997615814));
#5243=CARTESIAN_POINT('',(-114.461832046509,63.027850408107,13.9999997615814));
#5244=CARTESIAN_POINT('',(-100.261831283569,66.9604730606079,13.9999997615814));
#5245=CARTESIAN_POINT('',(-114.461832046509,66.9604730606079,13.9999997615814));
#5246=CARTESIAN_POINT('',(-114.842301802115,66.9604730606079,13.9999997615814));
#5247=CARTESIAN_POINT('',(-100.261831283569,80.9604740142822,13.9999997615814));
#5248=CARTESIAN_POINT('',(-100.261831283569,72.5528514571488,13.9999997615814));
#5249=CARTESIAN_POINT('',(-114.461832046509,80.9604740142822,13.9999997615814));
#5250=CARTESIAN_POINT('',(-114.842301802115,80.9604740142822,13.9999997615814));
#5251=CARTESIAN_POINT('',(-114.461832046509,72.5528514571488,13.9999997615814));
#5252=CARTESIAN_POINT('',(-100.261831283569,86.0104656219482,13.9999997615814));
#5253=CARTESIAN_POINT('',(-114.461832046509,86.0104656219482,13.9999997615814));
#5254=CARTESIAN_POINT('',(-114.842301802115,86.0104656219482,13.9999997615814));
#5255=CARTESIAN_POINT('',(-100.261831283569,100.010471343994,13.9999997615814));
#5256=CARTESIAN_POINT('',(-100.261831283569,82.0778489299119,13.9999997615814));
#5257=CARTESIAN_POINT('',(-114.461832046509,100.010471343994,13.9999997615814));
#5258=CARTESIAN_POINT('',(-114.842301802115,100.010471343994,13.9999997615814));
#5259=CARTESIAN_POINT('',(-114.461832046509,82.0778489299119,13.9999997615814));
#5260=CARTESIAN_POINT('',(-100.261831283569,105.060472488403,13.9999997615814));
#5261=CARTESIAN_POINT('',(-114.461832046509,105.060472488403,13.9999997615814));
#5262=CARTESIAN_POINT('',(-114.842301802115,105.060472488403,13.9999997615814));
#5263=CARTESIAN_POINT('',(-100.261831283569,119.060468673706,13.9999997615814));
#5264=CARTESIAN_POINT('',(-100.261831283569,91.6028499789536,13.9999997615814));
#5265=CARTESIAN_POINT('',(-114.461832046509,119.060468673706,13.9999997615814));
#5266=CARTESIAN_POINT('',(-114.842301802115,119.060468673706,13.9999997615814));
#5267=CARTESIAN_POINT('',(-114.461832046509,91.6028499789536,13.9999997615814));
#5268=CARTESIAN_POINT('',(-90.7368278503418,24.0979695320129,13.9999997615814));
#5269=CARTESIAN_POINT('',(-104.936828613281,24.0979695320129,13.9999997615814));
#5270=CARTESIAN_POINT('',(-110.079800085501,24.0979695320129,13.9999997615814));
#5271=CARTESIAN_POINT('',(-90.7368278503418,38.0979704856873,13.9999997615814));
#5272=CARTESIAN_POINT('',(-90.7368278503418,51.1215996928513,13.9999997615814));
#5273=CARTESIAN_POINT('',(-104.936828613281,38.0979704856873,13.9999997615814));
#5274=CARTESIAN_POINT('',(-110.079800085501,38.0979704856873,13.9999997615814));
#5275=CARTESIAN_POINT('',(-104.936828613281,51.1215996928513,13.9999997615814));
#5276=CARTESIAN_POINT('',(-98.936902345427,63.1698799133271,13.9999997615815));
#5277=CARTESIAN_POINT('Origin',(-97.836901744202,63.1698825494378,13.9999997615815));
#5278=CARTESIAN_POINT('',(-98.9369029349411,101.269855499274,13.9999997615815));
#5279=CARTESIAN_POINT('Origin',(-97.8369017442045,101.269851525623,13.9999997615815));
#5280=CARTESIAN_POINT('',(-81.2118244171143,45.5292224884033,13.9999997615814));
#5281=CARTESIAN_POINT('',(-95.4118347167969,45.5292224884033,13.9999997615814));
#5282=CARTESIAN_POINT('',(-105.317300753073,45.5292224884033,13.9999997615814));
#5283=CARTESIAN_POINT('',(-81.2118244171143,59.5292234420776,13.9999997615814));
#5284=CARTESIAN_POINT('',(-81.2118244171143,61.8372261710465,13.9999997615814));
#5285=CARTESIAN_POINT('',(-95.4118347167969,59.5292234420776,13.9999997615814));
#5286=CARTESIAN_POINT('',(-105.317300753073,59.5292234420776,13.9999997615814));
#5287=CARTESIAN_POINT('',(-95.4118347167969,61.8372261710465,13.9999997615814));
#5288=CARTESIAN_POINT('',(-81.2118244171143,64.5792150497437,13.9999997615814));
#5289=CARTESIAN_POINT('',(-95.4118347167969,64.5792150497437,13.9999997615814));
#5290=CARTESIAN_POINT('',(-105.317300753073,64.5792150497437,13.9999997615814));
#5291=CARTESIAN_POINT('',(-81.2118244171143,78.579216003418,13.9999997615814));
#5292=CARTESIAN_POINT('',(-81.2118244171143,71.3622224517167,13.9999997615814));
#5293=CARTESIAN_POINT('',(-95.4118347167969,78.579216003418,13.9999997615814));
#5294=CARTESIAN_POINT('',(-105.317300753073,78.579216003418,13.9999997615814));
#5295=CARTESIAN_POINT('',(-95.4118347167969,71.3622224517167,13.9999997615814));
#5296=CARTESIAN_POINT('',(-81.2118244171143,83.6292171478271,13.9999997615814));
#5297=CARTESIAN_POINT('',(-95.4118347167969,83.6292171478271,13.9999997615814));
#5298=CARTESIAN_POINT('',(-105.317300753073,83.6292171478271,13.9999997615814));
#5299=CARTESIAN_POINT('',(-81.2118244171143,97.629222869873,13.9999997615814));
#5300=CARTESIAN_POINT('',(-81.2118244171143,80.8872246928513,13.9999997615814));
#5301=CARTESIAN_POINT('',(-95.4118347167969,97.629222869873,13.9999997615814));
#5302=CARTESIAN_POINT('',(-105.317300753073,97.629222869873,13.9999997615814));
#5303=CARTESIAN_POINT('',(-95.4118347167969,80.8872246928513,13.9999997615814));
#5304=CARTESIAN_POINT('',(-81.2118244171143,102.679224014282,13.9999997615814));
#5305=CARTESIAN_POINT('',(-95.4118347167969,102.679224014282,13.9999997615814));
#5306=CARTESIAN_POINT('',(-105.317300753073,102.679224014282,13.9999997615814));
#5307=CARTESIAN_POINT('',(-81.2118244171143,116.679220199585,13.9999997615814));
#5308=CARTESIAN_POINT('',(-81.2118244171143,90.4122257418931,13.9999997615814));
#5309=CARTESIAN_POINT('',(-95.4118347167969,116.679220199585,13.9999997615814));
#5310=CARTESIAN_POINT('',(-105.317300753073,116.679220199585,13.9999997615814));
#5311=CARTESIAN_POINT('',(-95.4118347167969,90.4122257418931,13.9999997615814));
#5312=CARTESIAN_POINT('',(-87.1844863891602,22.2175312042236,13.9999997615814));
#5313=CARTESIAN_POINT('',(-85.4524421691895,21.2175345420837,13.9999997615814));
#5314=CARTESIAN_POINT('',(-110.521489205629,35.6911623342724,13.9999997615814));
#5315=CARTESIAN_POINT('',(-86.0459423065186,20.1895618438721,13.9999997615814));
#5316=CARTESIAN_POINT('',(-79.3999449558628,31.700770349411,13.9999997615814));
#5317=CARTESIAN_POINT('',(-73.921594619751,13.1895530223846,13.9999997615814));
#5318=CARTESIAN_POINT('',(-107.650889669454,32.6632079348179,13.9999997615814));
#5319=CARTESIAN_POINT('',(-57.2965717315674,41.9848871231079,13.9999997615814));
#5320=CARTESIAN_POINT('',(-63.267718944018,31.6425748084988,13.9999997615814));
#5321=CARTESIAN_POINT('',(-69.4209289550781,48.9848947525024,13.9999997615814));
#5322=CARTESIAN_POINT('',(-91.0258767312959,61.4585291463267,13.9999997615814));
#5323=CARTESIAN_POINT('',(-70.0144195556641,47.956919670105,13.9999997615814));
#5324=CARTESIAN_POINT('',(-71.3840382746748,45.5846261339678,13.9999997615814));
#5325=CARTESIAN_POINT('',(-71.7464542388916,48.9569234848022,13.9999997615814));
#5326=CARTESIAN_POINT('',(-95.0833809137223,62.4306812127099,13.9999997615814));
#5327=CARTESIAN_POINT('',(-75.2464771270752,42.8947448730469,13.9999997615814));
#5328=CARTESIAN_POINT('',(-74.1396359207046,44.811837789931,13.9999997615814));
#5329=CARTESIAN_POINT('',(-73.5144233703613,41.8947505950928,13.9999997615814));
#5330=CARTESIAN_POINT('',(-98.5835263849115,56.36829650602,13.9999997615814));
#5331=CARTESIAN_POINT('',(-81.9524383544922,27.2797083854675,13.9999997615814));
#5332=CARTESIAN_POINT('',(-75.392067917045,38.6425811741966,13.9999997615814));
#5333=CARTESIAN_POINT('',(-83.6844825744629,28.2797050476074,13.9999997615814));
#5334=CARTESIAN_POINT('',(-107.021487072852,41.7533371487134,13.9999997615814));
#5335=CARTESIAN_POINT('',(-80.1086159945135,34.4732768252641,13.9999997615814));
#5336=CARTESIAN_POINT('',(-81.9705112652407,36.3808417320256,13.9999997615815));
#5337=CARTESIAN_POINT('Origin',(-80.870510737099,36.3808411625971,13.9999997615815));
#5338=CARTESIAN_POINT('Origin',(-75.7853572491632,120.992680837854,15.5000007152557));
#5339=CARTESIAN_POINT('',(-75.4405091412132,121.644464567277,15.5000007195831));
#5340=CARTESIAN_POINT('',(-75.0478076934814,120.985345840454,14.7500002384186));
#5341=CARTESIAN_POINT('Origin',(-86.3184642791748,21.7175328731537,14.7500002384186));
#5342=CARTESIAN_POINT('',(-87.1844863891602,22.2175312042236,14.7500002384186));
#5343=CARTESIAN_POINT('',(-85.4524421691895,21.2175345420837,14.7500002384186));
#5344=CARTESIAN_POINT('Origin',(-85.749192237854,20.7035481929779,14.7500002384186));
#5345=CARTESIAN_POINT('',(-86.0459423065186,20.1895618438721,14.7500002384186));
#5346=CARTESIAN_POINT('Origin',(-69.7176742553711,48.4709072113037,14.7500002384186));
#5347=CARTESIAN_POINT('',(-69.4209289550781,48.9848947525024,14.7500002384186));
#5348=CARTESIAN_POINT('',(-70.0144195556641,47.956919670105,14.7500002384186));
#5349=CARTESIAN_POINT('Origin',(-70.8804368972778,48.4569215774536,14.7500002384186));
#5350=CARTESIAN_POINT('',(-71.7464542388916,48.9569234848022,14.7500002384186));
#5351=CARTESIAN_POINT('Origin',(-73.4964656829834,45.9258341789246,14.7500002384186));
#5352=CARTESIAN_POINT('',(-75.2464771270752,42.8947448730469,14.7500002384186));
#5353=CARTESIAN_POINT('Origin',(-74.3804502487183,42.3947477340698,14.7500002384186));
#5354=CARTESIAN_POINT('',(-73.5144233703613,41.8947505950928,14.7500002384186));
#5355=CARTESIAN_POINT('Origin',(-82.8184604644775,27.7797067165375,14.7500002384186));
#5356=CARTESIAN_POINT('',(-81.9524383544922,27.2797083854675,14.7500002384186));
#5357=CARTESIAN_POINT('',(-83.6844825744629,28.2797050476074,14.7500002384186));
#5358=CARTESIAN_POINT('Origin',(-85.4344844818115,25.2486181259155,14.7500002384186));
#5359=CARTESIAN_POINT('Origin',(-128.096052738644,-87.2163044324387,15.5000007152568));
#5360=CARTESIAN_POINT('',(-73.5351760818707,3.03146866275258,13.9999997615814));
#5361=CARTESIAN_POINT('',(-84.3683073468338,8.74370491706144,13.9999997664481));
#5362=CARTESIAN_POINT('Origin',(-59.6690171819895,72.7469357531875,14.7500002384186));
#5363=CARTESIAN_POINT('',(-75.0478076934814,71.5738391876221,14.7500002384186));
#5364=CARTESIAN_POINT('Origin',(-71.9065019888657,65.8495353265329,14.7500002384186));
#5365=CARTESIAN_POINT('',(-73.1921176121572,65.1249251726864,14.7500002384186));
#5366=CARTESIAN_POINT('Origin',(-59.6690171819895,72.7469357531875,14.7500002384186));
#5367=CARTESIAN_POINT('Origin',(-117.862598126412,-66.3797125341979,13.9999997615814));
#5368=CARTESIAN_POINT('',(-96.3133210791189,12.9992772749583,13.9999997670489));
#5369=CARTESIAN_POINT('Origin',(-48.8082217859528,46.0396640541886,13.9999997615814));
#5370=CARTESIAN_POINT('',(-48.3707540956893,46.7974203122663,13.9999997615809));
#5371=CARTESIAN_POINT('',(-47.9987049102783,45.7076263427734,14.7500002384186));
#5372=CARTESIAN_POINT('Origin',(-73.1851486878554,3.83340579207318,13.9999997615814));
#5373=CARTESIAN_POINT('',(-72.4273777008057,3.39590668678283,13.9999997615814));
#5374=CARTESIAN_POINT('Origin',(-80.870510737099,36.3808411625971,13.9999997615814));
#5375=CARTESIAN_POINT('',(-81.9705112652408,36.3808411625971,13.9999997615814));
#5376=CARTESIAN_POINT('Origin',(-174.036839207014,59.5980103810615,13.9999997615814));
#5377=CARTESIAN_POINT('',(-175.136838831394,59.5980103810615,13.9999997615814));
#5378=CARTESIAN_POINT('Origin',(-174.036839207013,97.6979788144421,13.9999997615814));
#5379=CARTESIAN_POINT('',(-175.136838894545,97.6979788144421,13.9999997615814));
#5380=CARTESIAN_POINT('Origin',(-97.8369017442045,101.269851525623,13.9999997615814));
#5381=CARTESIAN_POINT('',(-98.9369029349483,101.269851525623,13.9999997615814));
#5382=CARTESIAN_POINT('Origin',(-97.836901744202,63.1698825494378,13.9999997615814));
#5383=CARTESIAN_POINT('',(-98.9369023454301,63.1698825494378,13.9999997615814));
#5384=CARTESIAN_POINT('Origin',(-130.878148078918,25.3036040067673,14.7500002384186));
#5385=CARTESIAN_POINT('',(-130.878148078918,18.9882409572601,14.7500002384186));
#5386=CARTESIAN_POINT('Origin',(-75.0478076934814,96.2795925140381,14.7500002384186));
#5387=CARTESIAN_POINT('Origin',(-60.213041305542,24.5517665147781,14.7500002384186));
#5388=CARTESIAN_POINT('Origin',(-107.361831665039,80.9604740142822,14.7500002384186));
#5389=CARTESIAN_POINT('',(-100.261831283569,80.9604740142822,14.7500002384186));
#5390=CARTESIAN_POINT('',(-114.461832046509,80.9604740142822,14.7500002384186));
#5391=CARTESIAN_POINT('Origin',(-114.461832046509,73.9604735374451,14.7500002384186));
#5392=CARTESIAN_POINT('',(-114.461832046509,66.9604730606079,14.7500002384186));
#5393=CARTESIAN_POINT('Origin',(-107.361831665039,66.9604730606079,14.7500002384186));
#5394=CARTESIAN_POINT('',(-100.261831283569,66.9604730606079,14.7500002384186));
#5395=CARTESIAN_POINT('Origin',(-100.261831283569,73.9604735374451,14.7500002384186));
#5396=CARTESIAN_POINT('Origin',(-138.361830711365,112.060470581055,14.7500002384186));
#5397=CARTESIAN_POINT('',(-138.361830711365,105.060472488403,14.7500002384186));
#5398=CARTESIAN_POINT('',(-138.361830711365,119.060468673706,14.7500002384186));
#5399=CARTESIAN_POINT('Origin',(-145.461831092834,119.060468673706,14.7500002384186));
#5400=CARTESIAN_POINT('',(-152.561831474304,119.060468673706,14.7500002384186));
#5401=CARTESIAN_POINT('Origin',(-152.561831474304,112.060470581055,14.7500002384186));
#5402=CARTESIAN_POINT('',(-152.561831474304,105.060472488403,14.7500002384186));
#5403=CARTESIAN_POINT('Origin',(-145.461831092834,105.060472488403,14.7500002384186));
#5404=CARTESIAN_POINT('Origin',(-157.411828041077,50.1479697227478,14.7500002384186));
#5405=CARTESIAN_POINT('',(-157.411828041077,43.1479692459106,14.7500002384186));
#5406=CARTESIAN_POINT('',(-157.411828041077,57.147970199585,14.7500002384186));
#5407=CARTESIAN_POINT('Origin',(-164.511829614639,57.147970199585,14.7500002384186));
#5408=CARTESIAN_POINT('',(-171.611831188202,57.147970199585,14.7500002384186));
#5409=CARTESIAN_POINT('Origin',(-171.611831188202,50.1479697227478,14.7500002384186));
#5410=CARTESIAN_POINT('',(-171.611831188202,43.1479692459106,14.7500002384186));
#5411=CARTESIAN_POINT('Origin',(-164.511829614639,43.1479692459106,14.7500002384186));
#5412=CARTESIAN_POINT('Origin',(-81.2118244171143,52.5292229652405,14.7500002384186));
#5413=CARTESIAN_POINT('',(-81.2118244171143,45.5292224884033,14.7500002384186));
#5414=CARTESIAN_POINT('',(-81.2118244171143,59.5292234420776,14.7500002384186));
#5415=CARTESIAN_POINT('Origin',(-88.3118295669556,59.5292234420776,14.7500002384186));
#5416=CARTESIAN_POINT('',(-95.4118347167969,59.5292234420776,14.7500002384186));
#5417=CARTESIAN_POINT('Origin',(-95.4118347167969,52.5292229652405,14.7500002384186));
#5418=CARTESIAN_POINT('',(-95.4118347167969,45.5292224884033,14.7500002384186));
#5419=CARTESIAN_POINT('Origin',(-88.3118295669556,45.5292224884033,14.7500002384186));
#5420=CARTESIAN_POINT('Origin',(-138.361830711365,93.0104684829712,14.7500002384186));
#5421=CARTESIAN_POINT('',(-138.361830711365,86.0104656219482,14.7500002384186));
#5422=CARTESIAN_POINT('',(-138.361830711365,100.010471343994,14.7500002384186));
#5423=CARTESIAN_POINT('Origin',(-145.461831092834,100.010471343994,14.7500002384186));
#5424=CARTESIAN_POINT('',(-152.561831474304,100.010471343994,14.7500002384186));
#5425=CARTESIAN_POINT('Origin',(-152.561831474304,93.0104684829712,14.7500002384186));
#5426=CARTESIAN_POINT('',(-152.561831474304,86.0104656219482,14.7500002384186));
#5427=CARTESIAN_POINT('Origin',(-145.461831092834,86.0104656219482,14.7500002384186));
#5428=CARTESIAN_POINT('Origin',(-133.511834144592,114.441719055176,14.7500002384186));
#5429=CARTESIAN_POINT('',(-133.511834144592,121.441717147827,14.7500002384186));
#5430=CARTESIAN_POINT('',(-133.511834144592,107.441720962524,14.7500002384186));
#5431=CARTESIAN_POINT('Origin',(-126.411831378937,107.441720962524,14.7500002384186));
#5432=CARTESIAN_POINT('',(-119.311828613281,107.441720962524,14.7500002384186));
#5433=CARTESIAN_POINT('Origin',(-119.311828613281,114.441719055176,14.7500002384186));
#5434=CARTESIAN_POINT('',(-119.311828613281,121.441717147827,14.7500002384186));
#5435=CARTESIAN_POINT('Origin',(-126.411831378937,121.441717147827,14.7500002384186));
#5436=CARTESIAN_POINT('Origin',(-152.561831474304,54.9104714393616,14.7500002384186));
#5437=CARTESIAN_POINT('',(-152.561831474304,61.9104719161987,14.7500002384186));
#5438=CARTESIAN_POINT('',(-152.561831474304,47.9104709625244,14.7500002384186));
#5439=CARTESIAN_POINT('Origin',(-145.461831092834,47.9104709625244,14.7500002384186));
#5440=CARTESIAN_POINT('',(-138.361830711365,47.9104709625244,14.7500002384186));
#5441=CARTESIAN_POINT('Origin',(-138.361830711365,54.9104714393616,14.7500002384186));
#5442=CARTESIAN_POINT('',(-138.361830711365,61.9104719161987,14.7500002384186));
#5443=CARTESIAN_POINT('Origin',(-145.461831092834,61.9104719161987,14.7500002384186));
#5444=CARTESIAN_POINT('Origin',(-145.461831092834,66.9604730606079,14.7500002384186));
#5445=CARTESIAN_POINT('',(-152.561831474304,66.9604730606079,14.7500002384186));
#5446=CARTESIAN_POINT('',(-138.361830711365,66.9604730606079,14.7500002384186));
#5447=CARTESIAN_POINT('Origin',(-138.361830711365,73.9604735374451,14.7500002384186));
#5448=CARTESIAN_POINT('',(-138.361830711365,80.9604740142822,14.7500002384186));
#5449=CARTESIAN_POINT('Origin',(-145.461831092834,80.9604740142822,14.7500002384186));
#5450=CARTESIAN_POINT('',(-152.561831474304,80.9604740142822,14.7500002384186));
#5451=CARTESIAN_POINT('Origin',(-152.561831474304,73.9604735374451,14.7500002384186));
#5452=CARTESIAN_POINT('Origin',(-164.511829614639,76.1979675292969,14.7500002384186));
#5453=CARTESIAN_POINT('',(-157.411828041077,76.1979675292969,14.7500002384186));
#5454=CARTESIAN_POINT('',(-171.611831188202,76.1979675292969,14.7500002384186));
#5455=CARTESIAN_POINT('Origin',(-171.611831188202,69.1979670524597,14.7500002384186));
#5456=CARTESIAN_POINT('',(-171.611831188202,62.1979665756226,14.7500002384186));
#5457=CARTESIAN_POINT('Origin',(-164.511829614639,62.1979665756226,14.7500002384186));
#5458=CARTESIAN_POINT('',(-157.411828041077,62.1979665756226,14.7500002384186));
#5459=CARTESIAN_POINT('Origin',(-157.411828041077,69.1979670524597,14.7500002384186));
#5460=CARTESIAN_POINT('Origin',(-107.361831665039,61.9104719161987,14.7500002384186));
#5461=CARTESIAN_POINT('',(-100.261831283569,61.9104719161987,14.7500002384186));
#5462=CARTESIAN_POINT('',(-114.461832046509,61.9104719161987,14.7500002384186));
#5463=CARTESIAN_POINT('Origin',(-114.461832046509,54.9104714393616,14.7500002384186));
#5464=CARTESIAN_POINT('',(-114.461832046509,47.9104709625244,14.7500002384186));
#5465=CARTESIAN_POINT('Origin',(-107.361831665039,47.9104709625244,14.7500002384186));
#5466=CARTESIAN_POINT('',(-100.261831283569,47.9104709625244,14.7500002384186));
#5467=CARTESIAN_POINT('Origin',(-100.261831283569,54.9104714393616,14.7500002384186));
#5468=CARTESIAN_POINT('Origin',(-171.611831188202,107.297968864441,14.7500002384186));
#5469=CARTESIAN_POINT('',(-171.611831188202,114.297971725464,14.7500002384186));
#5470=CARTESIAN_POINT('',(-171.611831188202,100.297966003418,14.7500002384186));
#5471=CARTESIAN_POINT('Origin',(-164.511829614639,100.297966003418,14.7500002384186));
#5472=CARTESIAN_POINT('',(-157.411828041077,100.297966003418,14.7500002384186));
#5473=CARTESIAN_POINT('Origin',(-157.411828041077,107.297968864441,14.7500002384186));
#5474=CARTESIAN_POINT('',(-157.411828041077,114.297971725464,14.7500002384186));
#5475=CARTESIAN_POINT('Origin',(-164.511829614639,114.297971725464,14.7500002384186));
#5476=CARTESIAN_POINT('Origin',(-157.411828041077,88.247971534729,14.7500002384186));
#5477=CARTESIAN_POINT('',(-157.411828041077,81.2479686737061,14.7500002384186));
#5478=CARTESIAN_POINT('',(-157.411828041077,95.247974395752,14.7500002384186));
#5479=CARTESIAN_POINT('Origin',(-164.511829614639,95.247974395752,14.7500002384186));
#5480=CARTESIAN_POINT('',(-171.611831188202,95.247974395752,14.7500002384186));
#5481=CARTESIAN_POINT('Origin',(-171.611831188202,88.247971534729,14.7500002384186));
#5482=CARTESIAN_POINT('',(-171.611831188202,81.2479686737061,14.7500002384186));
#5483=CARTESIAN_POINT('Origin',(-164.511829614639,81.2479686737061,14.7500002384186));
#5484=CARTESIAN_POINT('Origin',(-126.411831378937,50.2917194366455,14.7500002384186));
#5485=CARTESIAN_POINT('',(-133.511834144592,50.2917194366455,14.7500002384186));
#5486=CARTESIAN_POINT('',(-119.311828613281,50.2917194366455,14.7500002384186));
#5487=CARTESIAN_POINT('Origin',(-119.311828613281,57.2917199134827,14.7500002384186));
#5488=CARTESIAN_POINT('',(-119.311828613281,64.2917203903198,14.7500002384186));
#5489=CARTESIAN_POINT('Origin',(-126.411831378937,64.2917203903198,14.7500002384186));
#5490=CARTESIAN_POINT('',(-133.511834144592,64.2917203903198,14.7500002384186));
#5491=CARTESIAN_POINT('Origin',(-133.511834144592,57.2917199134827,14.7500002384186));
#5492=CARTESIAN_POINT('Origin',(-88.3118295669556,83.6292171478271,14.7500002384186));
#5493=CARTESIAN_POINT('',(-95.4118347167969,83.6292171478271,14.7500002384186));
#5494=CARTESIAN_POINT('',(-81.2118244171143,83.6292171478271,14.7500002384186));
#5495=CARTESIAN_POINT('Origin',(-81.2118244171143,90.6292200088501,14.7500002384186));
#5496=CARTESIAN_POINT('',(-81.2118244171143,97.629222869873,14.7500002384186));
#5497=CARTESIAN_POINT('Origin',(-88.3118295669556,97.629222869873,14.7500002384186));
#5498=CARTESIAN_POINT('',(-95.4118347167969,97.629222869873,14.7500002384186));
#5499=CARTESIAN_POINT('Origin',(-95.4118347167969,90.6292200088501,14.7500002384186));
#5500=CARTESIAN_POINT('Origin',(-100.261831283569,112.060470581055,14.7500002384186));
#5501=CARTESIAN_POINT('',(-100.261831283569,105.060472488403,14.7500002384186));
#5502=CARTESIAN_POINT('',(-100.261831283569,119.060468673706,14.7500002384186));
#5503=CARTESIAN_POINT('Origin',(-107.361831665039,119.060468673706,14.7500002384186));
#5504=CARTESIAN_POINT('',(-114.461832046509,119.060468673706,14.7500002384186));
#5505=CARTESIAN_POINT('Origin',(-114.461832046509,112.060470581055,14.7500002384186));
#5506=CARTESIAN_POINT('',(-114.461832046509,105.060472488403,14.7500002384186));
#5507=CARTESIAN_POINT('Origin',(-107.361831665039,105.060472488403,14.7500002384186));
#5508=CARTESIAN_POINT('Origin',(-88.3118295669556,102.679224014282,14.7500002384186));
#5509=CARTESIAN_POINT('',(-95.4118347167969,102.679224014282,14.7500002384186));
#5510=CARTESIAN_POINT('',(-81.2118244171143,102.679224014282,14.7500002384186));
#5511=CARTESIAN_POINT('Origin',(-81.2118244171143,109.679222106934,14.7500002384186));
#5512=CARTESIAN_POINT('',(-81.2118244171143,116.679220199585,14.7500002384186));
#5513=CARTESIAN_POINT('Origin',(-88.3118295669556,116.679220199585,14.7500002384186));
#5514=CARTESIAN_POINT('',(-95.4118347167969,116.679220199585,14.7500002384186));
#5515=CARTESIAN_POINT('Origin',(-95.4118347167969,109.679222106934,14.7500002384186));
#5516=CARTESIAN_POINT('Origin',(-88.3118295669556,64.5792150497437,14.7500002384186));
#5517=CARTESIAN_POINT('',(-95.4118347167969,64.5792150497437,14.7500002384186));
#5518=CARTESIAN_POINT('',(-81.2118244171143,64.5792150497437,14.7500002384186));
#5519=CARTESIAN_POINT('Origin',(-81.2118244171143,71.5792155265808,14.7500002384186));
#5520=CARTESIAN_POINT('',(-81.2118244171143,78.579216003418,14.7500002384186));
#5521=CARTESIAN_POINT('Origin',(-88.3118295669556,78.579216003418,14.7500002384186));
#5522=CARTESIAN_POINT('',(-95.4118347167969,78.579216003418,14.7500002384186));
#5523=CARTESIAN_POINT('Origin',(-95.4118347167969,71.5792155265808,14.7500002384186));
#5524=CARTESIAN_POINT('Origin',(-79.9837684631348,16.6895574331284,14.7500002384186));
#5525=CARTESIAN_POINT('',(-73.921594619751,13.1895530223846,14.7500002384186));
#5526=CARTESIAN_POINT('Origin',(-65.6090831756592,27.5872200727463,14.7500002384186));
#5527=CARTESIAN_POINT('',(-57.2965717315674,41.9848871231079,14.7500002384186));
#5528=CARTESIAN_POINT('Origin',(-63.3587503433228,45.4848909378052,14.7500002384186));
#5529=CARTESIAN_POINT('Origin',(-77.7334308624268,34.5872294902802,14.7500002384186));
#5530=CARTESIAN_POINT('Origin',(-119.311828613281,95.3917169570923,14.7500002384186));
#5531=CARTESIAN_POINT('',(-119.311828613281,88.3917140960693,14.7500002384186));
#5532=CARTESIAN_POINT('',(-119.311828613281,102.391719818115,14.7500002384186));
#5533=CARTESIAN_POINT('Origin',(-126.411831378937,102.391719818115,14.7500002384186));
#5534=CARTESIAN_POINT('',(-133.511834144592,102.391719818115,14.7500002384186));
#5535=CARTESIAN_POINT('Origin',(-133.511834144592,95.3917169570923,14.7500002384186));
#5536=CARTESIAN_POINT('',(-133.511834144592,88.3917140960693,14.7500002384186));
#5537=CARTESIAN_POINT('Origin',(-126.411831378937,88.3917140960693,14.7500002384186));
#5538=CARTESIAN_POINT('Origin',(-126.411831378937,83.3417224884033,14.7500002384186));
#5539=CARTESIAN_POINT('',(-119.311828613281,83.3417224884033,14.7500002384186));
#5540=CARTESIAN_POINT('',(-133.511834144592,83.3417224884033,14.7500002384186));
#5541=CARTESIAN_POINT('Origin',(-133.511834144592,76.3417220115662,14.7500002384186));
#5542=CARTESIAN_POINT('',(-133.511834144592,69.341721534729,14.7500002384186));
#5543=CARTESIAN_POINT('Origin',(-126.411831378937,69.341721534729,14.7500002384186));
#5544=CARTESIAN_POINT('',(-119.311828613281,69.341721534729,14.7500002384186));
#5545=CARTESIAN_POINT('Origin',(-119.311828613281,76.3417220115662,14.7500002384186));
#5546=CARTESIAN_POINT('Origin',(-107.361831665039,100.010471343994,14.7500002384186));
#5547=CARTESIAN_POINT('',(-100.261831283569,100.010471343994,14.7500002384186));
#5548=CARTESIAN_POINT('',(-114.461832046509,100.010471343994,14.7500002384186));
#5549=CARTESIAN_POINT('Origin',(-114.461832046509,93.0104684829712,14.7500002384186));
#5550=CARTESIAN_POINT('',(-114.461832046509,86.0104656219482,14.7500002384186));
#5551=CARTESIAN_POINT('Origin',(-107.361831665039,86.0104656219482,14.7500002384186));
#5552=CARTESIAN_POINT('',(-100.261831283569,86.0104656219482,14.7500002384186));
#5553=CARTESIAN_POINT('Origin',(-100.261831283569,93.0104684829712,14.7500002384186));
#5554=CARTESIAN_POINT('Origin',(-104.936828613281,31.0979700088501,14.7500002384186));
#5555=CARTESIAN_POINT('',(-104.936828613281,38.0979704856873,14.7500002384186));
#5556=CARTESIAN_POINT('',(-104.936828613281,24.0979695320129,14.7500002384186));
#5557=CARTESIAN_POINT('Origin',(-97.8368282318115,24.0979695320129,14.7500002384186));
#5558=CARTESIAN_POINT('',(-90.7368278503418,24.0979695320129,14.7500002384186));
#5559=CARTESIAN_POINT('Origin',(-90.7368278503418,31.0979700088501,14.7500002384186));
#5560=CARTESIAN_POINT('',(-90.7368278503418,38.0979704856873,14.7500002384186));
#5561=CARTESIAN_POINT('Origin',(-97.8368282318115,38.0979704856873,14.7500002384186));
#5562=CARTESIAN_POINT('Origin',(-123.986830711365,33.4792184829712,14.7500002384186));
#5563=CARTESIAN_POINT('',(-123.986830711365,40.4792165756226,14.7500002384186));
#5564=CARTESIAN_POINT('',(-123.986830711365,26.4792203903198,14.7500002384186));
#5565=CARTESIAN_POINT('Origin',(-116.886832714081,26.4792203903198,14.7500002384186));
#5566=CARTESIAN_POINT('',(-109.786834716797,26.4792203903198,14.7500002384186));
#5567=CARTESIAN_POINT('Origin',(-109.786834716797,33.4792184829712,14.7500002384186));
#5568=CARTESIAN_POINT('',(-109.786834716797,40.4792165756226,14.7500002384186));
#5569=CARTESIAN_POINT('Origin',(-116.886832714081,40.4792165756226,14.7500002384186));
#5570=CARTESIAN_POINT('Ctrl Pts',(-79.0212330054215,123.541272552697,13.9999997615814));
#5571=CARTESIAN_POINT('Ctrl Pts',(-79.0212330069755,123.541272553472,14.5000000794729));
#5572=CARTESIAN_POINT('Ctrl Pts',(-79.0212330085296,123.541272554247,15.0000003973643));
#5573=CARTESIAN_POINT('Ctrl Pts',(-79.0212330100836,123.541272555022,15.5000007152557));
#5574=CARTESIAN_POINT('Ctrl Pts',(-78.3803509786704,123.22163551253,13.9999997615814));
#5575=CARTESIAN_POINT('Ctrl Pts',(-78.3803509802275,123.221635513323,14.5000000794729));
#5576=CARTESIAN_POINT('Ctrl Pts',(-78.3803509817786,123.221635514126,15.0000003973643));
#5577=CARTESIAN_POINT('Ctrl Pts',(-78.3803509833357,123.221635514919,15.5000007152557));
#5578=CARTESIAN_POINT('Ctrl Pts',(-77.1811094940456,122.599453186165,13.9999997615814));
#5579=CARTESIAN_POINT('Ctrl Pts',(-77.1811094955957,122.599453187012,14.5000000794728));
#5580=CARTESIAN_POINT('Ctrl Pts',(-77.1811094971459,122.59945318786,15.0000003973643));
#5581=CARTESIAN_POINT('Ctrl Pts',(-77.181109498696,122.599453188707,15.5000007152557));
#5582=CARTESIAN_POINT('Ctrl Pts',(-76.0018372172883,121.940694516592,13.9999997615814));
#5583=CARTESIAN_POINT('Ctrl Pts',(-76.0018372188522,121.940694517455,14.5000000794729));
#5584=CARTESIAN_POINT('Ctrl Pts',(-76.0018372204221,121.940694518306,15.0000003973643));
#5585=CARTESIAN_POINT('Ctrl Pts',(-76.001837221986,121.940694519168,15.5000007152558));
#5586=CARTESIAN_POINT('Ctrl Pts',(-75.44041660095,121.644640108557,13.9999997615814));
#5587=CARTESIAN_POINT('Ctrl Pts',(-75.4404166025381,121.644640109394,14.5000000794729));
#5588=CARTESIAN_POINT('Ctrl Pts',(-75.4404166041262,121.644640110232,15.0000003973643));
#5589=CARTESIAN_POINT('Ctrl Pts',(-75.4404166057143,121.644640111069,15.5000007152557));
#5590=CARTESIAN_POINT('Ctrl Pts',(-96.3132667541504,12.9994773864746,13.9999997615814));
#5591=CARTESIAN_POINT('Ctrl Pts',(-96.3132667541504,12.9994773864746,14.5000000794729));
#5592=CARTESIAN_POINT('Ctrl Pts',(-96.3132667541504,12.9994773864746,15.0000003973643));
#5593=CARTESIAN_POINT('Ctrl Pts',(-96.3132667541504,12.9994773864746,15.5000007152557));
#5594=CARTESIAN_POINT('Ctrl Pts',(-97.8135091497247,13.4079672614797,13.9999997615814));
#5595=CARTESIAN_POINT('Ctrl Pts',(-97.8135091497247,13.4079672614797,14.5000000794729));
#5596=CARTESIAN_POINT('Ctrl Pts',(-97.8135091497247,13.4079672614797,15.0000003973643));
#5597=CARTESIAN_POINT('Ctrl Pts',(-97.8135091497247,13.4079672614797,15.5000007152557));
#5598=CARTESIAN_POINT('Ctrl Pts',(-100.780260465911,14.1290982323454,13.9999997615814));
#5599=CARTESIAN_POINT('Ctrl Pts',(-100.780260465911,14.1290982323453,14.5000000794728));
#5600=CARTESIAN_POINT('Ctrl Pts',(-100.780260465911,14.1290982323454,15.0000003973643));
#5601=CARTESIAN_POINT('Ctrl Pts',(-100.780260465911,14.1290982323454,15.5000007152557));
#5602=CARTESIAN_POINT('Ctrl Pts',(-105.203999776512,14.9815470011759,13.9999997615814));
#5603=CARTESIAN_POINT('Ctrl Pts',(-105.203999776512,14.9815470011759,14.5000000794729));
#5604=CARTESIAN_POINT('Ctrl Pts',(-105.203999776512,14.9815470011759,15.0000003973643));
#5605=CARTESIAN_POINT('Ctrl Pts',(-105.203999776512,14.9815470011759,15.5000007152557));
#5606=CARTESIAN_POINT('Ctrl Pts',(-109.517607427451,15.6425218408185,13.9999997615814));
#5607=CARTESIAN_POINT('Ctrl Pts',(-109.517607427451,15.6425218408185,14.5000000794728));
#5608=CARTESIAN_POINT('Ctrl Pts',(-109.517607427451,15.6425218408185,15.0000003973643));
#5609=CARTESIAN_POINT('Ctrl Pts',(-109.517607427451,15.6425218408185,15.5000007152557));
#5610=CARTESIAN_POINT('Ctrl Pts',(-113.735732447131,16.1723997562854,13.9999997615814));
#5611=CARTESIAN_POINT('Ctrl Pts',(-113.735732447131,16.1723997562854,14.5000000794728));
#5612=CARTESIAN_POINT('Ctrl Pts',(-113.735732447131,16.1723997562854,15.0000003973643));
#5613=CARTESIAN_POINT('Ctrl Pts',(-113.735732447131,16.1723997562854,15.5000007152557));
#5614=CARTESIAN_POINT('Ctrl Pts',(-118.151836473585,16.6678279224333,13.9999997615814));
#5615=CARTESIAN_POINT('Ctrl Pts',(-118.151836473585,16.6678279224333,14.5000000794728));
#5616=CARTESIAN_POINT('Ctrl Pts',(-118.151836473585,16.6678279224333,15.0000003973643));
#5617=CARTESIAN_POINT('Ctrl Pts',(-118.151836473585,16.6678279224333,15.5000007152557));
#5618=CARTESIAN_POINT('Ctrl Pts',(-122.80057957323,17.1739499067035,13.9999997615814));
#5619=CARTESIAN_POINT('Ctrl Pts',(-122.80057957323,17.1739499067035,14.5000000794728));
#5620=CARTESIAN_POINT('Ctrl Pts',(-122.800579573231,17.1739499067035,15.0000003973643));
#5621=CARTESIAN_POINT('Ctrl Pts',(-122.800579573231,17.1739499067035,15.5000007152557));
#5622=CARTESIAN_POINT('Ctrl Pts',(-126.911148621418,17.7559293195992,13.9999997615814));
#5623=CARTESIAN_POINT('Ctrl Pts',(-126.911148621418,17.7559293195992,14.5000000794728));
#5624=CARTESIAN_POINT('Ctrl Pts',(-126.911148621418,17.7559293195992,15.0000003973643));
#5625=CARTESIAN_POINT('Ctrl Pts',(-126.911148621417,17.7559293195992,15.5000007152558));
#5626=CARTESIAN_POINT('Ctrl Pts',(-129.423060416194,18.0962154451447,13.9999997615813));
#5627=CARTESIAN_POINT('Ctrl Pts',(-129.423060416194,18.0962154451447,14.5000000794728));
#5628=CARTESIAN_POINT('Ctrl Pts',(-129.423060416195,18.0962154451447,15.0000003973643));
#5629=CARTESIAN_POINT('Ctrl Pts',(-129.423060416195,18.0962154451447,15.5000007152557));
#5630=CARTESIAN_POINT('Ctrl Pts',(-130.326153598467,18.2626114043354,13.9999997615814));
#5631=CARTESIAN_POINT('Ctrl Pts',(-130.326153598467,18.2626114043354,14.5000000794728));
#5632=CARTESIAN_POINT('Ctrl Pts',(-130.326153598467,18.2626114043355,15.0000003973643));
#5633=CARTESIAN_POINT('Ctrl Pts',(-130.326153598467,18.2626114043355,15.5000007152557));
#5634=CARTESIAN_POINT('Ctrl Pts',(-130.415650361907,18.2931416516455,13.9999997615814));
#5635=CARTESIAN_POINT('Ctrl Pts',(-130.415650361907,18.2931416516455,14.5000000794728));
#5636=CARTESIAN_POINT('Ctrl Pts',(-130.415650361907,18.2931416516455,15.0000003973643));
#5637=CARTESIAN_POINT('Ctrl Pts',(-130.415650361907,18.2931416516455,15.5000007152557));
#5638=CARTESIAN_POINT('Ctrl Pts',(-130.507439076695,18.3371563515618,13.9999997615814));
#5639=CARTESIAN_POINT('Ctrl Pts',(-130.507439076695,18.3371563515618,14.5000000794728));
#5640=CARTESIAN_POINT('Ctrl Pts',(-130.507439076695,18.3371563515618,15.0000003973643));
#5641=CARTESIAN_POINT('Ctrl Pts',(-130.507439076695,18.3371563515618,15.5000007152557));
#5642=CARTESIAN_POINT('Ctrl Pts',(-130.59887029943,18.3986823749927,13.9999997615814));
#5643=CARTESIAN_POINT('Ctrl Pts',(-130.59887029943,18.3986823749927,14.5000000794728));
#5644=CARTESIAN_POINT('Ctrl Pts',(-130.59887029943,18.3986823749927,15.0000003973643));
#5645=CARTESIAN_POINT('Ctrl Pts',(-130.59887029943,18.3986823749927,15.5000007152557));
#5646=CARTESIAN_POINT('Ctrl Pts',(-130.679827867775,18.4723136936535,13.9999997615814));
#5647=CARTESIAN_POINT('Ctrl Pts',(-130.679827867775,18.4723136936535,14.5000000794728));
#5648=CARTESIAN_POINT('Ctrl Pts',(-130.679827867775,18.4723136936535,15.0000003973643));
#5649=CARTESIAN_POINT('Ctrl Pts',(-130.679827867775,18.4723136936535,15.5000007152557));
#5650=CARTESIAN_POINT('Ctrl Pts',(-130.748985161055,18.5572092761401,13.9999997615814));
#5651=CARTESIAN_POINT('Ctrl Pts',(-130.748985161055,18.5572092761401,14.5000000794728));
#5652=CARTESIAN_POINT('Ctrl Pts',(-130.748985161055,18.5572092761401,15.0000003973643));
#5653=CARTESIAN_POINT('Ctrl Pts',(-130.748985161055,18.5572092761401,15.5000007152557));
#5654=CARTESIAN_POINT('Ctrl Pts',(-130.805032335847,18.6524140166309,13.9999997615814));
#5655=CARTESIAN_POINT('Ctrl Pts',(-130.805032335847,18.6524140166309,14.5000000794728));
#5656=CARTESIAN_POINT('Ctrl Pts',(-130.805032335847,18.6524140166309,15.0000003973643));
#5657=CARTESIAN_POINT('Ctrl Pts',(-130.805032335847,18.6524140166309,15.5000007152557));
#5658=CARTESIAN_POINT('Ctrl Pts',(-130.861462180811,18.7942230735726,13.9999997615814));
#5659=CARTESIAN_POINT('Ctrl Pts',(-130.861462180811,18.7942230735726,14.5000000794728));
#5660=CARTESIAN_POINT('Ctrl Pts',(-130.861462180811,18.7942230735726,15.0000003973643));
#5661=CARTESIAN_POINT('Ctrl Pts',(-130.861462180811,18.7942230735726,15.5000007152557));
#5662=CARTESIAN_POINT('Ctrl Pts',(-130.878258061594,18.9099883070647,13.9999997615814));
#5663=CARTESIAN_POINT('Ctrl Pts',(-130.878258061594,18.9099883070648,14.5000000794729));
#5664=CARTESIAN_POINT('Ctrl Pts',(-130.878258061594,18.9099883070647,15.0000003973643));
#5665=CARTESIAN_POINT('Ctrl Pts',(-130.878258061594,18.9099883070647,15.5000007152557));
#5666=CARTESIAN_POINT('Ctrl Pts',(-130.878148078918,18.9882409572601,13.9999997615814));
#5667=CARTESIAN_POINT('Ctrl Pts',(-130.878148078918,18.9882409572601,14.5000000794729));
#5668=CARTESIAN_POINT('Ctrl Pts',(-130.878148078918,18.9882409572601,15.0000003973643));
#5669=CARTESIAN_POINT('Ctrl Pts',(-130.878148078918,18.9882409572601,15.5000007152557));
#5670=CARTESIAN_POINT('Ctrl Pts',(-43.7295414889373,44.1262220033423,15.6508208061763));
#5671=CARTESIAN_POINT('Ctrl Pts',(-43.7305901683359,44.1259424506118,15.6208258790558));
#5672=CARTESIAN_POINT('Ctrl Pts',(-43.7316388477344,44.1256628978812,15.5908309519354));
#5673=CARTESIAN_POINT('Ctrl Pts',(-43.7326875271329,44.1253833451506,15.5608360248149));
#5674=CARTESIAN_POINT('Ctrl Pts',(-43.7337362065314,44.1251037924201,15.5308410976944));
#5675=CARTESIAN_POINT('Ctrl Pts',(-43.7347848859299,44.1248242396895,15.5008461705739));
#5676=CARTESIAN_POINT('Ctrl Pts',(-43.7452716799151,44.1220287123838,15.2008968993692));
#5677=CARTESIAN_POINT('Ctrl Pts',(-43.7431802316651,44.1296555701002,14.8991336747217));
#5678=CARTESIAN_POINT('Ctrl Pts',(-43.7431802316665,44.1296555701001,14.6008668021082));
#5679=CARTESIAN_POINT('Ctrl Pts',(-43.7452716799151,44.1220287123839,14.2991035774607));
#5680=CARTESIAN_POINT('Ctrl Pts',(-43.7347848859299,44.1248242396895,13.9991543062561));
#5681=CARTESIAN_POINT('Ctrl Pts',(-43.7336313385916,44.1251317476931,13.9661598864236));
#5682=CARTESIAN_POINT('Ctrl Pts',(-43.7324777912532,44.1254392556967,13.9331654665911));
#5683=CARTESIAN_POINT('Ctrl Pts',(-43.7313242439148,44.1257467637003,13.9001710467586));
#5684=CARTESIAN_POINT('Ctrl Pts',(-43.7301706965765,44.1260542717039,13.8671766269261));
#5685=CARTESIAN_POINT('Ctrl Pts',(-43.7290171492381,44.1263617797075,13.8341822070935));
#5686=CARTESIAN_POINT('Ctrl Pts',(-44.6562157381446,44.6595597623365,15.6507906483915));
#5687=CARTESIAN_POINT('Ctrl Pts',(-44.657055035959,44.6593360257003,15.6207902524617));
#5688=CARTESIAN_POINT('Ctrl Pts',(-44.6578943337735,44.6591122890642,15.5907898565318));
#5689=CARTESIAN_POINT('Ctrl Pts',(-44.658733631588,44.658888552428,15.560789460602));
#5690=CARTESIAN_POINT('Ctrl Pts',(-44.6595729294025,44.6586648157918,15.5307890646722));
#5691=CARTESIAN_POINT('Ctrl Pts',(-44.6604122272169,44.6584410791556,15.5007886687423));
#5692=CARTESIAN_POINT('Ctrl Pts',(-44.6688052053616,44.6562037127939,15.2007847094441));
#5693=CARTESIAN_POINT('Ctrl Pts',(-44.6671313402444,44.6623077756,14.8993289744968));
#5694=CARTESIAN_POINT('Ctrl Pts',(-44.667131340245,44.6623077755996,14.6006715023347));
#5695=CARTESIAN_POINT('Ctrl Pts',(-44.6688052053618,44.6562037127941,14.2992157673874));
#5696=CARTESIAN_POINT('Ctrl Pts',(-44.6604122272169,44.6584410791556,13.9992118080892));
#5697=CARTESIAN_POINT('Ctrl Pts',(-44.659488999621,44.6586871894554,13.9662113725664));
#5698=CARTESIAN_POINT('Ctrl Pts',(-44.658565772025,44.6589332997551,13.9332109370436));
#5699=CARTESIAN_POINT('Ctrl Pts',(-44.6576425444291,44.6591794100549,13.9002105015208));
#5700=CARTESIAN_POINT('Ctrl Pts',(-44.6567193168332,44.6594255203547,13.867210065998));
#5701=CARTESIAN_POINT('Ctrl Pts',(-44.6557960892372,44.6596716306544,13.8342096304752));
#5702=CARTESIAN_POINT('Ctrl Pts',(-45.5828899873518,45.1928975213307,15.6507604906067));
#5703=CARTESIAN_POINT('Ctrl Pts',(-45.5835199035822,45.1927296007889,15.6207546258675));
#5704=CARTESIAN_POINT('Ctrl Pts',(-45.5841498198127,45.1925616802471,15.5907487611283));
#5705=CARTESIAN_POINT('Ctrl Pts',(-45.584779736043,45.1923937597053,15.5607428963891));
#5706=CARTESIAN_POINT('Ctrl Pts',(-45.5854096522735,45.1922258391635,15.5307370316499));
#5707=CARTESIAN_POINT('Ctrl Pts',(-45.5860395685039,45.1920579186218,15.5007311669108));
#5708=CARTESIAN_POINT('Ctrl Pts',(-45.592338730808,45.190378713204,15.2006725195189));
#5709=CARTESIAN_POINT('Ctrl Pts',(-45.5910824488236,45.1949599810997,14.8995242742719));
#5710=CARTESIAN_POINT('Ctrl Pts',(-45.5910824488235,45.194959981099,14.6004762025611));
#5711=CARTESIAN_POINT('Ctrl Pts',(-45.5923387308086,45.1903787132042,14.2993279573141));
#5712=CARTESIAN_POINT('Ctrl Pts',(-45.5860395685039,45.1920579186217,13.9992693099223));
#5713=CARTESIAN_POINT('Ctrl Pts',(-45.5853466606504,45.1922426312177,13.9662628587092));
#5714=CARTESIAN_POINT('Ctrl Pts',(-45.5846537527969,45.1924273438136,13.9332564074962));
#5715=CARTESIAN_POINT('Ctrl Pts',(-45.5839608449433,45.1926120564095,13.9002499562831));
#5716=CARTESIAN_POINT('Ctrl Pts',(-45.5832679370898,45.1927967690054,13.86724350507));
#5717=CARTESIAN_POINT('Ctrl Pts',(-45.5825750292363,45.1929814816014,13.8342370538569));
#5718=CARTESIAN_POINT('Ctrl Pts',(-46.509564236559,45.7262352803248,15.6507303328219));
#5719=CARTESIAN_POINT('Ctrl Pts',(-46.5099847712054,45.7261231758774,15.6207189992733));
#5720=CARTESIAN_POINT('Ctrl Pts',(-46.5104053058518,45.7260110714301,15.5907076657248));
#5721=CARTESIAN_POINT('Ctrl Pts',(-46.5108258404981,45.7258989669827,15.5606963321762));
#5722=CARTESIAN_POINT('Ctrl Pts',(-46.5112463751445,45.7257868625353,15.5306849986277));
#5723=CARTESIAN_POINT('Ctrl Pts',(-46.5116669097909,45.7256747580879,15.5006736650792));
#5724=CARTESIAN_POINT('Ctrl Pts',(-46.5158722562545,45.724553713614,15.2005603295938));
#5725=CARTESIAN_POINT('Ctrl Pts',(-46.5150335574029,45.7276121865994,14.899719574047));
#5726=CARTESIAN_POINT('Ctrl Pts',(-46.5150335574019,45.7276121865984,14.6002809027876));
#5727=CARTESIAN_POINT('Ctrl Pts',(-46.5158722562553,45.7245537136144,14.2994401472408));
#5728=CARTESIAN_POINT('Ctrl Pts',(-46.5116669097909,45.7256747580879,13.9993268117555));
#5729=CARTESIAN_POINT('Ctrl Pts',(-46.5112043216798,45.7257980729799,13.9663143448521));
#5730=CARTESIAN_POINT('Ctrl Pts',(-46.5107417335687,45.725921387872,13.9333018779487));
#5731=CARTESIAN_POINT('Ctrl Pts',(-46.5102791454576,45.7260447027641,13.9002894110453));
#5732=CARTESIAN_POINT('Ctrl Pts',(-46.5098165573465,45.7261680176562,13.8672769441419));
#5733=CARTESIAN_POINT('Ctrl Pts',(-46.5093539692354,45.7262913325483,13.8342644772385));
#5734=CARTESIAN_POINT('Ctrl Pts',(-47.4362384857663,46.259573039319,15.650700175037));
#5735=CARTESIAN_POINT('Ctrl Pts',(-47.4364496388286,46.259516750966,15.6206833726792));
#5736=CARTESIAN_POINT('Ctrl Pts',(-47.4366607918909,46.259460462613,15.5906665703213));
#5737=CARTESIAN_POINT('Ctrl Pts',(-47.4368719449532,46.25940417426,15.5606497679634));
#5738=CARTESIAN_POINT('Ctrl Pts',(-47.4370830980155,46.259347885907,15.5306329656055));
#5739=CARTESIAN_POINT('Ctrl Pts',(-47.4372942510778,46.259291597554,15.5006161632476));
#5740=CARTESIAN_POINT('Ctrl Pts',(-47.4394057817009,46.2587287140241,15.2004481396687));
#5741=CARTESIAN_POINT('Ctrl Pts',(-47.4389846659821,46.2602643920992,14.8999148738221));
#5742=CARTESIAN_POINT('Ctrl Pts',(-47.4389846659804,46.2602643920978,14.600085603014));
#5743=CARTESIAN_POINT('Ctrl Pts',(-47.4394057817021,46.2587287140246,14.2995523371675));
#5744=CARTESIAN_POINT('Ctrl Pts',(-47.4372942510779,46.259291597554,13.9993843135886));
#5745=CARTESIAN_POINT('Ctrl Pts',(-47.4370619827092,46.2593535147422,13.9663658309949));
#5746=CARTESIAN_POINT('Ctrl Pts',(-47.4368297143405,46.2594154319305,13.9333473484012));
#5747=CARTESIAN_POINT('Ctrl Pts',(-47.4365974459719,46.2594773491187,13.9003288658075));
#5748=CARTESIAN_POINT('Ctrl Pts',(-47.4363651776032,46.2595392663069,13.8673103832139));
#5749=CARTESIAN_POINT('Ctrl Pts',(-47.4361329092345,46.2596011834952,13.8342919006202));
#5750=CARTESIAN_POINT('Ctrl Pts',(-48.3629127349735,46.7929107983132,15.6506700172522));
#5751=CARTESIAN_POINT('Ctrl Pts',(-48.3629145064518,46.7929103260546,15.620647746085));
#5752=CARTESIAN_POINT('Ctrl Pts',(-48.36291627793,46.792909853796,15.5906254749177));
#5753=CARTESIAN_POINT('Ctrl Pts',(-48.3629180494083,46.7929093815374,15.5606032037505));
#5754=CARTESIAN_POINT('Ctrl Pts',(-48.3629198208865,46.7929089092788,15.5305809325832));
#5755=CARTESIAN_POINT('Ctrl Pts',(-48.3629215923648,46.7929084370202,15.500558661416));
#5756=CARTESIAN_POINT('Ctrl Pts',(-48.3629393071474,46.7929037144342,15.2003359497435));
#5757=CARTESIAN_POINT('Ctrl Pts',(-48.3629357745613,46.7929165975989,14.9001101735972));
#5758=CARTESIAN_POINT('Ctrl Pts',(-48.3629357745589,46.7929165975972,14.5998903032405));
#5759=CARTESIAN_POINT('Ctrl Pts',(-48.3629393071489,46.7929037144348,14.2996645270942));
#5760=CARTESIAN_POINT('Ctrl Pts',(-48.3629215923649,46.7929084370201,13.9994418154217));
#5761=CARTESIAN_POINT('Ctrl Pts',(-48.3629196437386,46.7929089565045,13.9664173171377));
#5762=CARTESIAN_POINT('Ctrl Pts',(-48.3629176951124,46.7929094759889,13.9333928188538));
#5763=CARTESIAN_POINT('Ctrl Pts',(-48.3629157464861,46.7929099954733,13.9003683205698));
#5764=CARTESIAN_POINT('Ctrl Pts',(-48.3629137978599,46.7929105149577,13.8673438222858));
#5765=CARTESIAN_POINT('Ctrl Pts',(-48.3629118492336,46.7929110344421,13.8343193240018));
#5766=CARTESIAN_POINT('Ctrl Pts',(-52.5853139503627,49.2230700519198,15.6505326029803));
#5767=CARTESIAN_POINT('Ctrl Pts',(-52.584361672394,49.2233239062975,15.6204854131242));
#5768=CARTESIAN_POINT('Ctrl Pts',(-52.5834093944253,49.2235777606753,15.5904382232682));
#5769=CARTESIAN_POINT('Ctrl Pts',(-52.5824571164566,49.2238316150531,15.5603910334121));
#5770=CARTESIAN_POINT('Ctrl Pts',(-52.5815048384879,49.2240854694308,15.530343843556));
#5771=CARTESIAN_POINT('Ctrl Pts',(-52.5805525605191,49.2243393238086,15.5002966536999));
#5772=CARTESIAN_POINT('Ctrl Pts',(-52.571029780832,49.2268778675862,15.1998247551391));
#5773=CARTESIAN_POINT('Ctrl Pts',(-52.5729289702962,49.219952119311,14.9010000591297));
#5774=CARTESIAN_POINT('Ctrl Pts',(-52.5729289702902,49.2199521193079,14.599000417715));
#5775=CARTESIAN_POINT('Ctrl Pts',(-52.5710297808349,49.2268778675874,14.3001757217057));
#5776=CARTESIAN_POINT('Ctrl Pts',(-52.5805525605193,49.2243393238086,13.9997038231448));
#5777=CARTESIAN_POINT('Ctrl Pts',(-52.5816000662845,49.2240600839929,13.9666519143031));
#5778=CARTESIAN_POINT('Ctrl Pts',(-52.5826475720498,49.2237808441773,13.9336000054614));
#5779=CARTESIAN_POINT('Ctrl Pts',(-52.5836950778151,49.2235016043616,13.9005480966197));
#5780=CARTESIAN_POINT('Ctrl Pts',(-52.5847425835804,49.2232223645459,13.867496187778));
#5781=CARTESIAN_POINT('Ctrl Pts',(-52.5857900893456,49.2229431247303,13.8344442789363));
#5782=CARTESIAN_POINT('Ctrl Pts',(-56.5949050629568,51.9405410150952,15.6296189387195));
#5783=CARTESIAN_POINT('Ctrl Pts',(-56.5929561194573,51.9410788395606,15.600223629365));
#5784=CARTESIAN_POINT('Ctrl Pts',(-56.5910071759579,51.941616664026,15.5708283200105));
#5785=CARTESIAN_POINT('Ctrl Pts',(-56.5890582324584,51.9421544884914,15.541433010656));
#5786=CARTESIAN_POINT('Ctrl Pts',(-56.5871092889589,51.9426923129569,15.5120377013015));
#5787=CARTESIAN_POINT('Ctrl Pts',(-56.5851603454595,51.9432301374223,15.4826423919469));
#5788=CARTESIAN_POINT('Ctrl Pts',(-56.5656709104648,51.9486083820764,15.1886892984018));
#5789=CARTESIAN_POINT('Ctrl Pts',(-56.5692798490275,51.9347844791155,14.8982971184691));
#5790=CARTESIAN_POINT('Ctrl Pts',(-56.5692798490173,51.9347844791126,14.6017033583529));
#5791=CARTESIAN_POINT('Ctrl Pts',(-56.5656709104695,51.9486083820775,14.3113111784202));
#5792=CARTESIAN_POINT('Ctrl Pts',(-56.5851603454597,51.9432301374223,14.017358084875));
#5793=CARTESIAN_POINT('Ctrl Pts',(-56.5873041833087,51.9426385305102,13.985023244585));
#5794=CARTESIAN_POINT('Ctrl Pts',(-56.5894480211576,51.9420469235981,13.9526884042951));
#5795=CARTESIAN_POINT('Ctrl Pts',(-56.5915918590065,51.9414553166861,13.9203535640051));
#5796=CARTESIAN_POINT('Ctrl Pts',(-56.5937356968554,51.940863709774,13.8880187237151));
#5797=CARTESIAN_POINT('Ctrl Pts',(-56.5958795347044,51.9402721028619,13.8556838834252));
#5798=CARTESIAN_POINT('Ctrl Pts',(-61.4230590327006,53.6157679568089,15.6949699401892));
#5799=CARTESIAN_POINT('Ctrl Pts',(-61.4204236320395,53.6161662190431,15.6633765177065));
#5800=CARTESIAN_POINT('Ctrl Pts',(-61.4177882313783,53.6165644812774,15.6317830952238));
#5801=CARTESIAN_POINT('Ctrl Pts',(-61.4151528307172,53.6169627435116,15.600189672741));
#5802=CARTESIAN_POINT('Ctrl Pts',(-61.412517430056,53.6173610057459,15.5685962502583));
#5803=CARTESIAN_POINT('Ctrl Pts',(-61.4098820293949,53.6177592679801,15.5370028277756));
#5804=CARTESIAN_POINT('Ctrl Pts',(-61.3835280227835,53.6217418903226,15.2210686029486));
#5805=CARTESIAN_POINT('Ctrl Pts',(-61.3870564291722,53.6030024948201,14.9095904133594));
#5806=CARTESIAN_POINT('Ctrl Pts',(-61.3870564291573,53.6030024948179,14.5904100634941));
#5807=CARTESIAN_POINT('Ctrl Pts',(-61.3835280227896,53.6217418903233,14.2789318739049));
#5808=CARTESIAN_POINT('Ctrl Pts',(-61.4098820293947,53.6177592679797,13.9629976490779));
#5809=CARTESIAN_POINT('Ctrl Pts',(-61.4127809701212,53.6173211795219,13.9282448843469));
#5810=CARTESIAN_POINT('Ctrl Pts',(-61.4156799108478,53.6168830910642,13.8934921196159));
#5811=CARTESIAN_POINT('Ctrl Pts',(-61.4185788515744,53.6164450026064,13.858739354885));
#5812=CARTESIAN_POINT('Ctrl Pts',(-61.4214777923009,53.6160069141486,13.823986590154));
#5813=CARTESIAN_POINT('Ctrl Pts',(-61.4243767330275,53.6155688256908,13.789233825423));
#5814=CARTESIAN_POINT('Ctrl Pts',(-64.7943182188314,57.2241811982057,15.6215929034606));
#5815=CARTESIAN_POINT('Ctrl Pts',(-64.7916593938306,57.2235631901199,15.5924923687182));
#5816=CARTESIAN_POINT('Ctrl Pts',(-64.7890005688297,57.2229451820341,15.5633918339757));
#5817=CARTESIAN_POINT('Ctrl Pts',(-64.7863417438289,57.2223271739483,15.5342912992333));
#5818=CARTESIAN_POINT('Ctrl Pts',(-64.783682918828,57.2217091658625,15.5051907644909));
#5819=CARTESIAN_POINT('Ctrl Pts',(-64.7810240938272,57.2210911577767,15.4760902297484));
#5820=CARTESIAN_POINT('Ctrl Pts',(-64.7544358438186,57.2149110769187,15.185084882324));
#5821=CARTESIAN_POINT('Ctrl Pts',(-64.7544961284402,57.195181036409,14.8971300688563));
#5822=CARTESIAN_POINT('Ctrl Pts',(-64.7544961284216,57.1951810364071,14.6028704079743));
#5823=CARTESIAN_POINT('Ctrl Pts',(-64.7544358438261,57.2149110769199,14.3149155945065));
#5824=CARTESIAN_POINT('Ctrl Pts',(-64.7810240938271,57.221091157777,14.0239102470822));
#5825=CARTESIAN_POINT('Ctrl Pts',(-64.7839488013271,57.2217709666713,13.9918996588656));
#5826=CARTESIAN_POINT('Ctrl Pts',(-64.7868735088273,57.2224507755655,13.9598890706489));
#5827=CARTESIAN_POINT('Ctrl Pts',(-64.7897982163274,57.2231305844598,13.9278784824322));
#5828=CARTESIAN_POINT('Ctrl Pts',(-64.7927229238275,57.2238103933541,13.8958678942155));
#5829=CARTESIAN_POINT('Ctrl Pts',(-64.7956476313276,57.2244902022484,13.8638573059989));
#5830=CARTESIAN_POINT('Ctrl Pts',(-68.7540600856568,60.0750370358598,15.6500762714948));
#5831=CARTESIAN_POINT('Ctrl Pts',(-68.7523936935911,60.072072873595,15.6201812482996));
#5832=CARTESIAN_POINT('Ctrl Pts',(-68.7507273015253,60.0691087113301,15.5902862251043));
#5833=CARTESIAN_POINT('Ctrl Pts',(-68.7490609094596,60.0661445490652,15.560391201909));
#5834=CARTESIAN_POINT('Ctrl Pts',(-68.7473945173938,60.0631803868004,15.5304961787138));
#5835=CARTESIAN_POINT('Ctrl Pts',(-68.745728125328,60.0602162245355,15.5006011555185));
#5836=CARTESIAN_POINT('Ctrl Pts',(-68.7290642046704,60.030574601887,15.2016509235658));
#5837=CARTESIAN_POINT('Ctrl Pts',(-68.7206714696111,60.0157209492939,14.900763067911));
#5838=CARTESIAN_POINT('Ctrl Pts',(-68.7206714695902,60.0157209492902,14.5992374089267));
#5839=CARTESIAN_POINT('Ctrl Pts',(-68.7290642046788,60.0305746018885,14.2983495532719));
#5840=CARTESIAN_POINT('Ctrl Pts',(-68.745728125328,60.0602162245354,13.9993993213192));
#5841=CARTESIAN_POINT('Ctrl Pts',(-68.7475611565994,60.0634768030266,13.9665147958044));
#5842=CARTESIAN_POINT('Ctrl Pts',(-68.7493941878708,60.0667373815178,13.9336302702896));
#5843=CARTESIAN_POINT('Ctrl Pts',(-68.7512272191423,60.0699979600089,13.9007457447748));
#5844=CARTESIAN_POINT('Ctrl Pts',(-68.7530602504137,60.0732585385001,13.86786121926));
#5845=CARTESIAN_POINT('Ctrl Pts',(-68.7548932816851,60.0765191169912,13.8349766937452));
#5846=CARTESIAN_POINT('Ctrl Pts',(-69.6231059923755,60.7007153451241,15.6563275260544));
#5847=CARTESIAN_POINT('Ctrl Pts',(-69.6216574099067,60.6972362715962,15.6262581362057));
#5848=CARTESIAN_POINT('Ctrl Pts',(-69.6202088274378,60.6937571980684,15.596188746357));
#5849=CARTESIAN_POINT('Ctrl Pts',(-69.618760244969,60.6902781245405,15.5661193565082));
#5850=CARTESIAN_POINT('Ctrl Pts',(-69.6173116625001,60.6867990510126,15.5360499666595));
#5851=CARTESIAN_POINT('Ctrl Pts',(-69.6158630800313,60.6833199774848,15.5059805768108));
#5852=CARTESIAN_POINT('Ctrl Pts',(-69.6013772553429,60.6485292422061,15.2052866783235));
#5853=CARTESIAN_POINT('Ctrl Pts',(-69.5911293331527,60.634745812143,14.9015604034606));
#5854=CARTESIAN_POINT('Ctrl Pts',(-69.5911293331312,60.6347458121389,14.5984400733787));
#5855=CARTESIAN_POINT('Ctrl Pts',(-69.6013772553515,60.6485292422077,14.2947137985157));
#5856=CARTESIAN_POINT('Ctrl Pts',(-69.6158630800313,60.6833199774846,13.9940199000285));
#5857=CARTESIAN_POINT('Ctrl Pts',(-69.6174565207461,60.687146958365,13.9609435711949));
#5858=CARTESIAN_POINT('Ctrl Pts',(-69.6190499614609,60.6909739392455,13.9278672423613));
#5859=CARTESIAN_POINT('Ctrl Pts',(-69.6206434021756,60.694800920126,13.8947909135277));
#5860=CARTESIAN_POINT('Ctrl Pts',(-69.6222368428904,60.6986279010064,13.8617145846941));
#5861=CARTESIAN_POINT('Ctrl Pts',(-69.6238302836052,60.7024548818869,13.8286382558605));
#5862=CARTESIAN_POINT('Ctrl Pts',(-70.4921518990942,61.3263936543884,15.662578780614));
#5863=CARTESIAN_POINT('Ctrl Pts',(-70.4909211262222,61.3223996695975,15.6323350241118));
#5864=CARTESIAN_POINT('Ctrl Pts',(-70.4896903533503,61.3184056848066,15.6020912676096));
#5865=CARTESIAN_POINT('Ctrl Pts',(-70.4884595804784,61.3144117000157,15.5718475111074));
#5866=CARTESIAN_POINT('Ctrl Pts',(-70.4872288076065,61.3104177152249,15.5416037546053));
#5867=CARTESIAN_POINT('Ctrl Pts',(-70.4859980347346,61.306423730434,15.5113599981031));
#5868=CARTESIAN_POINT('Ctrl Pts',(-70.4736903060154,61.2664838825252,15.2089224330813));
#5869=CARTESIAN_POINT('Ctrl Pts',(-70.4615871966942,61.253770674992,14.9023577390102));
#5870=CARTESIAN_POINT('Ctrl Pts',(-70.4615871966723,61.2537706749875,14.5976427378306));
#5871=CARTESIAN_POINT('Ctrl Pts',(-70.4736903060241,61.2664838825269,14.2910780437596));
#5872=CARTESIAN_POINT('Ctrl Pts',(-70.4859980347346,61.3064237304337,13.9886404787377));
#5873=CARTESIAN_POINT('Ctrl Pts',(-70.4873518848927,61.3108171137035,13.9553723465853));
#5874=CARTESIAN_POINT('Ctrl Pts',(-70.4887057350509,61.3152104969732,13.9221042144329));
#5875=CARTESIAN_POINT('Ctrl Pts',(-70.490059585209,61.319603880243,13.8888360822805));
#5876=CARTESIAN_POINT('Ctrl Pts',(-70.4914134353672,61.3239972635127,13.8555679501281));
#5877=CARTESIAN_POINT('Ctrl Pts',(-70.4927672855253,61.3283906467825,13.8222998179757));
#5878=CARTESIAN_POINT('Ctrl Pts',(-71.3611978058128,61.9520719636527,15.6688300351735));
#5879=CARTESIAN_POINT('Ctrl Pts',(-71.3601848425378,61.9475630675988,15.6384119120179));
#5880=CARTESIAN_POINT('Ctrl Pts',(-71.3591718792628,61.9430541715449,15.6079937888623));
#5881=CARTESIAN_POINT('Ctrl Pts',(-71.3581589159878,61.938545275491,15.5775756657066));
#5882=CARTESIAN_POINT('Ctrl Pts',(-71.3571459527128,61.9340363794371,15.547157542551));
#5883=CARTESIAN_POINT('Ctrl Pts',(-71.3561329894378,61.9295274833832,15.5167394193954));
#5884=CARTESIAN_POINT('Ctrl Pts',(-71.3460033566879,61.8844385228443,15.212558187839));
#5885=CARTESIAN_POINT('Ctrl Pts',(-71.3320450602358,61.872795537841,14.9031550745598));
#5886=CARTESIAN_POINT('Ctrl Pts',(-71.3320450602134,61.8727955378362,14.5968454022826));
#5887=CARTESIAN_POINT('Ctrl Pts',(-71.3460033566968,61.8844385228461,14.2874422890034));
#5888=CARTESIAN_POINT('Ctrl Pts',(-71.3561329894379,61.9295274833829,13.983261057447));
#5889=CARTESIAN_POINT('Ctrl Pts',(-71.3572472490394,61.9344872690419,13.9498011219758));
#5890=CARTESIAN_POINT('Ctrl Pts',(-71.3583615086409,61.9394470547009,13.9163411865046));
#5891=CARTESIAN_POINT('Ctrl Pts',(-71.3594757682424,61.94440684036,13.8828812510334));
#5892=CARTESIAN_POINT('Ctrl Pts',(-71.3605900278439,61.949366626019,13.8494213155622));
#5893=CARTESIAN_POINT('Ctrl Pts',(-71.3617042874454,61.9543264116781,13.815961380091));
#5894=CARTESIAN_POINT('Ctrl Pts',(-72.2302437125315,62.577750272917,15.6750812897331));
#5895=CARTESIAN_POINT('Ctrl Pts',(-72.2294485588534,62.5727264656001,15.644488799924));
#5896=CARTESIAN_POINT('Ctrl Pts',(-72.2286534051753,62.5677026582832,15.6138963101149));
#5897=CARTESIAN_POINT('Ctrl Pts',(-72.2278582514973,62.5626788509663,15.5833038203058));
#5898=CARTESIAN_POINT('Ctrl Pts',(-72.2270630978191,62.5576550436493,15.5527113304967));
#5899=CARTESIAN_POINT('Ctrl Pts',(-72.2262679441411,62.5526312363324,15.5221188406876));
#5900=CARTESIAN_POINT('Ctrl Pts',(-72.2183164073603,62.5023931631634,15.2161939425967));
#5901=CARTESIAN_POINT('Ctrl Pts',(-72.2025029237774,62.4918204006901,14.9039524101093));
#5902=CARTESIAN_POINT('Ctrl Pts',(-72.2025029237545,62.4918204006848,14.5960480667346));
#5903=CARTESIAN_POINT('Ctrl Pts',(-72.2183164073695,62.5023931631653,14.2838065342472));
#5904=CARTESIAN_POINT('Ctrl Pts',(-72.2262679441411,62.552631236332,13.9778816361563));
#5905=CARTESIAN_POINT('Ctrl Pts',(-72.227142613186,62.5581574243803,13.9442298973663));
#5906=CARTESIAN_POINT('Ctrl Pts',(-72.2280172822309,62.5636836124287,13.9105781585763));
#5907=CARTESIAN_POINT('Ctrl Pts',(-72.2288919512758,62.569209800477,13.8769264197862));
#5908=CARTESIAN_POINT('Ctrl Pts',(-72.2297666203207,62.5747359885253,13.8432746809962));
#5909=CARTESIAN_POINT('Ctrl Pts',(-72.2306412893656,62.5802621765737,13.8096229422062));
#5910=CARTESIAN_POINT('Ctrl Pts',(-73.0992896192501,63.2034285821812,15.6813325442927));
#5911=CARTESIAN_POINT('Ctrl Pts',(-73.098712275169,63.1978898636013,15.6505656878301));
#5912=CARTESIAN_POINT('Ctrl Pts',(-73.0981349310878,63.1923511450214,15.6197988313676));
#5913=CARTESIAN_POINT('Ctrl Pts',(-73.0975575870067,63.1868124264415,15.589031974905));
#5914=CARTESIAN_POINT('Ctrl Pts',(-73.0969802429255,63.1812737078616,15.5582651184425));
#5915=CARTESIAN_POINT('Ctrl Pts',(-73.0964028988443,63.1757349892817,15.5274982619799));
#5916=CARTESIAN_POINT('Ctrl Pts',(-73.0906294580328,63.1203478034825,15.2198296973545));
#5917=CARTESIAN_POINT('Ctrl Pts',(-73.072960787319,63.1108452635391,14.9047497456589));
#5918=CARTESIAN_POINT('Ctrl Pts',(-73.0729607872955,63.1108452635335,14.5952507311865));
#5919=CARTESIAN_POINT('Ctrl Pts',(-73.0906294580422,63.1203478034845,14.2801707794911));
#5920=CARTESIAN_POINT('Ctrl Pts',(-73.0964028988444,63.1757349892811,13.9725022148655));
#5921=CARTESIAN_POINT('Ctrl Pts',(-73.0970379773327,63.1818275797188,13.9386586727567));
#5922=CARTESIAN_POINT('Ctrl Pts',(-73.0976730558209,63.1879201701564,13.9048151306479));
#5923=CARTESIAN_POINT('Ctrl Pts',(-73.0983081343091,63.194012760594,13.8709715885391));
#5924=CARTESIAN_POINT('Ctrl Pts',(-73.0989432127974,63.2001053510317,13.8371280464303));
#5925=CARTESIAN_POINT('Ctrl Pts',(-73.0995782912857,63.2061979414693,13.8032845043215));
#5926=UNCERTAINTY_MEASURE_WITH_UNIT(LENGTH_MEASURE(0.01),#5930,
'DISTANCE_ACCURACY_VALUE',
'Maximum model space distance between geometric entities at asserted c
onnectivities');
#5927=UNCERTAINTY_MEASURE_WITH_UNIT(LENGTH_MEASURE(0.01),#5930,
'DISTANCE_ACCURACY_VALUE',
'Maximum model space distance between geometric entities at asserted c
onnectivities');
#5928=(
GEOMETRIC_REPRESENTATION_CONTEXT(3)
GLOBAL_UNCERTAINTY_ASSIGNED_CONTEXT((#5926))
GLOBAL_UNIT_ASSIGNED_CONTEXT((#5930,#5932,#5933))
REPRESENTATION_CONTEXT('','3D')
);
#5929=(
GEOMETRIC_REPRESENTATION_CONTEXT(3)
GLOBAL_UNCERTAINTY_ASSIGNED_CONTEXT((#5927))
GLOBAL_UNIT_ASSIGNED_CONTEXT((#5930,#5932,#5933))
REPRESENTATION_CONTEXT('','3D')
);
#5930=(
LENGTH_UNIT()
NAMED_UNIT(*)
SI_UNIT(.MILLI.,.METRE.)
);
#5931=(
LENGTH_UNIT()
NAMED_UNIT(*)
SI_UNIT($,.METRE.)
);
#5932=(
NAMED_UNIT(*)
PLANE_ANGLE_UNIT()
SI_UNIT($,.RADIAN.)
);
#5933=(
NAMED_UNIT(*)
SI_UNIT($,.STERADIAN.)
SOLID_ANGLE_UNIT()
);
#5934=SHAPE_DEFINITION_REPRESENTATION(#5935,#5936);
#5935=PRODUCT_DEFINITION_SHAPE('',$,#5938);
#5936=SHAPE_REPRESENTATION('',(#3510),#5928);
#5937=PRODUCT_DEFINITION_CONTEXT('part definition',#5942,'design');
#5938=PRODUCT_DEFINITION('Giris Plate','Giris Plate',#5939,#5937);
#5939=PRODUCT_DEFINITION_FORMATION('',$,#5944);
#5940=PRODUCT_RELATED_PRODUCT_CATEGORY('Giris Plate','Giris Plate',(#5944));
#5941=APPLICATION_PROTOCOL_DEFINITION('international standard',
'automotive_design',2009,#5942);
#5942=APPLICATION_CONTEXT(
'Core Data for Automotive Mechanical Design Process');
#5943=PRODUCT_CONTEXT('part definition',#5942,'mechanical');
#5944=PRODUCT('Giris Plate','Giris Plate',$,(#5943));
#5945=PRESENTATION_STYLE_ASSIGNMENT((#5946));
#5946=SURFACE_STYLE_USAGE(.BOTH.,#5947);
#5947=SURFACE_SIDE_STYLE('',(#5948));
#5948=SURFACE_STYLE_FILL_AREA(#5949);
#5949=FILL_AREA_STYLE('Steel - Satin',(#5950));
#5950=FILL_AREA_STYLE_COLOUR('Steel - Satin',#5951);
#5951=COLOUR_RGB('Steel - Satin',0.627450980392157,0.627450980392157,0.627450980392157);
ENDSEC;
END-ISO-10303-21;
